order_id,order_date,order_year,order_month,order_week,customer_id,customer_name,gender,age,city,state,region,country,signup_date,product_id,product_name,category,sub_category,quantity,unit_price,discount,discount_amount,gross_revenue,revenue,cost,shipping_cost,profit,profit_margin,payment_method,status,customer_order_count
765,2024-01-01,2024,2024-01,1,146,Customer_0146,Non-binary,58,Essaouira,Marrakesh-Safi,North Africa,Morocco,2023-06-21,21,Product_21,Hair,Hair Oil,2,103,0.04,8.24,206,197.76,96.88,9.52,91.36,46.2,Cash on Delivery,Completed,1
848,2024-01-01,2024,2024-01,1,1,Customer_0001,Male,27,Girona,Catalonia,Southern Europe,Spain,2023-05-15,3,Product_3,Hair,Hair Oil,2,79,0.04,6.32,158,151.68,78.34,7.5,65.84,43.41,Digital Wallet,Completed,8
848,2024-01-01,2024,2024-01,1,1,Customer_0001,Male,27,Girona,Catalonia,Southern Europe,Spain,2023-05-15,43,Product_43,Hair,Conditioner,4,75,0.1,30.0,300,270.0,165.16,10.0,94.84,35.13,Digital Wallet,Completed,8
601,2024-01-02,2024,2024-01,1,224,Customer_0224,Non-binary,30,Annecy,Auvergne-Rhone-Alpes,Western Europe,France,2023-06-12,25,Product_25,Hair,Conditioner,3,45,0.07,9.45,135,125.55,160.71,9.75,-44.91,-35.77,Digital Wallet,Completed,3
601,2024-01-02,2024,2024-01,1,224,Customer_0224,Non-binary,30,Annecy,Auvergne-Rhone-Alpes,Western Europe,France,2023-06-12,31,Product_31,Body,Body Lotion,2,82,0.04,6.56,164,157.44,103.36,8.5,45.58,28.95,Digital Wallet,Completed,3
726,2024-01-02,2024,2024-01,1,207,Customer_0207,Female,34,Munich,Bavaria,Central Europe,Germany,2023-03-18,8,Product_8,Body,Hand Care,4,92,0.1,36.8,368,331.2,186.8,12.0,132.4,39.98,Digital Wallet,Completed,2
726,2024-01-02,2024,2024-01,1,207,Customer_0207,Female,34,Munich,Bavaria,Central Europe,Germany,2023-03-18,22,Product_22,Makeup,Concealer,1,40,0.02,0.8,40,39.2,42.73,8.25,-11.78,-30.05,Digital Wallet,Completed,2
726,2024-01-02,2024,2024-01,1,207,Customer_0207,Female,34,Munich,Bavaria,Central Europe,Germany,2023-03-18,30,Product_30,Hair,Shampoo,1,85,0.02,1.7,85,83.3,47.66,8.25,27.39,32.88,Digital Wallet,Completed,2
726,2024-01-02,2024,2024-01,1,207,Customer_0207,Female,34,Munich,Bavaria,Central Europe,Germany,2023-03-18,44,Product_44,Body,Deodorant,3,49,0.07,10.29,147,136.71,109.98,10.75,15.98,11.69,Digital Wallet,Completed,2
726,2024-01-02,2024,2024-01,1,207,Customer_0207,Female,34,Munich,Bavaria,Central Europe,Germany,2023-03-18,45,Product_45,Body,Body Wash,4,55,0.1,22.0,220,198.0,192.24,12.0,-6.24,-3.15,Digital Wallet,Completed,2
726,2024-01-02,2024,2024-01,1,207,Customer_0207,Female,34,Munich,Bavaria,Central Europe,Germany,2023-03-18,50,Product_50,Skin,Cleanser,3,77,0.07,16.17,231,214.83,165.0,10.75,39.08,18.19,Digital Wallet,Completed,2
951,2024-01-02,2024,2024-01,1,101,Customer_0101,Non-binary,30,Bonn,North Rhine-Westphalia,Central Europe,Germany,2024-01-10,32,Product_32,Body,Scrub,4,112,0.1,44.8,448,403.2,160.0,13.0,230.2,57.09,Card,Completed,4
951,2024-01-02,2024,2024-01,1,101,Customer_0101,Non-binary,30,Bonn,North Rhine-Westphalia,Central Europe,Germany,2024-01-10,43,Product_43,Hair,Conditioner,3,74,0.07,15.54,222,206.46,123.87,11.75,70.84,34.31,Card,Completed,4
296,2024-01-03,2024,2024-01,1,58,Customer_0058,Male,57,Sale,Rabat-Sale-Kenitra,North Africa,Morocco,2023-12-05,4,Product_4,Body,Deodorant,3,106,0.07,22.26,318,295.74,116.04,9.8,169.9,57.45,Bank Transfer,Completed,4
296,2024-01-03,2024,2024-01,1,58,Customer_0058,Male,57,Sale,Rabat-Sale-Kenitra,North Africa,Morocco,2023-12-05,16,Product_16,Makeup,Concealer,3,79,0.07,16.59,237,220.41,159.75,9.8,50.86,23.08,Bank Transfer,Completed,4
296,2024-01-03,2024,2024-01,1,58,Customer_0058,Male,57,Sale,Rabat-Sale-Kenitra,North Africa,Morocco,2023-12-05,27,Product_27,Makeup,Eyeshadow,4,75,0.1,30.0,300,270.0,175.88,11.2,82.92,30.71,Bank Transfer,Completed,4
296,2024-01-03,2024,2024-01,1,58,Customer_0058,Male,57,Sale,Rabat-Sale-Kenitra,North Africa,Morocco,2023-12-05,43,Product_43,Hair,Conditioner,4,43,0.1,17.2,172,154.8,165.16,11.2,-21.56,-13.93,Bank Transfer,Completed,4
355,2024-01-03,2024,2024-01,1,58,Customer_0058,Male,57,Sale,Rabat-Sale-Kenitra,North Africa,Morocco,2023-12-05,15,Product_15,Makeup,Eyeshadow,3,26,0.07,5.46,78,72.54,160.56,13.16,-101.18,-139.48,Digital Wallet,Completed,4
355,2024-01-03,2024,2024-01,1,58,Customer_0058,Male,57,Sale,Rabat-Sale-Kenitra,North Africa,Morocco,2023-12-05,15,Product_15,Makeup,Eyeshadow,1,89,0.02,1.78,89,87.22,53.52,10.36,23.34,26.76,Digital Wallet,Completed,4
355,2024-01-03,2024,2024-01,1,58,Customer_0058,Male,57,Sale,Rabat-Sale-Kenitra,North Africa,Morocco,2023-12-05,40,Product_40,Hair,Styling,4,111,0.1,44.4,444,399.6,200.08,14.56,184.96,46.29,Digital Wallet,Completed,4
355,2024-01-03,2024,2024-01,1,58,Customer_0058,Male,57,Sale,Rabat-Sale-Kenitra,North Africa,Morocco,2023-12-05,41,Product_41,Skin,Serum,3,61,0.07,12.81,183,170.19,127.41,13.16,29.62,17.4,Digital Wallet,Completed,4
642,2024-01-03,2024,2024-01,1,236,Customer_0236,Non-binary,32,Essaouira,Marrakesh-Safi,North Africa,Morocco,2023-01-02,6,Product_6,Body,Body Lotion,5,21,0.1,10.5,105,0.0,0.0,14.84,0.0,0.0,Bank Transfer,Cancelled,3
902,2024-01-03,2024,2024-01,1,118,Customer_0118,Male,26,Sale,Rabat-Sale-Kenitra,North Africa,Morocco,2023-04-19,17,Product_17,Hair,Scalp Care,4,84,0.1,33.6,336,302.4,178.2,13.44,110.76,36.63,Card,Completed,5
902,2024-01-03,2024,2024-01,1,118,Customer_0118,Male,26,Sale,Rabat-Sale-Kenitra,North Africa,Morocco,2023-04-19,19,Product_19,Makeup,Lipstick,4,24,0.1,9.6,96,86.4,137.04,13.44,-64.08,-74.17,Card,Completed,5
902,2024-01-03,2024,2024-01,1,118,Customer_0118,Male,26,Sale,Rabat-Sale-Kenitra,North Africa,Morocco,2023-04-19,20,Product_20,Hair,Hair Mask,3,26,0.07,5.46,78,72.54,148.77,12.04,-88.27,-121.68,Card,Completed,5
902,2024-01-03,2024,2024-01,1,118,Customer_0118,Male,26,Sale,Rabat-Sale-Kenitra,North Africa,Morocco,2023-04-19,22,Product_22,Makeup,Concealer,1,85,0.02,1.7,85,83.3,42.73,9.24,31.33,37.61,Card,Completed,5
106,2024-01-04,2024,2024-01,1,255,Customer_0255,Female,42,Paris,Ile-de-France,Western Europe,France,2023-09-30,35,Product_35,Skin,Cleanser,2,31,0.04,2.48,62,0.0,0.0,9.5,0.0,0.0,Digital Wallet,Cancelled,1
106,2024-01-04,2024,2024-01,1,255,Customer_0255,Female,42,Paris,Ile-de-France,Western Europe,France,2023-09-30,43,Product_43,Hair,Conditioner,3,50,0.07,10.5,150,0.0,0.0,10.75,0.0,0.0,Digital Wallet,Cancelled,1
264,2024-01-04,2024,2024-01,1,286,Customer_0286,Male,54,Girona,Catalonia,Southern Europe,Spain,2023-10-06,22,Product_22,Makeup,Concealer,1,12,0.02,0.24,12,11.76,42.73,6.25,-37.22,-316.5,Bank Transfer,Completed,6
264,2024-01-04,2024,2024-01,1,286,Customer_0286,Male,54,Girona,Catalonia,Southern Europe,Spain,2023-10-06,30,Product_30,Hair,Shampoo,3,116,0.07,24.36,348,323.64,142.98,8.75,171.91,53.12,Bank Transfer,Completed,6
501,2024-01-04,2024,2024-01,1,74,Customer_0074,Non-binary,46,Essaouira,Marrakesh-Safi,North Africa,Morocco,2023-08-23,43,Product_43,Hair,Conditioner,4,108,0.1,43.2,432,388.8,165.16,12.32,211.32,54.35,Cash on Delivery,Completed,1
501,2024-01-04,2024,2024-01,1,74,Customer_0074,Non-binary,46,Essaouira,Marrakesh-Safi,North Africa,Morocco,2023-08-23,48,Product_48,Hair,Shampoo,2,52,0.04,4.16,104,99.84,79.96,9.52,10.36,10.38,Cash on Delivery,Completed,1
689,2024-01-04,2024,2024-01,1,155,Customer_0155,Non-binary,39,Annecy,Auvergne-Rhone-Alpes,Western Europe,France,2024-01-26,43,Product_43,Hair,Conditioner,1,66,0.02,1.32,66,0.0,0.0,7.25,0.0,0.0,Card,Cancelled,1
339,2024-01-05,2024,2024-01,1,108,Customer_0108,Female,38,Rome,Lazio,Southern Europe,Italy,2023-06-04,7,Product_7,Hair,Conditioner,4,79,0.1,31.6,316,284.4,182.32,13.0,89.08,31.32,Cash on Delivery,Completed,2
339,2024-01-05,2024,2024-01,1,108,Customer_0108,Female,38,Rome,Lazio,Southern Europe,Italy,2023-06-04,15,Product_15,Makeup,Eyeshadow,3,32,0.07,6.72,96,89.28,160.56,11.75,-83.03,-93.0,Cash on Delivery,Completed,2
339,2024-01-05,2024,2024-01,1,108,Customer_0108,Female,38,Rome,Lazio,Southern Europe,Italy,2023-06-04,22,Product_22,Makeup,Concealer,2,111,0.04,8.88,222,213.12,85.46,10.5,117.16,54.97,Cash on Delivery,Completed,2
339,2024-01-05,2024,2024-01,1,108,Customer_0108,Female,38,Rome,Lazio,Southern Europe,Italy,2023-06-04,26,Product_26,Makeup,Mascara,5,70,0.1,35.0,350,315.0,218.9,14.25,81.85,25.98,Cash on Delivery,Completed,2
829,2024-01-05,2024,2024-01,1,10,Customer_0010,Male,49,Bergamo,Lombardy,Southern Europe,Italy,2024-01-05,13,Product_13,Skin,Sunscreen,4,97,0.1,38.8,388,0.0,0.0,11.0,0.0,0.0,Cash on Delivery,Cancelled,3
55,2024-01-07,2024,2024-01,1,44,Customer_0044,Non-binary,41,Annecy,Auvergne-Rhone-Alpes,Western Europe,France,2023-02-04,47,Product_47,Hair,Scalp Care,2,69,0.04,5.52,138,132.48,90.84,10.5,31.14,23.51,Cash on Delivery,Completed,3
240,2024-01-07,2024,2024-01,1,194,Customer_0194,Non-binary,25,Essaouira,Marrakesh-Safi,North Africa,Morocco,2024-03-12,36,Product_36,Skin,Serum,2,92,0.04,7.36,184,176.64,108.14,8.4,60.1,34.02,Bank Transfer,Completed,2
428,2024-01-07,2024,2024-01,1,253,Customer_0253,Male,28,Sale,Rabat-Sale-Kenitra,North Africa,Morocco,2023-05-19,1,Product_1,Body,Body Lotion,5,11,0.1,5.5,55,49.5,226.65,12.6,-189.75,-383.33,Digital Wallet,Completed,3
428,2024-01-07,2024,2024-01,1,253,Customer_0253,Male,28,Sale,Rabat-Sale-Kenitra,North Africa,Morocco,2023-05-19,16,Product_16,Makeup,Concealer,2,104,0.04,8.32,208,199.68,106.5,8.4,84.78,42.46,Digital Wallet,Completed,3
428,2024-01-07,2024,2024-01,1,253,Customer_0253,Male,28,Sale,Rabat-Sale-Kenitra,North Africa,Morocco,2023-05-19,39,Product_39,Hair,Hair Oil,5,24,0.1,12.0,120,108.0,178.95,12.6,-83.55,-77.36,Digital Wallet,Completed,3
428,2024-01-07,2024,2024-01,1,253,Customer_0253,Male,28,Sale,Rabat-Sale-Kenitra,North Africa,Morocco,2023-05-19,43,Product_43,Hair,Conditioner,2,77,0.04,6.16,154,147.84,82.58,8.4,56.86,38.46,Digital Wallet,Completed,3
492,2024-01-07,2024,2024-01,1,133,Customer_0133,Male,49,Potsdam,Berlin,Central Europe,Germany,2023-05-31,16,Product_16,Makeup,Concealer,1,82,0.02,1.64,82,80.36,53.25,6.25,20.86,25.96,Digital Wallet,Completed,5
492,2024-01-07,2024,2024-01,1,133,Customer_0133,Male,49,Potsdam,Berlin,Central Europe,Germany,2023-05-31,22,Product_22,Makeup,Concealer,4,14,0.1,5.6,56,50.4,170.92,10.0,-130.52,-258.97,Digital Wallet,Completed,5
637,2024-01-07,2024,2024-01,1,162,Customer_0162,Female,47,Rome,Lazio,Southern Europe,Italy,2023-09-12,14,Product_14,Body,Deodorant,3,46,0.07,9.66,138,128.34,124.44,9.75,-5.85,-4.56,Cash on Delivery,Completed,2
28,2024-01-08,2024,2024-01,2,190,Customer_0190,Male,38,Girona,Catalonia,Southern Europe,Spain,2023-10-20,48,Product_48,Hair,Shampoo,4,119,0.1,47.6,476,428.4,159.92,10.0,258.48,60.34,Bank Transfer,Completed,4
542,2024-01-08,2024,2024-01,2,58,Customer_0058,Male,57,Sale,Rabat-Sale-Kenitra,North Africa,Morocco,2023-12-05,21,Product_21,Hair,Hair Oil,1,56,0.04,2.24,56,0.0,0.0,9.24,0.0,0.0,Card,Returned,4
542,2024-01-08,2024,2024-01,2,58,Customer_0058,Male,57,Sale,Rabat-Sale-Kenitra,North Africa,Morocco,2023-12-05,32,Product_32,Body,Scrub,2,34,0.06,4.08,68,0.0,0.0,10.64,0.0,0.0,Card,Returned,4
719,2024-01-08,2024,2024-01,2,26,Customer_0026,Non-binary,38,Granada,Andalusia,Southern Europe,Spain,2023-07-24,21,Product_21,Hair,Hair Oil,2,29,0.04,2.32,58,55.68,96.88,10.5,-51.7,-92.85,Digital Wallet,Completed,3
719,2024-01-08,2024,2024-01,2,26,Customer_0026,Non-binary,38,Granada,Andalusia,Southern Europe,Spain,2023-07-24,38,Product_38,Makeup,Mascara,1,22,0.02,0.44,22,21.56,42.59,9.25,-30.28,-140.45,Digital Wallet,Completed,3
822,2024-01-08,2024,2024-01,2,142,Customer_0142,Male,30,Potsdam,Berlin,Central Europe,Germany,2024-03-15,16,Product_16,Makeup,Concealer,1,97,0.02,1.94,97,95.06,53.25,8.25,33.56,35.3,Card,Completed,2
822,2024-01-08,2024,2024-01,2,142,Customer_0142,Male,30,Potsdam,Berlin,Central Europe,Germany,2024-03-15,20,Product_20,Hair,Hair Mask,2,55,0.04,4.4,110,105.6,99.18,9.5,-3.08,-2.92,Card,Completed,2
822,2024-01-08,2024,2024-01,2,142,Customer_0142,Male,30,Potsdam,Berlin,Central Europe,Germany,2024-03-15,32,Product_32,Body,Scrub,2,116,0.04,9.28,232,222.72,80.0,9.5,133.22,59.82,Card,Completed,2
822,2024-01-08,2024,2024-01,2,142,Customer_0142,Male,30,Potsdam,Berlin,Central Europe,Germany,2024-03-15,34,Product_34,Hair,Styling,5,39,0.1,19.5,195,175.5,166.85,13.25,-4.6,-2.62,Card,Completed,2
822,2024-01-08,2024,2024-01,2,142,Customer_0142,Male,30,Potsdam,Berlin,Central Europe,Germany,2024-03-15,49,Product_49,Makeup,Lipstick,2,15,0.04,1.2,30,28.8,69.34,9.5,-50.04,-173.75,Card,Completed,2
97,2024-01-09,2024,2024-01,2,172,Customer_0172,Male,35,Bergamo,Lombardy,Southern Europe,Italy,2023-07-18,46,Product_46,Makeup,Concealer,3,91,0.09,24.57,273,0.0,0.0,9.75,0.0,0.0,Digital Wallet,Returned,3
97,2024-01-09,2024,2024-01,2,172,Customer_0172,Male,35,Bergamo,Lombardy,Southern Europe,Italy,2023-07-18,48,Product_48,Hair,Shampoo,5,87,0.12,52.2,435,0.0,0.0,12.25,0.0,0.0,Digital Wallet,Returned,3
345,2024-01-09,2024,2024-01,2,144,Customer_0144,Female,44,Paris,Ile-de-France,Western Europe,France,2023-06-22,45,Product_45,Body,Body Wash,4,66,0.1,26.4,264,237.6,192.24,11.0,34.36,14.46,Digital Wallet,Completed,7
375,2024-01-09,2024,2024-01,2,69,Customer_0069,Female,52,Munich,Bavaria,Central Europe,Germany,2024-02-13,18,Product_18,Makeup,Foundation,3,97,0.07,20.37,291,270.63,126.96,11.75,131.92,48.75,Card,Completed,5
375,2024-01-09,2024,2024-01,2,69,Customer_0069,Female,52,Munich,Bavaria,Central Europe,Germany,2024-02-13,24,Product_24,Hair,Shampoo,2,104,0.04,8.32,208,199.68,75.28,10.5,113.9,57.04,Card,Completed,5
375,2024-01-09,2024,2024-01,2,69,Customer_0069,Female,52,Munich,Bavaria,Central Europe,Germany,2024-02-13,32,Product_32,Body,Scrub,5,90,0.1,45.0,450,405.0,200.0,14.25,190.75,47.1,Card,Completed,5
561,2024-01-09,2024,2024-01,2,1,Customer_0001,Male,27,Girona,Catalonia,Southern Europe,Spain,2023-05-15,12,Product_12,Skin,Moisturizer,1,26,0.02,0.52,26,25.48,43.44,7.25,-25.21,-98.94,Bank Transfer,Completed,8
561,2024-01-09,2024,2024-01,2,1,Customer_0001,Male,27,Girona,Catalonia,Southern Europe,Spain,2023-05-15,16,Product_16,Makeup,Concealer,4,69,0.1,27.6,276,248.4,213.0,11.0,24.4,9.82,Bank Transfer,Completed,8
561,2024-01-09,2024,2024-01,2,1,Customer_0001,Male,27,Girona,Catalonia,Southern Europe,Spain,2023-05-15,17,Product_17,Hair,Scalp Care,5,21,0.1,10.5,105,94.5,222.75,12.25,-140.5,-148.68,Bank Transfer,Completed,8
621,2024-01-09,2024,2024-01,2,83,Customer_0083,Non-binary,27,Caserta,Campania,Southern Europe,Italy,2023-02-18,5,Product_5,Skin,Cleanser,1,44,0.02,0.88,44,0.0,0.0,7.25,0.0,0.0,Card,Cancelled,0
621,2024-01-09,2024,2024-01,2,83,Customer_0083,Non-binary,27,Caserta,Campania,Southern Europe,Italy,2023-02-18,17,Product_17,Hair,Scalp Care,1,35,0.02,0.7,35,0.0,0.0,7.25,0.0,0.0,Card,Cancelled,0
981,2024-01-09,2024,2024-01,2,63,Customer_0063,Female,51,Madrid,Madrid,Southern Europe,Spain,2024-03-03,21,Product_21,Hair,Hair Oil,2,34,0.04,2.72,68,65.28,96.88,8.5,-40.1,-61.43,Card,Completed,6
981,2024-01-09,2024,2024-01,2,63,Customer_0063,Female,51,Madrid,Madrid,Southern Europe,Spain,2024-03-03,32,Product_32,Body,Scrub,3,31,0.07,6.51,93,86.49,120.0,9.75,-43.26,-50.02,Card,Completed,6
750,2024-01-10,2024,2024-01,2,39,Customer_0039,Female,47,Casablanca,Casablanca-Settat,North Africa,Morocco,2024-02-15,26,Product_26,Makeup,Mascara,5,62,0.1,31.0,310,279.0,218.9,14.84,45.26,16.22,Digital Wallet,Completed,8
983,2024-01-10,2024,2024-01,2,154,Customer_0154,Male,32,Sale,Rabat-Sale-Kenitra,North Africa,Morocco,2023-05-27,45,Product_45,Body,Body Wash,3,82,0.07,17.22,246,228.78,144.18,13.16,71.44,31.23,Digital Wallet,Completed,4
983,2024-01-10,2024,2024-01,2,154,Customer_0154,Male,32,Sale,Rabat-Sale-Kenitra,North Africa,Morocco,2023-05-27,45,Product_45,Body,Body Wash,4,57,0.1,22.8,228,205.2,192.24,14.56,-1.6,-0.78,Digital Wallet,Completed,4
70,2024-01-11,2024,2024-01,2,252,Customer_0252,Female,21,Munich,Bavaria,Central Europe,Germany,2023-12-28,27,Product_27,Makeup,Eyeshadow,3,16,0.07,3.36,48,44.64,131.91,10.75,-98.02,-219.58,Bank Transfer,Completed,5
157,2024-01-11,2024,2024-01,2,96,Customer_0096,Female,36,Munich,Bavaria,Central Europe,Germany,2024-01-31,30,Product_30,Hair,Shampoo,1,71,0.02,1.42,71,69.58,47.66,7.25,14.67,21.08,Digital Wallet,Completed,3
157,2024-01-11,2024,2024-01,2,96,Customer_0096,Female,36,Munich,Bavaria,Central Europe,Germany,2024-01-31,44,Product_44,Body,Deodorant,5,79,0.1,39.5,395,355.5,183.3,12.25,159.95,44.99,Digital Wallet,Completed,3
201,2024-01-12,2024,2024-01,2,147,Customer_0147,Female,24,Munich,Bavaria,Central Europe,Germany,2024-05-08,43,Product_43,Hair,Conditioner,2,59,0.04,4.72,118,113.28,82.58,8.5,22.2,19.6,Card,Completed,4
201,2024-01-12,2024,2024-01,2,147,Customer_0147,Female,24,Munich,Bavaria,Central Europe,Germany,2024-05-08,47,Product_47,Hair,Scalp Care,3,92,0.07,19.32,276,256.68,136.26,9.75,110.67,43.12,Card,Completed,4
211,2024-01-12,2024,2024-01,2,263,Customer_0263,Non-binary,57,Granada,Andalusia,Southern Europe,Spain,2024-05-07,15,Product_15,Makeup,Eyeshadow,5,98,0.1,49.0,490,441.0,267.6,14.25,159.15,36.09,Bank Transfer,Completed,1
211,2024-01-12,2024,2024-01,2,263,Customer_0263,Non-binary,57,Granada,Andalusia,Southern Europe,Spain,2024-05-07,32,Product_32,Body,Scrub,4,27,0.1,10.8,108,97.2,160.0,13.0,-75.8,-77.98,Bank Transfer,Completed,1
211,2024-01-12,2024,2024-01,2,263,Customer_0263,Non-binary,57,Granada,Andalusia,Southern Europe,Spain,2024-05-07,45,Product_45,Body,Body Wash,2,73,0.04,5.84,146,140.16,96.12,10.5,33.54,23.93,Bank Transfer,Completed,1
445,2024-01-12,2024,2024-01,2,192,Customer_0192,Female,52,Rome,Lazio,Southern Europe,Italy,2023-08-10,30,Product_30,Hair,Shampoo,5,85,0.1,42.5,425,382.5,238.3,12.25,131.95,34.5,Digital Wallet,Completed,4
445,2024-01-12,2024,2024-01,2,192,Customer_0192,Female,52,Rome,Lazio,Southern Europe,Italy,2023-08-10,35,Product_35,Skin,Cleanser,4,118,0.1,47.2,472,424.8,198.72,11.0,215.08,50.63,Digital Wallet,Completed,4
478,2024-01-12,2024,2024-01,2,69,Customer_0069,Female,52,Munich,Bavaria,Central Europe,Germany,2024-02-13,4,Product_4,Body,Deodorant,4,13,0.1,5.2,52,46.8,154.72,12.0,-119.92,-256.24,Cash on Delivery,Completed,5
532,2024-01-12,2024,2024-01,2,242,Customer_0242,Non-binary,33,Annecy,Auvergne-Rhone-Alpes,Western Europe,France,2023-12-02,33,Product_33,Hair,Hair Oil,4,37,0.1,14.8,148,133.2,171.92,10.0,-48.72,-36.58,Bank Transfer,Completed,3
532,2024-01-12,2024,2024-01,2,242,Customer_0242,Non-binary,33,Annecy,Auvergne-Rhone-Alpes,Western Europe,France,2023-12-02,35,Product_35,Skin,Cleanser,1,39,0.02,0.78,39,38.22,49.68,6.25,-17.71,-46.34,Bank Transfer,Completed,3
648,2024-01-12,2024,2024-01,2,229,Customer_0229,Male,24,Nice,Provence-Alpes-Cote d'Azur,Western Europe,France,2023-04-05,37,Product_37,Makeup,Lipstick,2,57,0.06,6.84,114,0.0,0.0,7.5,0.0,0.0,Digital Wallet,Returned,5
650,2024-01-12,2024,2024-01,2,75,Customer_0075,Female,53,Madrid,Madrid,Southern Europe,Spain,2023-07-03,5,Product_5,Skin,Cleanser,3,59,0.07,12.39,177,164.61,167.25,10.75,-13.39,-8.13,Digital Wallet,Completed,3
650,2024-01-12,2024,2024-01,2,75,Customer_0075,Female,53,Madrid,Madrid,Southern Europe,Spain,2023-07-03,21,Product_21,Hair,Hair Oil,1,45,0.02,0.9,45,44.1,48.44,8.25,-12.59,-28.55,Digital Wallet,Completed,3
650,2024-01-12,2024,2024-01,2,75,Customer_0075,Female,53,Madrid,Madrid,Southern Europe,Spain,2023-07-03,33,Product_33,Hair,Hair Oil,2,81,0.04,6.48,162,155.52,85.96,9.5,60.06,38.62,Digital Wallet,Completed,3
650,2024-01-12,2024,2024-01,2,75,Customer_0075,Female,53,Madrid,Madrid,Southern Europe,Spain,2023-07-03,34,Product_34,Hair,Styling,2,109,0.04,8.72,218,209.28,66.74,9.5,133.04,63.57,Digital Wallet,Completed,3
650,2024-01-12,2024,2024-01,2,75,Customer_0075,Female,53,Madrid,Madrid,Southern Europe,Spain,2023-07-03,45,Product_45,Body,Body Wash,5,22,0.1,11.0,110,99.0,240.3,13.25,-154.55,-156.11,Digital Wallet,Completed,3
650,2024-01-12,2024,2024-01,2,75,Customer_0075,Female,53,Madrid,Madrid,Southern Europe,Spain,2023-07-03,48,Product_48,Hair,Shampoo,3,61,0.07,12.81,183,170.19,119.94,10.75,39.5,23.21,Digital Wallet,Completed,3
650,2024-01-12,2024,2024-01,2,75,Customer_0075,Female,53,Madrid,Madrid,Southern Europe,Spain,2023-07-03,48,Product_48,Hair,Shampoo,2,112,0.04,8.96,224,215.04,79.96,9.5,125.58,58.4,Digital Wallet,Completed,3
911,2024-01-12,2024,2024-01,2,261,Customer_0261,Female,43,Casablanca,Casablanca-Settat,North Africa,Morocco,2023-10-31,47,Product_47,Hair,Scalp Care,2,107,0.04,8.56,214,205.44,90.84,11.76,102.84,50.06,Card,Completed,3
911,2024-01-12,2024,2024-01,2,261,Customer_0261,Female,43,Casablanca,Casablanca-Settat,North Africa,Morocco,2023-10-31,48,Product_48,Hair,Shampoo,5,25,0.1,12.5,125,112.5,199.9,15.96,-103.36,-91.88,Card,Completed,3
96,2024-01-14,2024,2024-01,2,99,Customer_0099,Female,57,Rome,Lazio,Southern Europe,Italy,2024-01-09,8,Product_8,Body,Hand Care,1,32,0.02,0.64,32,31.36,46.7,6.25,-21.59,-68.85,Cash on Delivery,Completed,7
96,2024-01-14,2024,2024-01,2,99,Customer_0099,Female,57,Rome,Lazio,Southern Europe,Italy,2024-01-09,10,Product_10,Hair,Styling,1,27,0.02,0.54,27,26.46,54.82,6.25,-34.61,-130.8,Cash on Delivery,Completed,7
96,2024-01-14,2024,2024-01,2,99,Customer_0099,Female,57,Rome,Lazio,Southern Europe,Italy,2024-01-09,16,Product_16,Makeup,Concealer,4,116,0.1,46.4,464,417.6,213.0,10.0,194.6,46.6,Cash on Delivery,Completed,7
96,2024-01-14,2024,2024-01,2,99,Customer_0099,Female,57,Rome,Lazio,Southern Europe,Italy,2024-01-09,23,Product_23,Body,Hand Care,1,47,0.02,0.94,47,46.06,42.34,6.25,-2.53,-5.49,Cash on Delivery,Completed,7
250,2024-01-14,2024,2024-01,2,128,Customer_0128,Non-binary,55,Caserta,Campania,Southern Europe,Italy,2024-03-20,39,Product_39,Hair,Hair Oil,4,77,0.12,36.96,308,0.0,0.0,12.0,0.0,0.0,Bank Transfer,Returned,2
647,2024-01-14,2024,2024-01,2,207,Customer_0207,Female,34,Munich,Bavaria,Central Europe,Germany,2023-03-18,50,Product_50,Skin,Cleanser,4,61,0.1,24.4,244,219.6,220.0,13.0,-13.4,-6.1,Bank Transfer,Completed,2
733,2024-01-14,2024,2024-01,2,216,Customer_0216,Female,56,Rome,Lazio,Southern Europe,Italy,2023-01-08,4,Product_4,Body,Deodorant,5,86,0.1,43.0,430,387.0,193.4,12.25,181.35,46.86,Digital Wallet,Completed,2
733,2024-01-14,2024,2024-01,2,216,Customer_0216,Female,56,Rome,Lazio,Southern Europe,Italy,2023-01-08,37,Product_37,Makeup,Lipstick,2,96,0.04,7.68,192,184.32,92.06,8.5,83.76,45.44,Digital Wallet,Completed,2
733,2024-01-14,2024,2024-01,2,216,Customer_0216,Female,56,Rome,Lazio,Southern Europe,Italy,2023-01-08,49,Product_49,Makeup,Lipstick,1,58,0.02,1.16,58,56.84,34.67,7.25,14.92,26.25,Digital Wallet,Completed,2
263,2024-01-15,2024,2024-01,3,277,Customer_0277,Male,32,Potsdam,Berlin,Central Europe,Germany,2023-07-19,28,Product_28,Hair,Styling,2,90,0.04,7.2,180,172.8,80.58,10.5,81.72,47.29,Card,Completed,6
526,2024-01-15,2024,2024-01,3,202,Customer_0202,Male,40,Girona,Catalonia,Southern Europe,Spain,2023-02-18,29,Product_29,Makeup,Blush,1,29,0.04,1.16,29,0.0,0.0,8.25,0.0,0.0,Card,Returned,2
553,2024-01-15,2024,2024-01,3,164,Customer_0164,Non-binary,20,Bonn,North Rhine-Westphalia,Central Europe,Germany,2024-03-25,8,Product_8,Body,Hand Care,5,74,0.1,37.0,370,333.0,233.5,12.25,87.25,26.2,Digital Wallet,Completed,3
553,2024-01-15,2024,2024-01,3,164,Customer_0164,Non-binary,20,Bonn,North Rhine-Westphalia,Central Europe,Germany,2024-03-25,10,Product_10,Hair,Styling,1,104,0.02,2.08,104,101.92,54.82,7.25,39.85,39.1,Digital Wallet,Completed,3
553,2024-01-15,2024,2024-01,3,164,Customer_0164,Non-binary,20,Bonn,North Rhine-Westphalia,Central Europe,Germany,2024-03-25,12,Product_12,Skin,Moisturizer,4,18,0.1,7.2,72,64.8,173.76,11.0,-119.96,-185.12,Digital Wallet,Completed,3
232,2024-01-16,2024,2024-01,3,75,Customer_0075,Female,53,Madrid,Madrid,Southern Europe,Spain,2023-07-03,40,Product_40,Hair,Styling,1,67,0.02,1.34,67,65.66,50.02,6.25,9.39,14.3,Cash on Delivery,Completed,3
268,2024-01-16,2024,2024-01,3,4,Customer_0004,Male,48,Nice,Provence-Alpes-Cote d'Azur,Western Europe,France,2023-01-03,1,Product_1,Body,Body Lotion,4,33,0.1,13.2,132,118.8,181.32,10.0,-72.52,-61.04,Card,Completed,4
122,2024-01-17,2024,2024-01,3,29,Customer_0029,Non-binary,59,Bonn,North Rhine-Westphalia,Central Europe,Germany,2023-07-26,15,Product_15,Makeup,Eyeshadow,5,51,0.1,25.5,255,229.5,267.6,13.25,-51.35,-22.37,Cash on Delivery,Completed,2
122,2024-01-17,2024,2024-01,3,29,Customer_0029,Non-binary,59,Bonn,North Rhine-Westphalia,Central Europe,Germany,2023-07-26,23,Product_23,Body,Hand Care,3,58,0.07,12.18,174,161.82,127.02,10.75,24.05,14.86,Cash on Delivery,Completed,2
206,2024-01-17,2024,2024-01,3,129,Customer_0129,Female,21,Paris,Ile-de-France,Western Europe,France,2024-03-29,7,Product_7,Hair,Conditioner,4,25,0.1,10.0,100,90.0,182.32,12.0,-104.32,-115.91,Cash on Delivery,Completed,3
206,2024-01-17,2024,2024-01,3,129,Customer_0129,Female,21,Paris,Ile-de-France,Western Europe,France,2024-03-29,32,Product_32,Body,Scrub,3,98,0.07,20.58,294,273.42,120.0,10.75,142.67,52.18,Cash on Delivery,Completed,3
206,2024-01-17,2024,2024-01,3,129,Customer_0129,Female,21,Paris,Ile-de-France,Western Europe,France,2024-03-29,36,Product_36,Skin,Serum,3,78,0.07,16.38,234,217.62,162.21,10.75,44.66,20.52,Cash on Delivery,Completed,3
206,2024-01-17,2024,2024-01,3,129,Customer_0129,Female,21,Paris,Ile-de-France,Western Europe,France,2024-03-29,39,Product_39,Hair,Hair Oil,2,14,0.04,1.12,28,26.88,71.58,9.5,-54.2,-201.64,Cash on Delivery,Completed,3
453,2024-01-17,2024,2024-01,3,190,Customer_0190,Male,38,Girona,Catalonia,Southern Europe,Spain,2023-10-20,16,Product_16,Makeup,Concealer,5,86,0.1,43.0,430,387.0,266.25,12.25,108.5,28.04,Cash on Delivery,Completed,4
453,2024-01-17,2024,2024-01,3,190,Customer_0190,Male,38,Girona,Catalonia,Southern Europe,Spain,2023-10-20,26,Product_26,Makeup,Mascara,5,95,0.1,47.5,475,427.5,218.9,12.25,196.35,45.93,Cash on Delivery,Completed,4
453,2024-01-17,2024,2024-01,3,190,Customer_0190,Male,38,Girona,Catalonia,Southern Europe,Spain,2023-10-20,47,Product_47,Hair,Scalp Care,5,52,0.1,26.0,260,234.0,227.1,12.25,-5.35,-2.29,Cash on Delivery,Completed,4
477,2024-01-17,2024,2024-01,3,144,Customer_0144,Female,44,Paris,Ile-de-France,Western Europe,France,2023-06-22,27,Product_27,Makeup,Eyeshadow,5,28,0.1,14.0,140,126.0,219.85,12.25,-106.1,-84.21,Digital Wallet,Completed,7
477,2024-01-17,2024,2024-01,3,144,Customer_0144,Female,44,Paris,Ile-de-France,Western Europe,France,2023-06-22,46,Product_46,Makeup,Concealer,5,82,0.1,41.0,410,369.0,222.2,12.25,134.55,36.46,Digital Wallet,Completed,7
5,2024-01-18,2024,2024-01,3,189,Customer_0189,Female,31,Munich,Bavaria,Central Europe,Germany,2023-06-03,47,Product_47,Hair,Scalp Care,4,75,0.1,30.0,300,270.0,181.68,11.0,77.32,28.64,Bank Transfer,Completed,3
713,2024-01-18,2024,2024-01,3,214,Customer_0214,Male,42,Bergamo,Lombardy,Southern Europe,Italy,2023-04-01,6,Product_6,Body,Body Lotion,2,58,0.04,4.64,116,111.36,90.34,8.5,12.52,11.24,Cash on Delivery,Completed,3
713,2024-01-18,2024,2024-01,3,214,Customer_0214,Male,42,Bergamo,Lombardy,Southern Europe,Italy,2023-04-01,17,Product_17,Hair,Scalp Care,5,82,0.1,41.0,410,369.0,222.75,12.25,134.0,36.31,Cash on Delivery,Completed,3
4,2024-01-19,2024,2024-01,3,72,Customer_0072,Female,32,Paris,Ile-de-France,Western Europe,France,2023-10-30,30,Product_30,Hair,Shampoo,1,41,0.02,0.82,41,40.18,47.66,6.25,-13.73,-34.17,Card,Completed,2
875,2024-01-19,2024,2024-01,3,143,Customer_0143,Non-binary,37,Caserta,Campania,Southern Europe,Italy,2023-08-24,49,Product_49,Makeup,Lipstick,4,79,0.1,31.6,316,284.4,138.68,13.0,132.72,46.67,Bank Transfer,Completed,3
997,2024-01-19,2024,2024-01,3,211,Customer_0211,Male,21,Bergamo,Lombardy,Southern Europe,Italy,2023-07-16,45,Product_45,Body,Body Wash,5,22,0.1,11.0,110,99.0,240.3,12.25,-153.55,-155.1,Card,Completed,1
74,2024-01-20,2024,2024-01,3,15,Customer_0015,Female,43,Casablanca,Casablanca-Settat,North Africa,Morocco,2023-09-01,22,Product_22,Makeup,Concealer,5,73,0.12,43.8,365,0.0,0.0,14.84,0.0,0.0,Digital Wallet,Returned,3
74,2024-01-20,2024,2024-01,3,15,Customer_0015,Female,43,Casablanca,Casablanca-Settat,North Africa,Morocco,2023-09-01,32,Product_32,Body,Scrub,2,10,0.06,1.2,20,0.0,0.0,10.64,0.0,0.0,Digital Wallet,Returned,3
74,2024-01-20,2024,2024-01,3,15,Customer_0015,Female,43,Casablanca,Casablanca-Settat,North Africa,Morocco,2023-09-01,43,Product_43,Hair,Conditioner,4,51,0.12,24.48,204,0.0,0.0,13.44,0.0,0.0,Digital Wallet,Returned,3
785,2024-01-20,2024,2024-01,3,70,Customer_0070,Male,59,Sale,Rabat-Sale-Kenitra,North Africa,Morocco,2023-08-03,26,Product_26,Makeup,Mascara,3,46,0.07,9.66,138,128.34,131.34,10.92,-13.92,-10.85,Cash on Delivery,Completed,2
785,2024-01-20,2024,2024-01,3,70,Customer_0070,Male,59,Sale,Rabat-Sale-Kenitra,North Africa,Morocco,2023-08-03,30,Product_30,Hair,Shampoo,5,22,0.1,11.0,110,99.0,238.3,13.72,-153.02,-154.57,Cash on Delivery,Completed,2
785,2024-01-20,2024,2024-01,3,70,Customer_0070,Male,59,Sale,Rabat-Sale-Kenitra,North Africa,Morocco,2023-08-03,38,Product_38,Makeup,Mascara,1,83,0.02,1.66,83,81.34,42.59,8.12,30.63,37.66,Cash on Delivery,Completed,2
785,2024-01-20,2024,2024-01,3,70,Customer_0070,Male,59,Sale,Rabat-Sale-Kenitra,North Africa,Morocco,2023-08-03,42,Product_42,Skin,Moisturizer,2,46,0.04,3.68,92,88.32,79.94,9.52,-1.14,-1.29,Cash on Delivery,Completed,2
518,2024-01-21,2024,2024-01,3,132,Customer_0132,Female,42,Munich,Bavaria,Central Europe,Germany,2023-10-07,7,Product_7,Hair,Conditioner,4,10,0.12,4.8,40,0.0,0.0,12.0,0.0,0.0,Bank Transfer,Returned,1
518,2024-01-21,2024,2024-01,3,132,Customer_0132,Female,42,Munich,Bavaria,Central Europe,Germany,2023-10-07,17,Product_17,Hair,Scalp Care,3,90,0.09,24.3,270,0.0,0.0,10.75,0.0,0.0,Bank Transfer,Returned,1
518,2024-01-21,2024,2024-01,3,132,Customer_0132,Female,42,Munich,Bavaria,Central Europe,Germany,2023-10-07,27,Product_27,Makeup,Eyeshadow,2,111,0.06,13.32,222,0.0,0.0,9.5,0.0,0.0,Bank Transfer,Returned,1
715,2024-01-21,2024,2024-01,3,56,Customer_0056,Non-binary,43,Caserta,Campania,Southern Europe,Italy,2023-04-07,26,Product_26,Makeup,Mascara,3,43,0.07,9.03,129,119.97,131.34,11.75,-23.12,-19.27,Cash on Delivery,Completed,2
715,2024-01-21,2024,2024-01,3,56,Customer_0056,Non-binary,43,Caserta,Campania,Southern Europe,Italy,2023-04-07,35,Product_35,Skin,Cleanser,3,50,0.07,10.5,150,139.5,149.04,11.75,-21.29,-15.26,Cash on Delivery,Completed,2
923,2024-01-21,2024,2024-01,3,69,Customer_0069,Female,52,Munich,Bavaria,Central Europe,Germany,2024-02-13,10,Product_10,Hair,Styling,1,92,0.02,1.84,92,90.16,54.82,9.25,26.09,28.94,Card,Completed,5
923,2024-01-21,2024,2024-01,3,69,Customer_0069,Female,52,Munich,Bavaria,Central Europe,Germany,2024-02-13,14,Product_14,Body,Deodorant,5,46,0.1,23.0,230,207.0,207.4,14.25,-14.65,-7.08,Card,Completed,5
923,2024-01-21,2024,2024-01,3,69,Customer_0069,Female,52,Munich,Bavaria,Central Europe,Germany,2024-02-13,18,Product_18,Makeup,Foundation,3,43,0.07,9.03,129,119.97,126.96,11.75,-18.74,-15.62,Card,Completed,5
923,2024-01-21,2024,2024-01,3,69,Customer_0069,Female,52,Munich,Bavaria,Central Europe,Germany,2024-02-13,25,Product_25,Hair,Conditioner,3,26,0.07,5.46,78,72.54,160.71,11.75,-99.92,-137.74,Card,Completed,5
480,2024-01-22,2024,2024-01,4,25,Customer_0025,Male,31,Bergamo,Lombardy,Southern Europe,Italy,2023-01-31,9,Product_9,Makeup,Eyeshadow,2,42,0.04,3.36,84,80.64,64.7,7.5,8.44,10.47,Digital Wallet,Completed,3
480,2024-01-22,2024,2024-01,4,25,Customer_0025,Male,31,Bergamo,Lombardy,Southern Europe,Italy,2023-01-31,19,Product_19,Makeup,Lipstick,2,25,0.04,2.0,50,48.0,68.52,7.5,-28.02,-58.38,Digital Wallet,Completed,3
480,2024-01-22,2024,2024-01,4,25,Customer_0025,Male,31,Bergamo,Lombardy,Southern Europe,Italy,2023-01-31,24,Product_24,Hair,Shampoo,2,105,0.04,8.4,210,201.6,75.28,7.5,118.82,58.94,Digital Wallet,Completed,3
480,2024-01-22,2024,2024-01,4,25,Customer_0025,Male,31,Bergamo,Lombardy,Southern Europe,Italy,2023-01-31,30,Product_30,Hair,Shampoo,4,105,0.1,42.0,420,378.0,190.64,10.0,177.36,46.92,Digital Wallet,Completed,3
480,2024-01-22,2024,2024-01,4,25,Customer_0025,Male,31,Bergamo,Lombardy,Southern Europe,Italy,2023-01-31,45,Product_45,Body,Body Wash,5,78,0.1,39.0,390,351.0,240.3,11.25,99.45,28.33,Digital Wallet,Completed,3
512,2024-01-22,2024,2024-01,4,5,Customer_0005,Non-binary,55,Caserta,Campania,Southern Europe,Italy,2024-02-05,4,Product_4,Body,Deodorant,4,24,0.1,9.6,96,86.4,154.72,10.0,-78.32,-90.65,Digital Wallet,Completed,6
512,2024-01-22,2024,2024-01,4,5,Customer_0005,Non-binary,55,Caserta,Campania,Southern Europe,Italy,2024-02-05,44,Product_44,Body,Deodorant,1,42,0.02,0.84,42,41.16,36.66,6.25,-1.75,-4.25,Digital Wallet,Completed,6
435,2024-01-23,2024,2024-01,4,90,Customer_0090,Female,35,Rome,Lazio,Southern Europe,Italy,2023-08-23,45,Product_45,Body,Body Wash,3,41,0.07,8.61,123,114.39,144.18,11.75,-41.54,-36.31,Digital Wallet,Completed,4
550,2024-01-24,2024,2024-01,4,203,Customer_0203,Non-binary,47,Granada,Andalusia,Southern Europe,Spain,2024-01-12,7,Product_7,Hair,Conditioner,2,116,0.04,9.28,232,222.72,91.16,9.5,122.06,54.8,Digital Wallet,Completed,3
550,2024-01-24,2024,2024-01,4,203,Customer_0203,Non-binary,47,Granada,Andalusia,Southern Europe,Spain,2024-01-12,26,Product_26,Makeup,Mascara,2,74,0.04,5.92,148,142.08,87.56,9.5,45.02,31.69,Digital Wallet,Completed,3
687,2024-01-24,2024,2024-01,4,195,Customer_0195,Female,32,Madrid,Madrid,Southern Europe,Spain,2023-06-07,8,Product_8,Body,Hand Care,3,23,0.07,4.83,69,64.17,140.1,11.75,-87.68,-136.64,Bank Transfer,Completed,1
687,2024-01-24,2024,2024-01,4,195,Customer_0195,Female,32,Madrid,Madrid,Southern Europe,Spain,2023-06-07,30,Product_30,Hair,Shampoo,3,36,0.07,7.56,108,100.44,142.98,11.75,-54.29,-54.05,Bank Transfer,Completed,1
192,2024-01-25,2024,2024-01,4,240,Customer_0240,Female,60,Paris,Ile-de-France,Western Europe,France,2024-04-26,13,Product_13,Skin,Sunscreen,5,107,0.1,53.5,535,481.5,229.55,11.25,240.7,49.99,Card,Completed,1
192,2024-01-25,2024,2024-01,4,240,Customer_0240,Female,60,Paris,Ile-de-France,Western Europe,France,2024-04-26,23,Product_23,Body,Hand Care,3,12,0.07,2.52,36,33.48,127.02,8.75,-102.29,-305.53,Card,Completed,1
192,2024-01-25,2024,2024-01,4,240,Customer_0240,Female,60,Paris,Ile-de-France,Western Europe,France,2024-04-26,48,Product_48,Hair,Shampoo,3,85,0.07,17.85,255,237.15,119.94,8.75,108.46,45.73,Card,Completed,1
222,2024-01-25,2024,2024-01,4,233,Customer_0233,Non-binary,52,Granada,Andalusia,Southern Europe,Spain,2023-05-29,20,Product_20,Hair,Hair Mask,2,35,0.04,2.8,70,67.2,99.18,9.5,-41.48,-61.73,Cash on Delivery,Completed,6
222,2024-01-25,2024,2024-01,4,233,Customer_0233,Non-binary,52,Granada,Andalusia,Southern Europe,Spain,2023-05-29,28,Product_28,Hair,Styling,1,92,0.02,1.84,92,90.16,40.29,8.25,41.62,46.16,Cash on Delivery,Completed,6
377,2024-01-25,2024,2024-01,4,247,Customer_0247,Male,27,Girona,Catalonia,Southern Europe,Spain,2024-05-12,33,Product_33,Hair,Hair Oil,3,96,0.07,20.16,288,267.84,128.94,9.75,129.15,48.22,Card,Completed,5
651,2024-01-25,2024,2024-01,4,103,Customer_0103,Male,44,Bergamo,Lombardy,Southern Europe,Italy,2023-03-22,13,Product_13,Skin,Sunscreen,2,40,0.04,3.2,80,0.0,0.0,10.5,0.0,0.0,Bank Transfer,Cancelled,2
651,2024-01-25,2024,2024-01,4,103,Customer_0103,Male,44,Bergamo,Lombardy,Southern Europe,Italy,2023-03-22,27,Product_27,Makeup,Eyeshadow,1,24,0.02,0.48,24,0.0,0.0,9.25,0.0,0.0,Bank Transfer,Cancelled,2
651,2024-01-25,2024,2024-01,4,103,Customer_0103,Male,44,Bergamo,Lombardy,Southern Europe,Italy,2023-03-22,29,Product_29,Makeup,Blush,2,70,0.04,5.6,140,0.0,0.0,10.5,0.0,0.0,Bank Transfer,Cancelled,2
651,2024-01-25,2024,2024-01,4,103,Customer_0103,Male,44,Bergamo,Lombardy,Southern Europe,Italy,2023-03-22,42,Product_42,Skin,Moisturizer,5,111,0.1,55.5,555,0.0,0.0,14.25,0.0,0.0,Bank Transfer,Cancelled,2
228,2024-01-26,2024,2024-01,4,54,Customer_0054,Female,29,Casablanca,Casablanca-Settat,North Africa,Morocco,2023-06-12,10,Product_10,Hair,Styling,1,40,0.02,0.8,40,39.2,54.82,7.0,-22.62,-57.7,Bank Transfer,Completed,5
839,2024-01-26,2024,2024-01,4,265,Customer_0265,Male,30,Bergamo,Lombardy,Southern Europe,Italy,2023-03-29,5,Product_5,Skin,Cleanser,5,111,0.1,55.5,555,499.5,278.75,14.25,206.5,41.34,Card,Completed,2
980,2024-01-26,2024,2024-01,4,285,Customer_0285,Female,47,Madrid,Madrid,Southern Europe,Spain,2023-07-21,11,Product_11,Makeup,Blush,1,19,0.02,0.38,19,18.62,47.72,6.25,-35.35,-189.85,Digital Wallet,Completed,4
980,2024-01-26,2024,2024-01,4,285,Customer_0285,Female,47,Madrid,Madrid,Southern Europe,Spain,2023-07-21,22,Product_22,Makeup,Concealer,5,97,0.1,48.5,485,436.5,213.65,11.25,211.6,48.48,Digital Wallet,Completed,4
980,2024-01-26,2024,2024-01,4,285,Customer_0285,Female,47,Madrid,Madrid,Southern Europe,Spain,2023-07-21,47,Product_47,Hair,Scalp Care,1,57,0.02,1.14,57,55.86,45.42,6.25,4.19,7.5,Digital Wallet,Completed,4
536,2024-01-27,2024,2024-01,4,148,Customer_0148,Male,31,Sale,Rabat-Sale-Kenitra,North Africa,Morocco,2024-04-02,1,Product_1,Body,Body Lotion,3,67,0.07,14.07,201,186.93,135.99,9.8,41.14,22.01,Card,Completed,4
536,2024-01-27,2024,2024-01,4,148,Customer_0148,Male,31,Sale,Rabat-Sale-Kenitra,North Africa,Morocco,2024-04-02,5,Product_5,Skin,Cleanser,1,103,0.02,2.06,103,100.94,55.75,7.0,38.19,37.83,Card,Completed,4
536,2024-01-27,2024,2024-01,4,148,Customer_0148,Male,31,Sale,Rabat-Sale-Kenitra,North Africa,Morocco,2024-04-02,34,Product_34,Hair,Styling,2,93,0.04,7.44,186,178.56,66.74,8.4,103.42,57.92,Card,Completed,4
536,2024-01-27,2024,2024-01,4,148,Customer_0148,Male,31,Sale,Rabat-Sale-Kenitra,North Africa,Morocco,2024-04-02,36,Product_36,Skin,Serum,5,75,0.1,37.5,375,337.5,270.35,12.6,54.55,16.16,Card,Completed,4
544,2024-01-27,2024,2024-01,4,173,Customer_0173,Non-binary,42,Essaouira,Marrakesh-Safi,North Africa,Morocco,2024-04-28,20,Product_20,Hair,Hair Mask,2,47,0.06,5.64,94,0.0,0.0,8.4,0.0,0.0,Digital Wallet,Returned,4
544,2024-01-27,2024,2024-01,4,173,Customer_0173,Non-binary,42,Essaouira,Marrakesh-Safi,North Africa,Morocco,2024-04-28,27,Product_27,Makeup,Eyeshadow,3,56,0.09,15.12,168,0.0,0.0,9.8,0.0,0.0,Digital Wallet,Returned,4
544,2024-01-27,2024,2024-01,4,173,Customer_0173,Non-binary,42,Essaouira,Marrakesh-Safi,North Africa,Morocco,2024-04-28,34,Product_34,Hair,Styling,3,91,0.09,24.57,273,0.0,0.0,9.8,0.0,0.0,Digital Wallet,Returned,4
741,2024-01-28,2024,2024-01,4,239,Customer_0239,Non-binary,53,Granada,Andalusia,Southern Europe,Spain,2023-07-13,6,Product_6,Body,Body Lotion,5,35,0.1,17.5,175,157.5,225.85,12.25,-80.6,-51.17,Card,Completed,4
108,2024-01-29,2024,2024-01,5,207,Customer_0207,Female,34,Munich,Bavaria,Central Europe,Germany,2023-03-18,14,Product_14,Body,Deodorant,5,36,0.1,18.0,180,0.0,0.0,11.25,0.0,0.0,Cash on Delivery,Cancelled,2
153,2024-01-29,2024,2024-01,5,234,Customer_0234,Female,59,Munich,Bavaria,Central Europe,Germany,2023-07-23,11,Product_11,Makeup,Blush,3,64,0.09,17.28,192,0.0,0.0,9.75,0.0,0.0,Cash on Delivery,Returned,0
153,2024-01-29,2024,2024-01,5,234,Customer_0234,Female,59,Munich,Bavaria,Central Europe,Germany,2023-07-23,19,Product_19,Makeup,Lipstick,1,82,0.04,3.28,82,0.0,0.0,7.25,0.0,0.0,Cash on Delivery,Returned,0
283,2024-01-29,2024,2024-01,5,95,Customer_0095,Non-binary,29,Granada,Andalusia,Southern Europe,Spain,2023-11-23,6,Product_6,Body,Body Lotion,5,43,0.1,21.5,215,0.0,0.0,14.25,0.0,0.0,Bank Transfer,Cancelled,3
283,2024-01-29,2024,2024-01,5,95,Customer_0095,Non-binary,29,Granada,Andalusia,Southern Europe,Spain,2023-11-23,10,Product_10,Hair,Styling,2,37,0.04,2.96,74,0.0,0.0,10.5,0.0,0.0,Bank Transfer,Cancelled,3
283,2024-01-29,2024,2024-01,5,95,Customer_0095,Non-binary,29,Granada,Andalusia,Southern Europe,Spain,2023-11-23,35,Product_35,Skin,Cleanser,5,39,0.1,19.5,195,0.0,0.0,14.25,0.0,0.0,Bank Transfer,Cancelled,3
283,2024-01-29,2024,2024-01,5,95,Customer_0095,Non-binary,29,Granada,Andalusia,Southern Europe,Spain,2023-11-23,36,Product_36,Skin,Serum,3,48,0.07,10.08,144,0.0,0.0,11.75,0.0,0.0,Bank Transfer,Cancelled,3
283,2024-01-29,2024,2024-01,5,95,Customer_0095,Non-binary,29,Granada,Andalusia,Southern Europe,Spain,2023-11-23,49,Product_49,Makeup,Lipstick,2,49,0.04,3.92,98,0.0,0.0,10.5,0.0,0.0,Bank Transfer,Cancelled,3
369,2024-01-29,2024,2024-01,5,48,Customer_0048,Female,28,Rome,Lazio,Southern Europe,Italy,2023-12-24,13,Product_13,Skin,Sunscreen,4,13,0.1,5.2,52,46.8,183.64,11.0,-147.84,-315.9,Digital Wallet,Completed,2
369,2024-01-29,2024,2024-01,5,48,Customer_0048,Female,28,Rome,Lazio,Southern Europe,Italy,2023-12-24,22,Product_22,Makeup,Concealer,1,19,0.02,0.38,19,18.62,42.73,7.25,-31.36,-168.42,Digital Wallet,Completed,2
369,2024-01-29,2024,2024-01,5,48,Customer_0048,Female,28,Rome,Lazio,Southern Europe,Italy,2023-12-24,26,Product_26,Makeup,Mascara,5,102,0.1,51.0,510,459.0,218.9,12.25,227.85,49.64,Digital Wallet,Completed,2
369,2024-01-29,2024,2024-01,5,48,Customer_0048,Female,28,Rome,Lazio,Southern Europe,Italy,2023-12-24,29,Product_29,Makeup,Blush,4,13,0.1,5.2,52,46.8,131.6,11.0,-95.8,-204.7,Digital Wallet,Completed,2
493,2024-01-29,2024,2024-01,5,163,Customer_0163,Male,54,Girona,Catalonia,Southern Europe,Spain,2023-07-27,17,Product_17,Hair,Scalp Care,5,23,0.1,11.5,115,103.5,222.75,12.25,-131.5,-127.05,Card,Completed,2
493,2024-01-29,2024,2024-01,5,163,Customer_0163,Male,54,Girona,Catalonia,Southern Europe,Spain,2023-07-27,35,Product_35,Skin,Cleanser,3,90,0.07,18.9,270,251.1,149.04,9.75,92.31,36.76,Card,Completed,2
434,2024-01-31,2024,2024-01,5,93,Customer_0093,Female,56,Munich,Bavaria,Central Europe,Germany,2023-12-24,1,Product_1,Body,Body Lotion,3,97,0.07,20.37,291,270.63,135.99,10.75,123.89,45.78,Cash on Delivery,Completed,2
434,2024-01-31,2024,2024-01,5,93,Customer_0093,Female,56,Munich,Bavaria,Central Europe,Germany,2023-12-24,18,Product_18,Makeup,Foundation,4,61,0.1,24.4,244,219.6,169.28,12.0,38.32,17.45,Cash on Delivery,Completed,2
434,2024-01-31,2024,2024-01,5,93,Customer_0093,Female,56,Munich,Bavaria,Central Europe,Germany,2023-12-24,40,Product_40,Hair,Styling,2,11,0.04,0.88,22,21.12,100.04,9.5,-88.42,-418.66,Cash on Delivery,Completed,2
494,2024-02-02,2024,2024-02,5,215,Customer_0215,Non-binary,49,Bonn,North Rhine-Westphalia,Central Europe,Germany,2024-02-15,23,Product_23,Body,Hand Care,3,56,0.07,11.76,168,156.24,127.02,10.75,18.47,11.82,Digital Wallet,Completed,4
494,2024-02-02,2024,2024-02,5,215,Customer_0215,Non-binary,49,Bonn,North Rhine-Westphalia,Central Europe,Germany,2024-02-15,26,Product_26,Makeup,Mascara,2,83,0.04,6.64,166,159.36,87.56,9.5,62.3,39.09,Digital Wallet,Completed,4
494,2024-02-02,2024,2024-02,5,215,Customer_0215,Non-binary,49,Bonn,North Rhine-Westphalia,Central Europe,Germany,2024-02-15,36,Product_36,Skin,Serum,3,46,0.07,9.66,138,128.34,162.21,10.75,-44.62,-34.77,Digital Wallet,Completed,4
121,2024-02-03,2024,2024-02,5,171,Customer_0171,Female,28,Rome,Lazio,Southern Europe,Italy,2023-07-09,31,Product_31,Body,Body Lotion,2,80,0.06,9.6,160,0.0,0.0,8.5,0.0,0.0,Card,Returned,1
273,2024-02-03,2024,2024-02,5,172,Customer_0172,Male,35,Bergamo,Lombardy,Southern Europe,Italy,2023-07-18,5,Product_5,Skin,Cleanser,5,71,0.12,42.6,355,0.0,0.0,12.25,0.0,0.0,Digital Wallet,Returned,3
678,2024-02-04,2024,2024-02,5,240,Customer_0240,Female,60,Paris,Ile-de-France,Western Europe,France,2024-04-26,18,Product_18,Makeup,Foundation,2,90,0.06,10.8,180,0.0,0.0,9.5,0.0,0.0,Bank Transfer,Returned,1
678,2024-02-04,2024,2024-02,5,240,Customer_0240,Female,60,Paris,Ile-de-France,Western Europe,France,2024-04-26,20,Product_20,Hair,Hair Mask,2,104,0.06,12.48,208,0.0,0.0,9.5,0.0,0.0,Bank Transfer,Returned,1
790,2024-02-04,2024,2024-02,5,137,Customer_0137,Non-binary,36,Annecy,Auvergne-Rhone-Alpes,Western Europe,France,2023-04-15,7,Product_7,Hair,Conditioner,4,30,0.1,12.0,120,108.0,182.32,12.0,-86.32,-79.93,Cash on Delivery,Completed,3
790,2024-02-04,2024,2024-02,5,137,Customer_0137,Non-binary,36,Annecy,Auvergne-Rhone-Alpes,Western Europe,France,2023-04-15,13,Product_13,Skin,Sunscreen,2,114,0.04,9.12,228,218.88,91.82,9.5,117.56,53.71,Cash on Delivery,Completed,3
790,2024-02-04,2024,2024-02,5,137,Customer_0137,Non-binary,36,Annecy,Auvergne-Rhone-Alpes,Western Europe,France,2023-04-15,14,Product_14,Body,Deodorant,2,94,0.04,7.52,188,180.48,82.96,9.5,88.02,48.77,Cash on Delivery,Completed,3
790,2024-02-04,2024,2024-02,5,137,Customer_0137,Non-binary,36,Annecy,Auvergne-Rhone-Alpes,Western Europe,France,2023-04-15,34,Product_34,Hair,Styling,2,26,0.04,2.08,52,49.92,66.74,9.5,-26.32,-52.72,Cash on Delivery,Completed,3
790,2024-02-04,2024,2024-02,5,137,Customer_0137,Non-binary,36,Annecy,Auvergne-Rhone-Alpes,Western Europe,France,2023-04-15,47,Product_47,Hair,Scalp Care,2,64,0.04,5.12,128,122.88,90.84,9.5,22.54,18.34,Cash on Delivery,Completed,3
63,2024-02-05,2024,2024-02,6,296,Customer_0296,Non-binary,42,Annecy,Auvergne-Rhone-Alpes,Western Europe,France,2023-06-11,43,Product_43,Hair,Conditioner,4,99,0.1,39.6,396,356.4,165.16,13.0,178.24,50.01,Cash on Delivery,Completed,2
386,2024-02-06,2024,2024-02,6,47,Customer_0047,Non-binary,21,Caserta,Campania,Southern Europe,Italy,2024-01-16,23,Product_23,Body,Hand Care,3,98,0.07,20.58,294,273.42,127.02,10.75,135.65,49.61,Digital Wallet,Completed,3
670,2024-02-06,2024,2024-02,6,69,Customer_0069,Female,52,Munich,Bavaria,Central Europe,Germany,2024-02-13,4,Product_4,Body,Deodorant,1,71,0.02,1.42,71,69.58,38.68,8.25,22.65,32.55,Cash on Delivery,Completed,5
193,2024-02-08,2024,2024-02,6,144,Customer_0144,Female,44,Paris,Ile-de-France,Western Europe,France,2023-06-22,2,Product_2,Skin,Moisturizer,1,42,0.02,0.84,42,41.16,41.33,7.25,-7.42,-18.03,Digital Wallet,Completed,7
193,2024-02-08,2024,2024-02,6,144,Customer_0144,Female,44,Paris,Ile-de-France,Western Europe,France,2023-06-22,14,Product_14,Body,Deodorant,5,115,0.1,57.5,575,517.5,207.4,12.25,297.85,57.56,Digital Wallet,Completed,7
193,2024-02-08,2024,2024-02,6,144,Customer_0144,Female,44,Paris,Ile-de-France,Western Europe,France,2023-06-22,46,Product_46,Makeup,Concealer,2,73,0.04,5.84,146,140.16,88.88,8.5,42.78,30.52,Digital Wallet,Completed,7
193,2024-02-08,2024,2024-02,6,144,Customer_0144,Female,44,Paris,Ile-de-France,Western Europe,France,2023-06-22,47,Product_47,Hair,Scalp Care,4,112,0.1,44.8,448,403.2,181.68,11.0,210.52,52.21,Digital Wallet,Completed,7
262,2024-02-08,2024,2024-02,6,226,Customer_0226,Male,44,Sale,Rabat-Sale-Kenitra,North Africa,Morocco,2024-03-13,3,Product_3,Hair,Hair Oil,3,103,0.09,27.81,309,0.0,0.0,12.04,0.0,0.0,Card,Returned,1
262,2024-02-08,2024,2024-02,6,226,Customer_0226,Male,44,Sale,Rabat-Sale-Kenitra,North Africa,Morocco,2024-03-13,32,Product_32,Body,Scrub,1,104,0.04,4.16,104,0.0,0.0,9.24,0.0,0.0,Card,Returned,1
281,2024-02-08,2024,2024-02,6,280,Customer_0280,Male,53,Bergamo,Lombardy,Southern Europe,Italy,2023-01-31,28,Product_28,Hair,Styling,4,63,0.1,25.2,252,226.8,161.16,11.0,54.64,24.09,Digital Wallet,Completed,2
439,2024-02-08,2024,2024-02,6,114,Customer_0114,Female,39,Casablanca,Casablanca-Settat,North Africa,Morocco,2023-05-22,6,Product_6,Body,Body Lotion,1,43,0.02,0.86,43,42.14,45.17,10.36,-13.39,-31.78,Digital Wallet,Completed,1
439,2024-02-08,2024,2024-02,6,114,Customer_0114,Female,39,Casablanca,Casablanca-Settat,North Africa,Morocco,2023-05-22,26,Product_26,Makeup,Mascara,5,30,0.1,15.0,150,135.0,218.9,15.96,-99.86,-73.97,Digital Wallet,Completed,1
439,2024-02-08,2024,2024-02,6,114,Customer_0114,Female,39,Casablanca,Casablanca-Settat,North Africa,Morocco,2023-05-22,43,Product_43,Hair,Conditioner,1,50,0.02,1.0,50,49.0,41.29,10.36,-2.65,-5.41,Digital Wallet,Completed,1
503,2024-02-08,2024,2024-02,6,230,Customer_0230,Non-binary,31,Essaouira,Marrakesh-Safi,North Africa,Morocco,2023-02-10,14,Product_14,Body,Deodorant,3,89,0.07,18.69,267,248.31,124.44,13.16,110.71,44.59,Digital Wallet,Completed,1
503,2024-02-08,2024,2024-02,6,230,Customer_0230,Non-binary,31,Essaouira,Marrakesh-Safi,North Africa,Morocco,2023-02-10,39,Product_39,Hair,Hair Oil,1,82,0.02,1.64,82,80.36,35.79,10.36,34.21,42.57,Digital Wallet,Completed,1
810,2024-02-08,2024,2024-02,6,300,Customer_0300,Female,29,Madrid,Madrid,Southern Europe,Spain,2023-05-05,18,Product_18,Makeup,Foundation,3,80,0.07,16.8,240,223.2,126.96,10.75,85.49,38.3,Bank Transfer,Completed,1
810,2024-02-08,2024,2024-02,6,300,Customer_0300,Female,29,Madrid,Madrid,Southern Europe,Spain,2023-05-05,23,Product_23,Body,Hand Care,5,101,0.1,50.5,505,454.5,211.7,13.25,229.55,50.51,Bank Transfer,Completed,1
961,2024-02-08,2024,2024-02,6,291,Customer_0291,Female,48,Casablanca,Casablanca-Settat,North Africa,Morocco,2023-01-29,7,Product_7,Hair,Conditioner,1,48,0.02,0.96,48,47.04,45.58,8.12,-6.66,-14.16,Card,Completed,2
98,2024-02-09,2024,2024-02,6,214,Customer_0214,Male,42,Bergamo,Lombardy,Southern Europe,Italy,2023-04-01,15,Product_15,Makeup,Eyeshadow,2,84,0.04,6.72,168,161.28,107.04,9.5,44.74,27.74,Card,Completed,3
98,2024-02-09,2024,2024-02,6,214,Customer_0214,Male,42,Bergamo,Lombardy,Southern Europe,Italy,2023-04-01,47,Product_47,Hair,Scalp Care,5,92,0.1,46.0,460,414.0,227.1,13.25,173.65,41.94,Card,Completed,3
376,2024-02-09,2024,2024-02,6,278,Customer_0278,Non-binary,39,Granada,Andalusia,Southern Europe,Spain,2024-03-25,6,Product_6,Body,Body Lotion,5,26,0.1,13.0,130,117.0,225.85,11.25,-120.1,-102.65,Bank Transfer,Completed,1
376,2024-02-09,2024,2024-02,6,278,Customer_0278,Non-binary,39,Granada,Andalusia,Southern Europe,Spain,2024-03-25,20,Product_20,Hair,Hair Mask,3,42,0.07,8.82,126,117.18,148.77,8.75,-40.34,-34.43,Bank Transfer,Completed,1
392,2024-02-09,2024,2024-02,6,100,Customer_0100,Male,23,Bergamo,Lombardy,Southern Europe,Italy,2024-02-08,8,Product_8,Body,Hand Care,3,57,0.07,11.97,171,159.03,140.1,8.75,10.18,6.4,Card,Completed,3
392,2024-02-09,2024,2024-02,6,100,Customer_0100,Male,23,Bergamo,Lombardy,Southern Europe,Italy,2024-02-08,42,Product_42,Skin,Moisturizer,3,97,0.07,20.37,291,270.63,119.91,8.75,141.97,52.46,Card,Completed,3
401,2024-02-09,2024,2024-02,6,290,Customer_0290,Non-binary,41,Bonn,North Rhine-Westphalia,Central Europe,Germany,2024-04-02,5,Product_5,Skin,Cleanser,2,35,0.04,2.8,70,67.2,111.5,8.5,-52.8,-78.57,Cash on Delivery,Completed,2
401,2024-02-09,2024,2024-02,6,290,Customer_0290,Non-binary,41,Bonn,North Rhine-Westphalia,Central Europe,Germany,2024-04-02,28,Product_28,Hair,Styling,3,85,0.07,17.85,255,237.15,120.87,9.75,106.53,44.92,Cash on Delivery,Completed,2
401,2024-02-09,2024,2024-02,6,290,Customer_0290,Non-binary,41,Bonn,North Rhine-Westphalia,Central Europe,Germany,2024-04-02,33,Product_33,Hair,Hair Oil,4,86,0.1,34.4,344,309.6,171.92,11.0,126.68,40.92,Cash on Delivery,Completed,2
401,2024-02-09,2024,2024-02,6,290,Customer_0290,Non-binary,41,Bonn,North Rhine-Westphalia,Central Europe,Germany,2024-04-02,47,Product_47,Hair,Scalp Care,4,70,0.1,28.0,280,252.0,181.68,11.0,59.32,23.54,Cash on Delivery,Completed,2
401,2024-02-09,2024,2024-02,6,290,Customer_0290,Non-binary,41,Bonn,North Rhine-Westphalia,Central Europe,Germany,2024-04-02,47,Product_47,Hair,Scalp Care,5,70,0.1,35.0,350,315.0,227.1,12.25,75.65,24.02,Cash on Delivery,Completed,2
403,2024-02-09,2024,2024-02,6,223,Customer_0223,Male,23,Girona,Catalonia,Southern Europe,Spain,2023-12-15,11,Product_11,Makeup,Blush,2,60,0.04,4.8,120,115.2,95.44,10.5,9.26,8.04,Bank Transfer,Completed,4
403,2024-02-09,2024,2024-02,6,223,Customer_0223,Male,23,Girona,Catalonia,Southern Europe,Spain,2023-12-15,12,Product_12,Skin,Moisturizer,4,22,0.1,8.8,88,79.2,173.76,13.0,-107.56,-135.81,Bank Transfer,Completed,4
403,2024-02-09,2024,2024-02,6,223,Customer_0223,Male,23,Girona,Catalonia,Southern Europe,Spain,2023-12-15,13,Product_13,Skin,Sunscreen,2,110,0.04,8.8,220,211.2,91.82,10.5,108.88,51.55,Bank Transfer,Completed,4
403,2024-02-09,2024,2024-02,6,223,Customer_0223,Male,23,Girona,Catalonia,Southern Europe,Spain,2023-12-15,16,Product_16,Makeup,Concealer,2,81,0.04,6.48,162,155.52,106.5,10.5,38.52,24.77,Bank Transfer,Completed,4
714,2024-02-09,2024,2024-02,6,239,Customer_0239,Non-binary,53,Granada,Andalusia,Southern Europe,Spain,2023-07-13,9,Product_9,Makeup,Eyeshadow,4,30,0.1,12.0,120,108.0,129.4,12.0,-33.4,-30.93,Digital Wallet,Completed,4
714,2024-02-09,2024,2024-02,6,239,Customer_0239,Non-binary,53,Granada,Andalusia,Southern Europe,Spain,2023-07-13,29,Product_29,Makeup,Blush,3,98,0.07,20.58,294,273.42,98.7,10.75,163.97,59.97,Digital Wallet,Completed,4
714,2024-02-09,2024,2024-02,6,239,Customer_0239,Non-binary,53,Granada,Andalusia,Southern Europe,Spain,2023-07-13,35,Product_35,Skin,Cleanser,3,51,0.07,10.71,153,142.29,149.04,10.75,-17.5,-12.3,Digital Wallet,Completed,4
120,2024-02-10,2024,2024-02,6,143,Customer_0143,Non-binary,37,Caserta,Campania,Southern Europe,Italy,2023-08-24,23,Product_23,Body,Hand Care,3,70,0.07,14.7,210,0.0,0.0,8.75,0.0,0.0,Cash on Delivery,Cancelled,3
588,2024-02-10,2024,2024-02,6,253,Customer_0253,Male,28,Sale,Rabat-Sale-Kenitra,North Africa,Morocco,2023-05-19,47,Product_47,Hair,Scalp Care,2,116,0.04,9.28,232,0.0,0.0,8.4,0.0,0.0,Digital Wallet,Cancelled,3
626,2024-02-10,2024,2024-02,6,51,Customer_0051,Female,49,Munich,Bavaria,Central Europe,Germany,2024-02-03,43,Product_43,Hair,Conditioner,3,118,0.09,31.86,354,0.0,0.0,10.75,0.0,0.0,Digital Wallet,Returned,4
626,2024-02-10,2024,2024-02,6,51,Customer_0051,Female,49,Munich,Bavaria,Central Europe,Germany,2024-02-03,44,Product_44,Body,Deodorant,3,52,0.09,14.04,156,0.0,0.0,10.75,0.0,0.0,Digital Wallet,Returned,4
729,2024-02-10,2024,2024-02,6,214,Customer_0214,Male,42,Bergamo,Lombardy,Southern Europe,Italy,2023-04-01,2,Product_2,Skin,Moisturizer,4,21,0.1,8.4,84,75.6,165.32,11.0,-100.72,-133.23,Cash on Delivery,Completed,3
729,2024-02-10,2024,2024-02,6,214,Customer_0214,Male,42,Bergamo,Lombardy,Southern Europe,Italy,2023-04-01,16,Product_16,Makeup,Concealer,5,35,0.1,17.5,175,157.5,266.25,12.25,-121.0,-76.83,Cash on Delivery,Completed,3
729,2024-02-10,2024,2024-02,6,214,Customer_0214,Male,42,Bergamo,Lombardy,Southern Europe,Italy,2023-04-01,38,Product_38,Makeup,Mascara,2,40,0.04,3.2,80,76.8,85.18,8.5,-16.88,-21.98,Cash on Delivery,Completed,3
118,2024-02-11,2024,2024-02,6,231,Customer_0231,Female,38,Casablanca,Casablanca-Settat,North Africa,Morocco,2024-02-18,18,Product_18,Makeup,Foundation,3,97,0.07,20.37,291,0.0,0.0,12.04,0.0,0.0,Digital Wallet,Cancelled,5
118,2024-02-11,2024,2024-02,6,231,Customer_0231,Female,38,Casablanca,Casablanca-Settat,North Africa,Morocco,2024-02-18,24,Product_24,Hair,Shampoo,3,55,0.07,11.55,165,0.0,0.0,12.04,0.0,0.0,Digital Wallet,Cancelled,5
118,2024-02-11,2024,2024-02,6,231,Customer_0231,Female,38,Casablanca,Casablanca-Settat,North Africa,Morocco,2024-02-18,32,Product_32,Body,Scrub,5,58,0.1,29.0,290,0.0,0.0,14.84,0.0,0.0,Digital Wallet,Cancelled,5
118,2024-02-11,2024,2024-02,6,231,Customer_0231,Female,38,Casablanca,Casablanca-Settat,North Africa,Morocco,2024-02-18,35,Product_35,Skin,Cleanser,4,54,0.1,21.6,216,0.0,0.0,13.44,0.0,0.0,Digital Wallet,Cancelled,5
191,2024-02-11,2024,2024-02,6,198,Customer_0198,Female,53,Munich,Bavaria,Central Europe,Germany,2023-05-02,25,Product_25,Hair,Conditioner,4,42,0.12,20.16,168,0.0,0.0,13.0,0.0,0.0,Digital Wallet,Returned,4
191,2024-02-11,2024,2024-02,6,198,Customer_0198,Female,53,Munich,Bavaria,Central Europe,Germany,2023-05-02,49,Product_49,Makeup,Lipstick,5,47,0.12,28.2,235,0.0,0.0,14.25,0.0,0.0,Digital Wallet,Returned,4
918,2024-02-12,2024,2024-02,7,243,Customer_0243,Female,40,Paris,Ile-de-France,Western Europe,France,2024-03-10,19,Product_19,Makeup,Lipstick,1,72,0.02,1.44,72,70.56,34.26,8.25,28.05,39.75,Digital Wallet,Completed,3
918,2024-02-12,2024,2024-02,7,243,Customer_0243,Female,40,Paris,Ile-de-France,Western Europe,France,2024-03-10,41,Product_41,Skin,Serum,4,111,0.1,44.4,444,399.6,169.88,12.0,217.72,54.48,Digital Wallet,Completed,3
204,2024-02-13,2024,2024-02,7,128,Customer_0128,Non-binary,55,Caserta,Campania,Southern Europe,Italy,2024-03-20,13,Product_13,Skin,Sunscreen,5,36,0.1,18.0,180,162.0,229.55,11.25,-78.8,-48.64,Card,Completed,2
204,2024-02-13,2024,2024-02,7,128,Customer_0128,Non-binary,55,Caserta,Campania,Southern Europe,Italy,2024-03-20,28,Product_28,Hair,Styling,4,66,0.1,26.4,264,237.6,161.16,10.0,66.44,27.96,Card,Completed,2
776,2024-02-13,2024,2024-02,7,6,Customer_0006,Female,21,Rome,Lazio,Southern Europe,Italy,2023-07-13,4,Product_4,Body,Deodorant,5,33,0.1,16.5,165,148.5,193.4,11.25,-56.15,-37.81,Bank Transfer,Completed,3
776,2024-02-13,2024,2024-02,7,6,Customer_0006,Female,21,Rome,Lazio,Southern Europe,Italy,2023-07-13,7,Product_7,Hair,Conditioner,1,87,0.02,1.74,87,85.26,45.58,6.25,33.43,39.21,Bank Transfer,Completed,3
776,2024-02-13,2024,2024-02,7,6,Customer_0006,Female,21,Rome,Lazio,Southern Europe,Italy,2023-07-13,40,Product_40,Hair,Styling,5,109,0.1,54.5,545,490.5,250.1,11.25,229.15,46.72,Bank Transfer,Completed,3
776,2024-02-13,2024,2024-02,7,6,Customer_0006,Female,21,Rome,Lazio,Southern Europe,Italy,2023-07-13,45,Product_45,Body,Body Wash,2,65,0.04,5.2,130,124.8,96.12,7.5,21.18,16.97,Bank Transfer,Completed,3
776,2024-02-13,2024,2024-02,7,6,Customer_0006,Female,21,Rome,Lazio,Southern Europe,Italy,2023-07-13,49,Product_49,Makeup,Lipstick,3,106,0.07,22.26,318,295.74,104.01,8.75,182.98,61.87,Bank Transfer,Completed,3
420,2024-02-14,2024,2024-02,7,268,Customer_0268,Male,51,Nice,Provence-Alpes-Cote d'Azur,Western Europe,France,2023-05-10,14,Product_14,Body,Deodorant,4,104,0.1,41.6,416,374.4,165.92,10.0,198.48,53.01,Card,Completed,2
420,2024-02-14,2024,2024-02,7,268,Customer_0268,Male,51,Nice,Provence-Alpes-Cote d'Azur,Western Europe,France,2023-05-10,33,Product_33,Hair,Hair Oil,3,72,0.07,15.12,216,200.88,128.94,8.75,63.19,31.46,Card,Completed,2
420,2024-02-14,2024,2024-02,7,268,Customer_0268,Male,51,Nice,Provence-Alpes-Cote d'Azur,Western Europe,France,2023-05-10,36,Product_36,Skin,Serum,3,78,0.07,16.38,234,217.62,162.21,8.75,46.66,21.44,Card,Completed,2
420,2024-02-14,2024,2024-02,7,268,Customer_0268,Male,51,Nice,Provence-Alpes-Cote d'Azur,Western Europe,France,2023-05-10,42,Product_42,Skin,Moisturizer,2,28,0.04,2.24,56,53.76,79.94,7.5,-33.68,-62.65,Card,Completed,2
431,2024-02-14,2024,2024-02,7,215,Customer_0215,Non-binary,49,Bonn,North Rhine-Westphalia,Central Europe,Germany,2024-02-15,39,Product_39,Hair,Hair Oil,3,101,0.09,27.27,303,0.0,0.0,11.75,0.0,0.0,Bank Transfer,Returned,4
143,2024-02-15,2024,2024-02,7,225,Customer_0225,Female,37,Casablanca,Casablanca-Settat,North Africa,Morocco,2023-03-02,47,Product_47,Hair,Scalp Care,4,93,0.1,37.2,372,334.8,181.68,14.56,138.56,41.39,Card,Completed,1
449,2024-02-15,2024,2024-02,7,36,Customer_0036,Female,26,Rome,Lazio,Southern Europe,Italy,2024-01-03,45,Product_45,Body,Body Wash,3,71,0.07,14.91,213,198.09,144.18,9.75,44.16,22.29,Digital Wallet,Completed,4
449,2024-02-15,2024,2024-02,7,36,Customer_0036,Female,26,Rome,Lazio,Southern Europe,Italy,2024-01-03,46,Product_46,Makeup,Concealer,3,88,0.07,18.48,264,245.52,133.32,9.75,102.45,41.73,Digital Wallet,Completed,4
552,2024-02-15,2024,2024-02,7,229,Customer_0229,Male,24,Nice,Provence-Alpes-Cote d'Azur,Western Europe,France,2023-04-05,8,Product_8,Body,Hand Care,1,70,0.02,1.4,70,68.6,46.7,6.25,15.65,22.81,Digital Wallet,Completed,5
590,2024-02-15,2024,2024-02,7,256,Customer_0256,Male,49,Potsdam,Berlin,Central Europe,Germany,2023-06-03,36,Product_36,Skin,Serum,3,56,0.07,11.76,168,156.24,162.21,10.75,-16.72,-10.7,Bank Transfer,Completed,2
342,2024-02-16,2024,2024-02,7,196,Customer_0196,Male,39,Girona,Catalonia,Southern Europe,Spain,2023-09-16,42,Product_42,Skin,Moisturizer,4,70,0.1,28.0,280,252.0,159.88,12.0,80.12,31.79,Bank Transfer,Completed,3
974,2024-02-16,2024,2024-02,7,152,Customer_0152,Non-binary,59,Essaouira,Marrakesh-Safi,North Africa,Morocco,2023-09-15,25,Product_25,Hair,Conditioner,4,118,0.1,47.2,472,424.8,214.28,13.44,197.08,46.39,Bank Transfer,Completed,6
974,2024-02-16,2024,2024-02,7,152,Customer_0152,Non-binary,59,Essaouira,Marrakesh-Safi,North Africa,Morocco,2023-09-15,32,Product_32,Body,Scrub,5,68,0.1,34.0,340,306.0,200.0,14.84,91.16,29.79,Bank Transfer,Completed,6
974,2024-02-16,2024,2024-02,7,152,Customer_0152,Non-binary,59,Essaouira,Marrakesh-Safi,North Africa,Morocco,2023-09-15,46,Product_46,Makeup,Concealer,1,56,0.02,1.12,56,54.88,44.44,9.24,1.2,2.19,Bank Transfer,Completed,6
974,2024-02-16,2024,2024-02,7,152,Customer_0152,Non-binary,59,Essaouira,Marrakesh-Safi,North Africa,Morocco,2023-09-15,49,Product_49,Makeup,Lipstick,2,90,0.04,7.2,180,172.8,69.34,10.64,92.82,53.72,Bank Transfer,Completed,6
974,2024-02-16,2024,2024-02,7,152,Customer_0152,Non-binary,59,Essaouira,Marrakesh-Safi,North Africa,Morocco,2023-09-15,49,Product_49,Makeup,Lipstick,5,40,0.1,20.0,200,180.0,173.35,14.84,-8.19,-4.55,Bank Transfer,Completed,6
990,2024-02-18,2024,2024-02,7,63,Customer_0063,Female,51,Madrid,Madrid,Southern Europe,Spain,2024-03-03,8,Product_8,Body,Hand Care,1,38,0.04,1.52,38,0.0,0.0,8.25,0.0,0.0,Digital Wallet,Returned,6
990,2024-02-18,2024,2024-02,7,63,Customer_0063,Female,51,Madrid,Madrid,Southern Europe,Spain,2024-03-03,17,Product_17,Hair,Scalp Care,1,35,0.04,1.4,35,0.0,0.0,8.25,0.0,0.0,Digital Wallet,Returned,6
990,2024-02-18,2024,2024-02,7,63,Customer_0063,Female,51,Madrid,Madrid,Southern Europe,Spain,2024-03-03,22,Product_22,Makeup,Concealer,5,72,0.12,43.2,360,0.0,0.0,13.25,0.0,0.0,Digital Wallet,Returned,6
546,2024-02-19,2024,2024-02,8,173,Customer_0173,Non-binary,42,Essaouira,Marrakesh-Safi,North Africa,Morocco,2024-04-28,5,Product_5,Skin,Cleanser,1,102,0.02,2.04,102,99.96,55.75,9.24,34.97,34.98,Cash on Delivery,Completed,4
694,2024-02-19,2024,2024-02,8,51,Customer_0051,Female,49,Munich,Bavaria,Central Europe,Germany,2024-02-03,1,Product_1,Body,Body Lotion,5,21,0.1,10.5,105,94.5,226.65,13.25,-145.4,-153.86,Digital Wallet,Completed,4
694,2024-02-19,2024,2024-02,8,51,Customer_0051,Female,49,Munich,Bavaria,Central Europe,Germany,2024-02-03,16,Product_16,Makeup,Concealer,3,69,0.07,14.49,207,192.51,159.75,10.75,22.01,11.43,Digital Wallet,Completed,4
694,2024-02-19,2024,2024-02,8,51,Customer_0051,Female,49,Munich,Bavaria,Central Europe,Germany,2024-02-03,31,Product_31,Body,Body Lotion,1,46,0.02,0.92,46,45.08,51.68,8.25,-14.85,-32.94,Digital Wallet,Completed,4
694,2024-02-19,2024,2024-02,8,51,Customer_0051,Female,49,Munich,Bavaria,Central Europe,Germany,2024-02-03,39,Product_39,Hair,Hair Oil,4,66,0.1,26.4,264,237.6,143.16,12.0,82.44,34.7,Digital Wallet,Completed,4
995,2024-02-19,2024,2024-02,8,141,Customer_0141,Female,23,Munich,Bavaria,Central Europe,Germany,2024-05-11,21,Product_21,Hair,Hair Oil,1,12,0.02,0.24,12,11.76,48.44,9.25,-45.93,-390.56,Card,Completed,1
40,2024-02-20,2024,2024-02,8,242,Customer_0242,Non-binary,33,Annecy,Auvergne-Rhone-Alpes,Western Europe,France,2023-12-02,9,Product_9,Makeup,Eyeshadow,5,13,0.1,6.5,65,58.5,161.75,11.25,-114.5,-195.73,Bank Transfer,Completed,3
40,2024-02-20,2024,2024-02,8,242,Customer_0242,Non-binary,33,Annecy,Auvergne-Rhone-Alpes,Western Europe,France,2023-12-02,26,Product_26,Makeup,Mascara,3,63,0.07,13.23,189,175.77,131.34,8.75,35.68,20.3,Bank Transfer,Completed,3
40,2024-02-20,2024,2024-02,8,242,Customer_0242,Non-binary,33,Annecy,Auvergne-Rhone-Alpes,Western Europe,France,2023-12-02,36,Product_36,Skin,Serum,3,52,0.07,10.92,156,145.08,162.21,8.75,-25.88,-17.84,Bank Transfer,Completed,3
40,2024-02-20,2024,2024-02,8,242,Customer_0242,Non-binary,33,Annecy,Auvergne-Rhone-Alpes,Western Europe,France,2023-12-02,45,Product_45,Body,Body Wash,1,15,0.02,0.3,15,14.7,48.06,6.25,-39.61,-269.46,Bank Transfer,Completed,3
932,2024-02-20,2024,2024-02,8,141,Customer_0141,Female,23,Munich,Bavaria,Central Europe,Germany,2024-05-11,26,Product_26,Makeup,Mascara,2,111,0.04,8.88,222,0.0,0.0,7.5,0.0,0.0,Digital Wallet,Cancelled,1
932,2024-02-20,2024,2024-02,8,141,Customer_0141,Female,23,Munich,Bavaria,Central Europe,Germany,2024-05-11,41,Product_41,Skin,Serum,4,52,0.1,20.8,208,0.0,0.0,10.0,0.0,0.0,Digital Wallet,Cancelled,1
322,2024-02-21,2024,2024-02,8,215,Customer_0215,Non-binary,49,Bonn,North Rhine-Westphalia,Central Europe,Germany,2024-02-15,1,Product_1,Body,Body Lotion,2,65,0.04,5.2,130,124.8,90.66,9.5,24.64,19.74,Digital Wallet,Completed,4
322,2024-02-21,2024,2024-02,8,215,Customer_0215,Non-binary,49,Bonn,North Rhine-Westphalia,Central Europe,Germany,2024-02-15,5,Product_5,Skin,Cleanser,3,12,0.07,2.52,36,33.48,167.25,10.75,-144.52,-431.66,Digital Wallet,Completed,4
940,2024-02-21,2024,2024-02,8,127,Customer_0127,Male,48,Bergamo,Lombardy,Southern Europe,Italy,2023-01-29,2,Product_2,Skin,Moisturizer,4,84,0.1,33.6,336,302.4,165.32,10.0,127.08,42.02,Cash on Delivery,Completed,4
940,2024-02-21,2024,2024-02,8,127,Customer_0127,Male,48,Bergamo,Lombardy,Southern Europe,Italy,2023-01-29,9,Product_9,Makeup,Eyeshadow,4,19,0.1,7.6,76,68.4,129.4,10.0,-71.0,-103.8,Cash on Delivery,Completed,4
940,2024-02-21,2024,2024-02,8,127,Customer_0127,Male,48,Bergamo,Lombardy,Southern Europe,Italy,2023-01-29,30,Product_30,Hair,Shampoo,5,58,0.1,29.0,290,261.0,238.3,11.25,11.45,4.39,Cash on Delivery,Completed,4
940,2024-02-21,2024,2024-02,8,127,Customer_0127,Male,48,Bergamo,Lombardy,Southern Europe,Italy,2023-01-29,33,Product_33,Hair,Hair Oil,5,93,0.1,46.5,465,418.5,214.9,11.25,192.35,45.96,Cash on Delivery,Completed,4
940,2024-02-21,2024,2024-02,8,127,Customer_0127,Male,48,Bergamo,Lombardy,Southern Europe,Italy,2023-01-29,36,Product_36,Skin,Serum,1,73,0.02,1.46,73,71.54,54.07,6.25,11.22,15.68,Cash on Delivery,Completed,4
852,2024-02-22,2024,2024-02,8,229,Customer_0229,Male,24,Nice,Provence-Alpes-Cote d'Azur,Western Europe,France,2023-04-05,32,Product_32,Body,Scrub,4,106,0.1,42.4,424,381.6,160.0,10.0,211.6,55.45,Digital Wallet,Completed,5
852,2024-02-22,2024,2024-02,8,229,Customer_0229,Male,24,Nice,Provence-Alpes-Cote d'Azur,Western Europe,France,2023-04-05,48,Product_48,Hair,Shampoo,1,97,0.02,1.94,97,95.06,39.98,6.25,48.83,51.37,Digital Wallet,Completed,5
341,2024-02-23,2024,2024-02,8,103,Customer_0103,Male,44,Bergamo,Lombardy,Southern Europe,Italy,2023-03-22,32,Product_32,Body,Scrub,2,12,0.06,1.44,24,0.0,0.0,8.5,0.0,0.0,Card,Returned,2
341,2024-02-23,2024,2024-02,8,103,Customer_0103,Male,44,Bergamo,Lombardy,Southern Europe,Italy,2023-03-22,38,Product_38,Makeup,Mascara,5,88,0.12,52.8,440,0.0,0.0,12.25,0.0,0.0,Card,Returned,2
17,2024-02-24,2024,2024-02,8,192,Customer_0192,Female,52,Rome,Lazio,Southern Europe,Italy,2023-08-10,35,Product_35,Skin,Cleanser,2,31,0.04,2.48,62,59.52,99.36,8.5,-48.34,-81.22,Digital Wallet,Completed,4
17,2024-02-24,2024,2024-02,8,192,Customer_0192,Female,52,Rome,Lazio,Southern Europe,Italy,2023-08-10,35,Product_35,Skin,Cleanser,5,40,0.1,20.0,200,180.0,248.4,12.25,-80.65,-44.81,Digital Wallet,Completed,4
17,2024-02-24,2024,2024-02,8,192,Customer_0192,Female,52,Rome,Lazio,Southern Europe,Italy,2023-08-10,41,Product_41,Skin,Serum,2,58,0.04,4.64,116,111.36,84.94,8.5,17.92,16.09,Digital Wallet,Completed,4
17,2024-02-24,2024,2024-02,8,192,Customer_0192,Female,52,Rome,Lazio,Southern Europe,Italy,2023-08-10,48,Product_48,Hair,Shampoo,3,111,0.07,23.31,333,309.69,119.94,9.75,180.0,58.12,Digital Wallet,Completed,4
166,2024-02-24,2024,2024-02,8,113,Customer_0113,Non-binary,32,Granada,Andalusia,Southern Europe,Spain,2024-04-12,6,Product_6,Body,Body Lotion,1,108,0.02,2.16,108,105.84,45.17,8.25,52.42,49.53,Cash on Delivery,Completed,6
166,2024-02-24,2024,2024-02,8,113,Customer_0113,Non-binary,32,Granada,Andalusia,Southern Europe,Spain,2024-04-12,22,Product_22,Makeup,Concealer,4,13,0.1,5.2,52,46.8,170.92,12.0,-136.12,-290.85,Cash on Delivery,Completed,6
166,2024-02-24,2024,2024-02,8,113,Customer_0113,Non-binary,32,Granada,Andalusia,Southern Europe,Spain,2024-04-12,26,Product_26,Makeup,Mascara,5,29,0.1,14.5,145,130.5,218.9,13.25,-101.65,-77.89,Cash on Delivery,Completed,6
166,2024-02-24,2024,2024-02,8,113,Customer_0113,Non-binary,32,Granada,Andalusia,Southern Europe,Spain,2024-04-12,42,Product_42,Skin,Moisturizer,4,96,0.1,38.4,384,345.6,159.88,12.0,173.72,50.27,Cash on Delivery,Completed,6
166,2024-02-24,2024,2024-02,8,113,Customer_0113,Non-binary,32,Granada,Andalusia,Southern Europe,Spain,2024-04-12,46,Product_46,Makeup,Concealer,2,25,0.04,2.0,50,48.0,88.88,9.5,-50.38,-104.96,Cash on Delivery,Completed,6
166,2024-02-24,2024,2024-02,8,113,Customer_0113,Non-binary,32,Granada,Andalusia,Southern Europe,Spain,2024-04-12,47,Product_47,Hair,Scalp Care,4,53,0.1,21.2,212,190.8,181.68,12.0,-2.88,-1.51,Cash on Delivery,Completed,6
400,2024-02-25,2024,2024-02,8,100,Customer_0100,Male,23,Bergamo,Lombardy,Southern Europe,Italy,2024-02-08,2,Product_2,Skin,Moisturizer,4,24,0.1,9.6,96,86.4,165.32,10.0,-88.92,-102.92,Card,Completed,3
400,2024-02-25,2024,2024-02,8,100,Customer_0100,Male,23,Bergamo,Lombardy,Southern Europe,Italy,2024-02-08,44,Product_44,Body,Deodorant,2,66,0.04,5.28,132,126.72,73.32,7.5,45.9,36.22,Card,Completed,3
208,2024-02-26,2024,2024-02,9,151,Customer_0151,Male,52,Potsdam,Berlin,Central Europe,Germany,2023-06-06,27,Product_27,Makeup,Eyeshadow,4,76,0.12,36.48,304,0.0,0.0,10.0,0.0,0.0,Cash on Delivery,Returned,3
208,2024-02-26,2024,2024-02,9,151,Customer_0151,Male,52,Potsdam,Berlin,Central Europe,Germany,2023-06-06,43,Product_43,Hair,Conditioner,5,24,0.12,14.4,120,0.0,0.0,11.25,0.0,0.0,Cash on Delivery,Returned,3
525,2024-02-27,2024,2024-02,9,91,Customer_0091,Male,42,Bergamo,Lombardy,Southern Europe,Italy,2023-12-15,6,Product_6,Body,Body Lotion,2,58,0.04,4.64,116,111.36,90.34,8.5,12.52,11.24,Card,Completed,1
525,2024-02-27,2024,2024-02,9,91,Customer_0091,Male,42,Bergamo,Lombardy,Southern Europe,Italy,2023-12-15,16,Product_16,Makeup,Concealer,1,83,0.02,1.66,83,81.34,53.25,7.25,20.84,25.62,Card,Completed,1
525,2024-02-27,2024,2024-02,9,91,Customer_0091,Male,42,Bergamo,Lombardy,Southern Europe,Italy,2023-12-15,26,Product_26,Makeup,Mascara,2,33,0.04,2.64,66,63.36,87.56,8.5,-32.7,-51.61,Card,Completed,1
525,2024-02-27,2024,2024-02,9,91,Customer_0091,Male,42,Bergamo,Lombardy,Southern Europe,Italy,2023-12-15,45,Product_45,Body,Body Wash,4,97,0.1,38.8,388,349.2,192.24,11.0,145.96,41.8,Card,Completed,1
89,2024-02-28,2024,2024-02,9,201,Customer_0201,Female,33,Paris,Ile-de-France,Western Europe,France,2024-01-16,4,Product_4,Body,Deodorant,4,82,0.1,32.8,328,295.2,154.72,11.0,129.48,43.86,Bank Transfer,Completed,3
89,2024-02-28,2024,2024-02,9,201,Customer_0201,Female,33,Paris,Ile-de-France,Western Europe,France,2024-01-16,41,Product_41,Skin,Serum,4,54,0.1,21.6,216,194.4,169.88,11.0,13.52,6.95,Bank Transfer,Completed,3
226,2024-02-28,2024,2024-02,9,131,Customer_0131,Non-binary,35,Granada,Andalusia,Southern Europe,Spain,2024-04-08,23,Product_23,Body,Hand Care,4,82,0.1,32.8,328,295.2,169.36,12.0,113.84,38.56,Digital Wallet,Completed,3
226,2024-02-28,2024,2024-02,9,131,Customer_0131,Non-binary,35,Granada,Andalusia,Southern Europe,Spain,2024-04-08,39,Product_39,Hair,Hair Oil,5,65,0.1,32.5,325,292.5,178.95,13.25,100.3,34.29,Digital Wallet,Completed,3
324,2024-02-28,2024,2024-02,9,153,Customer_0153,Female,25,Munich,Bavaria,Central Europe,Germany,2023-06-13,45,Product_45,Body,Body Wash,2,10,0.06,1.2,20,0.0,0.0,7.5,0.0,0.0,Digital Wallet,Returned,2
414,2024-02-28,2024,2024-02,9,152,Customer_0152,Non-binary,59,Essaouira,Marrakesh-Safi,North Africa,Morocco,2023-09-15,1,Product_1,Body,Body Lotion,1,59,0.02,1.18,59,0.0,0.0,9.24,0.0,0.0,Bank Transfer,Cancelled,6
414,2024-02-28,2024,2024-02,9,152,Customer_0152,Non-binary,59,Essaouira,Marrakesh-Safi,North Africa,Morocco,2023-09-15,8,Product_8,Body,Hand Care,3,115,0.07,24.15,345,0.0,0.0,12.04,0.0,0.0,Bank Transfer,Cancelled,6
414,2024-02-28,2024,2024-02,9,152,Customer_0152,Non-binary,59,Essaouira,Marrakesh-Safi,North Africa,Morocco,2023-09-15,9,Product_9,Makeup,Eyeshadow,2,46,0.04,3.68,92,0.0,0.0,10.64,0.0,0.0,Bank Transfer,Cancelled,6
414,2024-02-28,2024,2024-02,9,152,Customer_0152,Non-binary,59,Essaouira,Marrakesh-Safi,North Africa,Morocco,2023-09-15,28,Product_28,Hair,Styling,5,73,0.1,36.5,365,0.0,0.0,14.84,0.0,0.0,Bank Transfer,Cancelled,6
414,2024-02-28,2024,2024-02,9,152,Customer_0152,Non-binary,59,Essaouira,Marrakesh-Safi,North Africa,Morocco,2023-09-15,38,Product_38,Makeup,Mascara,2,109,0.04,8.72,218,0.0,0.0,10.64,0.0,0.0,Bank Transfer,Cancelled,6
415,2024-02-28,2024,2024-02,9,178,Customer_0178,Male,36,Nice,Provence-Alpes-Cote d'Azur,Western Europe,France,2023-11-20,35,Product_35,Skin,Cleanser,4,41,0.1,16.4,164,147.6,198.72,13.0,-64.12,-43.44,Digital Wallet,Completed,2
674,2024-02-28,2024,2024-02,9,205,Customer_0205,Male,20,Sale,Rabat-Sale-Kenitra,North Africa,Morocco,2023-10-24,8,Product_8,Body,Hand Care,2,87,0.04,6.96,174,167.04,93.4,10.64,63.0,37.72,Cash on Delivery,Completed,2
674,2024-02-28,2024,2024-02,9,205,Customer_0205,Male,20,Sale,Rabat-Sale-Kenitra,North Africa,Morocco,2023-10-24,13,Product_13,Skin,Sunscreen,2,112,0.04,8.96,224,215.04,91.82,10.64,112.58,52.35,Cash on Delivery,Completed,2
674,2024-02-28,2024,2024-02,9,205,Customer_0205,Male,20,Sale,Rabat-Sale-Kenitra,North Africa,Morocco,2023-10-24,25,Product_25,Hair,Conditioner,5,81,0.1,40.5,405,364.5,267.85,14.84,81.81,22.44,Cash on Delivery,Completed,2
674,2024-02-28,2024,2024-02,9,205,Customer_0205,Male,20,Sale,Rabat-Sale-Kenitra,North Africa,Morocco,2023-10-24,46,Product_46,Makeup,Concealer,3,94,0.07,19.74,282,262.26,133.32,12.04,116.9,44.57,Cash on Delivery,Completed,2
793,2024-02-28,2024,2024-02,9,31,Customer_0031,Male,32,Bergamo,Lombardy,Southern Europe,Italy,2023-05-26,43,Product_43,Hair,Conditioner,2,39,0.04,3.12,78,74.88,82.58,8.5,-16.2,-21.63,Card,Completed,1
466,2024-02-29,2024,2024-02,9,187,Customer_0187,Male,58,Sale,Rabat-Sale-Kenitra,North Africa,Morocco,2024-02-14,13,Product_13,Skin,Sunscreen,3,64,0.07,13.44,192,178.56,137.73,12.04,28.79,16.12,Digital Wallet,Completed,5
538,2024-02-29,2024,2024-02,9,190,Customer_0190,Male,38,Girona,Catalonia,Southern Europe,Spain,2023-10-20,37,Product_37,Makeup,Lipstick,2,118,0.04,9.44,236,226.56,92.06,9.5,125.0,55.17,Card,Completed,4
999,2024-02-29,2024,2024-02,9,158,Customer_0158,Non-binary,60,Caserta,Campania,Southern Europe,Italy,2024-01-02,19,Product_19,Makeup,Lipstick,2,18,0.04,1.44,36,34.56,68.52,10.5,-44.46,-128.65,Digital Wallet,Completed,4
189,2024-03-01,2024,2024-03,9,280,Customer_0280,Male,53,Bergamo,Lombardy,Southern Europe,Italy,2023-01-31,22,Product_22,Makeup,Concealer,3,103,0.09,27.81,309,0.0,0.0,9.75,0.0,0.0,Digital Wallet,Returned,2
189,2024-03-01,2024,2024-03,9,280,Customer_0280,Male,53,Bergamo,Lombardy,Southern Europe,Italy,2023-01-31,50,Product_50,Skin,Cleanser,3,97,0.09,26.19,291,0.0,0.0,9.75,0.0,0.0,Digital Wallet,Returned,2
310,2024-03-01,2024,2024-03,9,170,Customer_0170,Non-binary,21,Essaouira,Marrakesh-Safi,North Africa,Morocco,2023-09-07,26,Product_26,Makeup,Mascara,3,25,0.07,5.25,75,69.75,131.34,12.04,-73.63,-105.56,Card,Completed,4
349,2024-03-01,2024,2024-03,9,158,Customer_0158,Non-binary,60,Caserta,Campania,Southern Europe,Italy,2024-01-02,12,Product_12,Skin,Moisturizer,3,18,0.07,3.78,54,50.22,130.32,9.75,-89.85,-178.91,Cash on Delivery,Completed,4
317,2024-03-02,2024,2024-03,9,264,Customer_0264,Female,23,Paris,Ile-de-France,Western Europe,France,2023-01-02,4,Product_4,Body,Deodorant,1,119,0.02,2.38,119,116.62,38.68,7.25,70.69,60.62,Digital Wallet,Completed,4
317,2024-03-02,2024,2024-03,9,264,Customer_0264,Female,23,Paris,Ile-de-France,Western Europe,France,2023-01-02,28,Product_28,Hair,Styling,1,42,0.02,0.84,42,41.16,40.29,7.25,-6.38,-15.5,Digital Wallet,Completed,4
317,2024-03-02,2024,2024-03,9,264,Customer_0264,Female,23,Paris,Ile-de-France,Western Europe,France,2023-01-02,45,Product_45,Body,Body Wash,4,85,0.1,34.0,340,306.0,192.24,11.0,102.76,33.58,Digital Wallet,Completed,4
352,2024-03-02,2024,2024-03,9,120,Customer_0120,Female,40,Madrid,Madrid,Southern Europe,Spain,2023-03-20,29,Product_29,Makeup,Blush,5,46,0.1,23.0,230,207.0,164.5,11.25,31.25,15.1,Card,Completed,1
352,2024-03-02,2024,2024-03,9,120,Customer_0120,Female,40,Madrid,Madrid,Southern Europe,Spain,2023-03-20,35,Product_35,Skin,Cleanser,5,52,0.1,26.0,260,234.0,248.4,11.25,-25.65,-10.96,Card,Completed,1
859,2024-03-03,2024,2024-03,9,78,Customer_0078,Female,33,Madrid,Madrid,Southern Europe,Spain,2023-07-14,9,Product_9,Makeup,Eyeshadow,5,38,0.1,19.0,190,171.0,161.75,14.25,-5.0,-2.92,Digital Wallet,Completed,3
859,2024-03-03,2024,2024-03,9,78,Customer_0078,Female,33,Madrid,Madrid,Southern Europe,Spain,2023-07-14,27,Product_27,Makeup,Eyeshadow,3,12,0.07,2.52,36,33.48,131.91,11.75,-110.18,-329.09,Digital Wallet,Completed,3
144,2024-03-04,2024,2024-03,10,283,Customer_0283,Male,33,Bergamo,Lombardy,Southern Europe,Italy,2023-01-21,22,Product_22,Makeup,Concealer,1,78,0.02,1.56,78,76.44,42.73,6.25,27.46,35.92,Cash on Delivery,Completed,2
144,2024-03-04,2024,2024-03,10,283,Customer_0283,Male,33,Bergamo,Lombardy,Southern Europe,Italy,2023-01-21,43,Product_43,Hair,Conditioner,5,38,0.1,19.0,190,171.0,206.45,11.25,-46.7,-27.31,Cash on Delivery,Completed,2
568,2024-03-04,2024,2024-03,10,156,Customer_0156,Female,46,Rome,Lazio,Southern Europe,Italy,2023-06-03,33,Product_33,Hair,Hair Oil,2,94,0.04,7.52,188,180.48,85.96,7.5,87.02,48.22,Card,Completed,2
568,2024-03-04,2024,2024-03,10,156,Customer_0156,Female,46,Rome,Lazio,Southern Europe,Italy,2023-06-03,44,Product_44,Body,Deodorant,3,28,0.07,5.88,84,78.12,109.98,8.75,-40.61,-51.98,Card,Completed,2
568,2024-03-04,2024,2024-03,10,156,Customer_0156,Female,46,Rome,Lazio,Southern Europe,Italy,2023-06-03,44,Product_44,Body,Deodorant,5,35,0.1,17.5,175,157.5,183.3,11.25,-37.05,-23.52,Card,Completed,2
767,2024-03-04,2024,2024-03,10,228,Customer_0228,Female,58,Munich,Bavaria,Central Europe,Germany,2023-10-12,3,Product_3,Hair,Hair Oil,2,16,0.04,1.28,32,30.72,78.34,10.5,-58.12,-189.19,Cash on Delivery,Completed,2
767,2024-03-04,2024,2024-03,10,228,Customer_0228,Female,58,Munich,Bavaria,Central Europe,Germany,2023-10-12,28,Product_28,Hair,Styling,2,81,0.04,6.48,162,155.52,80.58,10.5,64.44,41.44,Cash on Delivery,Completed,2
294,2024-03-05,2024,2024-03,10,223,Customer_0223,Male,23,Girona,Catalonia,Southern Europe,Spain,2023-12-15,26,Product_26,Makeup,Mascara,1,115,0.02,2.3,115,112.7,43.78,8.25,60.67,53.83,Digital Wallet,Completed,4
294,2024-03-05,2024,2024-03,10,223,Customer_0223,Male,23,Girona,Catalonia,Southern Europe,Spain,2023-12-15,35,Product_35,Skin,Cleanser,2,19,0.04,1.52,38,36.48,99.36,9.5,-72.38,-198.41,Digital Wallet,Completed,4
887,2024-03-05,2024,2024-03,10,15,Customer_0015,Female,43,Casablanca,Casablanca-Settat,North Africa,Morocco,2023-09-01,25,Product_25,Hair,Conditioner,5,115,0.1,57.5,575,517.5,267.85,15.96,233.69,45.16,Bank Transfer,Completed,3
702,2024-03-06,2024,2024-03,10,233,Customer_0233,Non-binary,52,Granada,Andalusia,Southern Europe,Spain,2023-05-29,2,Product_2,Skin,Moisturizer,2,113,0.04,9.04,226,216.96,82.66,9.5,124.8,57.52,Cash on Delivery,Completed,6
742,2024-03-06,2024,2024-03,10,274,Customer_0274,Male,52,Sale,Rabat-Sale-Kenitra,North Africa,Morocco,2023-06-12,12,Product_12,Skin,Moisturizer,1,101,0.02,2.02,101,98.98,43.44,9.24,46.3,46.78,Card,Completed,1
742,2024-03-06,2024,2024-03,10,274,Customer_0274,Male,52,Sale,Rabat-Sale-Kenitra,North Africa,Morocco,2023-06-12,13,Product_13,Skin,Sunscreen,2,80,0.04,6.4,160,153.6,91.82,10.64,51.14,33.29,Card,Completed,1
39,2024-03-07,2024,2024-03,10,14,Customer_0014,Non-binary,36,Caserta,Campania,Southern Europe,Italy,2023-01-04,15,Product_15,Makeup,Eyeshadow,4,97,0.1,38.8,388,349.2,214.08,13.0,122.12,34.97,Digital Wallet,Completed,2
39,2024-03-07,2024,2024-03,10,14,Customer_0014,Non-binary,36,Caserta,Campania,Southern Europe,Italy,2023-01-04,34,Product_34,Hair,Styling,5,28,0.1,14.0,140,126.0,166.85,14.25,-55.1,-43.73,Digital Wallet,Completed,2
39,2024-03-07,2024,2024-03,10,14,Customer_0014,Non-binary,36,Caserta,Campania,Southern Europe,Italy,2023-01-04,43,Product_43,Hair,Conditioner,5,115,0.1,57.5,575,517.5,206.45,14.25,296.8,57.35,Digital Wallet,Completed,2
39,2024-03-07,2024,2024-03,10,14,Customer_0014,Non-binary,36,Caserta,Campania,Southern Europe,Italy,2023-01-04,46,Product_46,Makeup,Concealer,3,73,0.07,15.33,219,203.67,133.32,11.75,58.6,28.77,Digital Wallet,Completed,2
362,2024-03-08,2024,2024-03,10,122,Customer_0122,Non-binary,54,Bonn,North Rhine-Westphalia,Central Europe,Germany,2023-06-10,23,Product_23,Body,Hand Care,3,62,0.07,13.02,186,172.98,127.02,10.75,35.21,20.35,Card,Completed,3
362,2024-03-08,2024,2024-03,10,122,Customer_0122,Non-binary,54,Bonn,North Rhine-Westphalia,Central Europe,Germany,2023-06-10,35,Product_35,Skin,Cleanser,1,74,0.02,1.48,74,72.52,49.68,8.25,14.59,20.12,Card,Completed,3
362,2024-03-08,2024,2024-03,10,122,Customer_0122,Non-binary,54,Bonn,North Rhine-Westphalia,Central Europe,Germany,2023-06-10,46,Product_46,Makeup,Concealer,4,83,0.1,33.2,332,298.8,177.76,12.0,109.04,36.49,Card,Completed,3
994,2024-03-08,2024,2024-03,10,224,Customer_0224,Non-binary,30,Annecy,Auvergne-Rhone-Alpes,Western Europe,France,2023-06-12,16,Product_16,Makeup,Concealer,4,79,0.1,31.6,316,284.4,213.0,12.0,59.4,20.89,Bank Transfer,Completed,3
994,2024-03-08,2024,2024-03,10,224,Customer_0224,Non-binary,30,Annecy,Auvergne-Rhone-Alpes,Western Europe,France,2023-06-12,18,Product_18,Makeup,Foundation,1,99,0.02,1.98,99,97.02,42.32,8.25,46.45,47.88,Bank Transfer,Completed,3
170,2024-03-09,2024,2024-03,10,2,Customer_0002,Non-binary,34,Caserta,Campania,Southern Europe,Italy,2023-02-10,6,Product_6,Body,Body Lotion,2,50,0.04,4.0,100,0.0,0.0,9.5,0.0,0.0,Card,Cancelled,1
170,2024-03-09,2024,2024-03,10,2,Customer_0002,Non-binary,34,Caserta,Campania,Southern Europe,Italy,2023-02-10,30,Product_30,Hair,Shampoo,3,110,0.07,23.1,330,0.0,0.0,10.75,0.0,0.0,Card,Cancelled,1
170,2024-03-09,2024,2024-03,10,2,Customer_0002,Non-binary,34,Caserta,Campania,Southern Europe,Italy,2023-02-10,44,Product_44,Body,Deodorant,5,101,0.1,50.5,505,0.0,0.0,13.25,0.0,0.0,Card,Cancelled,1
854,2024-03-09,2024,2024-03,10,286,Customer_0286,Male,54,Girona,Catalonia,Southern Europe,Spain,2023-10-06,20,Product_20,Hair,Hair Mask,5,82,0.1,41.0,410,369.0,247.95,13.25,107.8,29.21,Card,Completed,6
963,2024-03-11,2024,2024-03,11,244,Customer_0244,Male,47,Bergamo,Lombardy,Southern Europe,Italy,2023-07-15,2,Product_2,Skin,Moisturizer,2,20,0.04,1.6,40,38.4,82.66,10.5,-54.76,-142.6,Cash on Delivery,Completed,2
963,2024-03-11,2024,2024-03,11,244,Customer_0244,Male,47,Bergamo,Lombardy,Southern Europe,Italy,2023-07-15,11,Product_11,Makeup,Blush,1,54,0.02,1.08,54,52.92,47.72,9.25,-4.05,-7.65,Cash on Delivery,Completed,2
963,2024-03-11,2024,2024-03,11,244,Customer_0244,Male,47,Bergamo,Lombardy,Southern Europe,Italy,2023-07-15,23,Product_23,Body,Hand Care,3,105,0.07,22.05,315,292.95,127.02,11.75,154.18,52.63,Cash on Delivery,Completed,2
963,2024-03-11,2024,2024-03,11,244,Customer_0244,Male,47,Bergamo,Lombardy,Southern Europe,Italy,2023-07-15,28,Product_28,Hair,Styling,1,97,0.02,1.94,97,95.06,40.29,9.25,45.52,47.89,Cash on Delivery,Completed,2
963,2024-03-11,2024,2024-03,11,244,Customer_0244,Male,47,Bergamo,Lombardy,Southern Europe,Italy,2023-07-15,46,Product_46,Makeup,Concealer,3,109,0.07,22.89,327,304.11,133.32,11.75,159.04,52.3,Cash on Delivery,Completed,2
325,2024-03-12,2024,2024-03,11,186,Customer_0186,Female,51,Munich,Bavaria,Central Europe,Germany,2023-01-29,12,Product_12,Skin,Moisturizer,3,23,0.07,4.83,69,64.17,130.32,9.75,-75.9,-118.28,Cash on Delivery,Completed,1
325,2024-03-12,2024,2024-03,11,186,Customer_0186,Female,51,Munich,Bavaria,Central Europe,Germany,2023-01-29,16,Product_16,Makeup,Concealer,5,80,0.1,40.0,400,360.0,266.25,12.25,81.5,22.64,Cash on Delivery,Completed,1
325,2024-03-12,2024,2024-03,11,186,Customer_0186,Female,51,Munich,Bavaria,Central Europe,Germany,2023-01-29,38,Product_38,Makeup,Mascara,5,12,0.1,6.0,60,54.0,212.95,12.25,-171.2,-317.04,Cash on Delivery,Completed,1
537,2024-03-12,2024,2024-03,11,1,Customer_0001,Male,27,Girona,Catalonia,Southern Europe,Spain,2023-05-15,2,Product_2,Skin,Moisturizer,2,80,0.04,6.4,160,153.6,82.66,8.5,62.44,40.65,Bank Transfer,Completed,8
537,2024-03-12,2024,2024-03,11,1,Customer_0001,Male,27,Girona,Catalonia,Southern Europe,Spain,2023-05-15,3,Product_3,Hair,Hair Oil,4,27,0.1,10.8,108,97.2,156.68,11.0,-70.48,-72.51,Bank Transfer,Completed,8
537,2024-03-12,2024,2024-03,11,1,Customer_0001,Male,27,Girona,Catalonia,Southern Europe,Spain,2023-05-15,26,Product_26,Makeup,Mascara,3,46,0.07,9.66,138,128.34,131.34,9.75,-12.75,-9.93,Bank Transfer,Completed,8
567,2024-03-12,2024,2024-03,11,272,Customer_0272,Non-binary,38,Caserta,Campania,Southern Europe,Italy,2023-05-21,17,Product_17,Hair,Scalp Care,2,38,0.04,3.04,76,72.96,89.1,10.5,-26.64,-36.51,Cash on Delivery,Completed,1
567,2024-03-12,2024,2024-03,11,272,Customer_0272,Non-binary,38,Caserta,Campania,Southern Europe,Italy,2023-05-21,20,Product_20,Hair,Hair Mask,1,32,0.02,0.64,32,31.36,49.59,9.25,-27.48,-87.63,Cash on Delivery,Completed,1
567,2024-03-12,2024,2024-03,11,272,Customer_0272,Non-binary,38,Caserta,Campania,Southern Europe,Italy,2023-05-21,45,Product_45,Body,Body Wash,2,58,0.04,4.64,116,111.36,96.12,10.5,4.74,4.26,Cash on Delivery,Completed,1
567,2024-03-12,2024,2024-03,11,272,Customer_0272,Non-binary,38,Caserta,Campania,Southern Europe,Italy,2023-05-21,47,Product_47,Hair,Scalp Care,1,35,0.02,0.7,35,34.3,45.42,9.25,-20.37,-59.39,Cash on Delivery,Completed,1
571,2024-03-12,2024,2024-03,11,164,Customer_0164,Non-binary,20,Bonn,North Rhine-Westphalia,Central Europe,Germany,2024-03-25,15,Product_15,Makeup,Eyeshadow,3,103,0.07,21.63,309,287.37,160.56,11.75,115.06,40.04,Cash on Delivery,Completed,3
571,2024-03-12,2024,2024-03,11,164,Customer_0164,Non-binary,20,Bonn,North Rhine-Westphalia,Central Europe,Germany,2024-03-25,17,Product_17,Hair,Scalp Care,5,50,0.1,25.0,250,225.0,222.75,14.25,-12.0,-5.33,Cash on Delivery,Completed,3
571,2024-03-12,2024,2024-03,11,164,Customer_0164,Non-binary,20,Bonn,North Rhine-Westphalia,Central Europe,Germany,2024-03-25,17,Product_17,Hair,Scalp Care,1,74,0.02,1.48,74,72.52,44.55,9.25,18.72,25.81,Cash on Delivery,Completed,3
571,2024-03-12,2024,2024-03,11,164,Customer_0164,Non-binary,20,Bonn,North Rhine-Westphalia,Central Europe,Germany,2024-03-25,25,Product_25,Hair,Conditioner,4,23,0.1,9.2,92,82.8,214.28,13.0,-144.48,-174.49,Cash on Delivery,Completed,3
571,2024-03-12,2024,2024-03,11,164,Customer_0164,Non-binary,20,Bonn,North Rhine-Westphalia,Central Europe,Germany,2024-03-25,38,Product_38,Makeup,Mascara,4,73,0.1,29.2,292,262.8,170.36,13.0,79.44,30.23,Cash on Delivery,Completed,3
987,2024-03-12,2024,2024-03,11,177,Customer_0177,Female,29,Madrid,Madrid,Southern Europe,Spain,2024-02-27,34,Product_34,Hair,Styling,2,70,0.04,5.6,140,0.0,0.0,10.5,0.0,0.0,Card,Cancelled,2
987,2024-03-12,2024,2024-03,11,177,Customer_0177,Female,29,Madrid,Madrid,Southern Europe,Spain,2024-02-27,39,Product_39,Hair,Hair Oil,3,25,0.07,5.25,75,0.0,0.0,11.75,0.0,0.0,Card,Cancelled,2
183,2024-03-13,2024,2024-03,11,247,Customer_0247,Male,27,Girona,Catalonia,Southern Europe,Spain,2024-05-12,3,Product_3,Hair,Hair Oil,2,28,0.04,2.24,56,53.76,78.34,10.5,-35.08,-65.25,Bank Transfer,Completed,5
183,2024-03-13,2024,2024-03,11,247,Customer_0247,Male,27,Girona,Catalonia,Southern Europe,Spain,2024-05-12,34,Product_34,Hair,Styling,2,30,0.04,2.4,60,57.6,66.74,10.5,-19.64,-34.1,Bank Transfer,Completed,5
304,2024-03-13,2024,2024-03,11,273,Customer_0273,Female,45,Munich,Bavaria,Central Europe,Germany,2023-08-16,5,Product_5,Skin,Cleanser,2,91,0.04,7.28,182,174.72,111.5,7.5,55.72,31.89,Digital Wallet,Completed,4
304,2024-03-13,2024,2024-03,11,273,Customer_0273,Female,45,Munich,Bavaria,Central Europe,Germany,2023-08-16,17,Product_17,Hair,Scalp Care,3,69,0.07,14.49,207,192.51,133.65,8.75,50.11,26.03,Digital Wallet,Completed,4
304,2024-03-13,2024,2024-03,11,273,Customer_0273,Female,45,Munich,Bavaria,Central Europe,Germany,2023-08-16,38,Product_38,Makeup,Mascara,3,86,0.07,18.06,258,239.94,127.77,8.75,103.42,43.1,Digital Wallet,Completed,4
623,2024-03-13,2024,2024-03,11,85,Customer_0085,Male,41,Potsdam,Berlin,Central Europe,Germany,2023-07-20,25,Product_25,Hair,Conditioner,5,42,0.1,21.0,210,189.0,267.85,14.25,-93.1,-49.26,Card,Completed,1
860,2024-03-13,2024,2024-03,11,62,Customer_0062,Non-binary,44,Granada,Andalusia,Southern Europe,Spain,2023-05-07,45,Product_45,Body,Body Wash,1,73,0.04,2.92,73,0.0,0.0,6.25,0.0,0.0,Bank Transfer,Returned,2
860,2024-03-13,2024,2024-03,11,62,Customer_0062,Non-binary,44,Granada,Andalusia,Southern Europe,Spain,2023-05-07,50,Product_50,Skin,Cleanser,1,36,0.04,1.44,36,0.0,0.0,6.25,0.0,0.0,Bank Transfer,Returned,2
866,2024-03-13,2024,2024-03,11,296,Customer_0296,Non-binary,42,Annecy,Auvergne-Rhone-Alpes,Western Europe,France,2023-06-11,7,Product_7,Hair,Conditioner,2,67,0.04,5.36,134,0.0,0.0,9.5,0.0,0.0,Bank Transfer,Cancelled,2
462,2024-03-14,2024,2024-03,11,273,Customer_0273,Female,45,Munich,Bavaria,Central Europe,Germany,2023-08-16,14,Product_14,Body,Deodorant,1,19,0.04,0.76,19,0.0,0.0,8.25,0.0,0.0,Cash on Delivery,Returned,4
462,2024-03-14,2024,2024-03,11,273,Customer_0273,Female,45,Munich,Bavaria,Central Europe,Germany,2023-08-16,16,Product_16,Makeup,Concealer,5,90,0.12,54.0,450,0.0,0.0,13.25,0.0,0.0,Cash on Delivery,Returned,4
960,2024-03-14,2024,2024-03,11,154,Customer_0154,Male,32,Sale,Rabat-Sale-Kenitra,North Africa,Morocco,2023-05-27,12,Product_12,Skin,Moisturizer,3,119,0.07,24.99,357,332.01,130.32,9.8,191.89,57.8,Bank Transfer,Completed,4
960,2024-03-14,2024,2024-03,11,154,Customer_0154,Male,32,Sale,Rabat-Sale-Kenitra,North Africa,Morocco,2023-05-27,33,Product_33,Hair,Hair Oil,2,66,0.04,5.28,132,126.72,85.96,8.4,32.36,25.54,Bank Transfer,Completed,4
113,2024-03-15,2024,2024-03,11,231,Customer_0231,Female,38,Casablanca,Casablanca-Settat,North Africa,Morocco,2024-02-18,25,Product_25,Hair,Conditioner,5,30,0.1,15.0,150,135.0,267.85,13.72,-146.57,-108.57,Card,Completed,5
113,2024-03-15,2024,2024-03,11,231,Customer_0231,Female,38,Casablanca,Casablanca-Settat,North Africa,Morocco,2024-02-18,40,Product_40,Hair,Styling,3,72,0.07,15.12,216,200.88,150.06,10.92,39.9,19.86,Card,Completed,5
507,2024-03-15,2024,2024-03,11,168,Customer_0168,Female,48,Paris,Ile-de-France,Western Europe,France,2024-04-22,16,Product_16,Makeup,Concealer,5,41,0.1,20.5,205,184.5,266.25,14.25,-96.0,-52.03,Cash on Delivery,Completed,3
507,2024-03-15,2024,2024-03,11,168,Customer_0168,Female,48,Paris,Ile-de-France,Western Europe,France,2024-04-22,17,Product_17,Hair,Scalp Care,3,94,0.07,19.74,282,262.26,133.65,11.75,116.86,44.56,Cash on Delivery,Completed,3
507,2024-03-15,2024,2024-03,11,168,Customer_0168,Female,48,Paris,Ile-de-France,Western Europe,France,2024-04-22,47,Product_47,Hair,Scalp Care,1,25,0.02,0.5,25,24.5,45.42,9.25,-30.17,-123.14,Cash on Delivery,Completed,3
125,2024-03-16,2024,2024-03,11,160,Customer_0160,Male,33,Nice,Provence-Alpes-Cote d'Azur,Western Europe,France,2023-05-11,18,Product_18,Makeup,Foundation,2,99,0.04,7.92,198,190.08,84.64,8.5,96.94,51.0,Digital Wallet,Completed,4
125,2024-03-16,2024,2024-03,11,160,Customer_0160,Male,33,Nice,Provence-Alpes-Cote d'Azur,Western Europe,France,2023-05-11,36,Product_36,Skin,Serum,3,115,0.07,24.15,345,320.85,162.21,9.75,148.89,46.4,Digital Wallet,Completed,4
589,2024-03-16,2024,2024-03,11,82,Customer_0082,Male,20,Girona,Catalonia,Southern Europe,Spain,2023-01-01,30,Product_30,Hair,Shampoo,3,110,0.07,23.1,330,306.9,142.98,9.75,154.17,50.23,Cash on Delivery,Completed,1
843,2024-03-16,2024,2024-03,11,69,Customer_0069,Female,52,Munich,Bavaria,Central Europe,Germany,2024-02-13,19,Product_19,Makeup,Lipstick,1,12,0.04,0.48,12,0.0,0.0,9.25,0.0,0.0,Card,Returned,5
888,2024-03-16,2024,2024-03,11,111,Customer_0111,Female,59,Paris,Ile-de-France,Western Europe,France,2023-06-17,4,Product_4,Body,Deodorant,1,74,0.02,1.48,74,72.52,38.68,6.25,27.59,38.04,Cash on Delivery,Completed,3
888,2024-03-16,2024,2024-03,11,111,Customer_0111,Female,59,Paris,Ile-de-France,Western Europe,France,2023-06-17,5,Product_5,Skin,Cleanser,1,71,0.02,1.42,71,69.58,55.75,6.25,7.58,10.89,Cash on Delivery,Completed,3
888,2024-03-16,2024,2024-03,11,111,Customer_0111,Female,59,Paris,Ile-de-France,Western Europe,France,2023-06-17,36,Product_36,Skin,Serum,4,113,0.1,45.2,452,406.8,216.28,10.0,180.52,44.38,Cash on Delivery,Completed,3
444,2024-03-17,2024,2024-03,11,164,Customer_0164,Non-binary,20,Bonn,North Rhine-Westphalia,Central Europe,Germany,2024-03-25,15,Product_15,Makeup,Eyeshadow,4,66,0.1,26.4,264,237.6,214.08,10.0,13.52,5.69,Card,Completed,3
444,2024-03-17,2024,2024-03,11,164,Customer_0164,Non-binary,20,Bonn,North Rhine-Westphalia,Central Europe,Germany,2024-03-25,19,Product_19,Makeup,Lipstick,2,106,0.04,8.48,212,203.52,68.52,7.5,127.5,62.65,Card,Completed,3
605,2024-03-17,2024,2024-03,11,282,Customer_0282,Female,26,Paris,Ile-de-France,Western Europe,France,2024-05-06,18,Product_18,Makeup,Foundation,4,33,0.1,13.2,132,118.8,169.28,11.0,-61.48,-51.75,Cash on Delivery,Completed,2
605,2024-03-17,2024,2024-03,11,282,Customer_0282,Female,26,Paris,Ile-de-France,Western Europe,France,2024-05-06,28,Product_28,Hair,Styling,4,88,0.1,35.2,352,316.8,161.16,11.0,144.64,45.66,Cash on Delivery,Completed,2
868,2024-03-17,2024,2024-03,11,104,Customer_0104,Non-binary,51,Granada,Andalusia,Southern Europe,Spain,2023-02-05,5,Product_5,Skin,Cleanser,2,87,0.04,6.96,174,167.04,111.5,7.5,48.04,28.76,Card,Completed,4
868,2024-03-17,2024,2024-03,11,104,Customer_0104,Non-binary,51,Granada,Andalusia,Southern Europe,Spain,2023-02-05,44,Product_44,Body,Deodorant,4,49,0.1,19.6,196,176.4,146.64,10.0,19.76,11.2,Card,Completed,4
868,2024-03-17,2024,2024-03,11,104,Customer_0104,Non-binary,51,Granada,Andalusia,Southern Europe,Spain,2023-02-05,46,Product_46,Makeup,Concealer,5,34,0.1,17.0,170,153.0,222.2,11.25,-80.45,-52.58,Card,Completed,4
952,2024-03-17,2024,2024-03,11,110,Customer_0110,Non-binary,52,Granada,Andalusia,Southern Europe,Spain,2023-04-21,26,Product_26,Makeup,Mascara,5,63,0.1,31.5,315,283.5,218.9,11.25,53.35,18.82,Bank Transfer,Completed,1
952,2024-03-17,2024,2024-03,11,110,Customer_0110,Non-binary,52,Granada,Andalusia,Southern Europe,Spain,2023-04-21,43,Product_43,Hair,Conditioner,1,30,0.02,0.6,30,29.4,41.29,6.25,-18.14,-61.7,Bank Transfer,Completed,1
952,2024-03-17,2024,2024-03,11,110,Customer_0110,Non-binary,52,Granada,Andalusia,Southern Europe,Spain,2023-04-21,46,Product_46,Makeup,Concealer,2,75,0.04,6.0,150,144.0,88.88,7.5,47.62,33.07,Bank Transfer,Completed,1
7,2024-03-18,2024,2024-03,12,103,Customer_0103,Male,44,Bergamo,Lombardy,Southern Europe,Italy,2023-03-22,16,Product_16,Makeup,Concealer,3,98,0.07,20.58,294,273.42,159.75,11.75,101.92,37.28,Bank Transfer,Completed,2
7,2024-03-18,2024,2024-03,12,103,Customer_0103,Male,44,Bergamo,Lombardy,Southern Europe,Italy,2023-03-22,43,Product_43,Hair,Conditioner,1,58,0.02,1.16,58,56.84,41.29,9.25,6.3,11.08,Bank Transfer,Completed,2
47,2024-03-18,2024,2024-03,12,81,Customer_0081,Female,54,Madrid,Madrid,Southern Europe,Spain,2023-05-15,9,Product_9,Makeup,Eyeshadow,5,99,0.1,49.5,495,445.5,161.75,14.25,269.5,60.49,Card,Completed,4
47,2024-03-18,2024,2024-03,12,81,Customer_0081,Female,54,Madrid,Madrid,Southern Europe,Spain,2023-05-15,31,Product_31,Body,Body Lotion,5,50,0.1,25.0,250,225.0,258.4,14.25,-47.65,-21.18,Card,Completed,4
496,2024-03-19,2024,2024-03,12,235,Customer_0235,Male,25,Nice,Provence-Alpes-Cote d'Azur,Western Europe,France,2023-09-24,35,Product_35,Skin,Cleanser,3,91,0.07,19.11,273,253.89,149.04,8.75,96.1,37.85,Cash on Delivery,Completed,1
496,2024-03-19,2024,2024-03,12,235,Customer_0235,Male,25,Nice,Provence-Alpes-Cote d'Azur,Western Europe,France,2023-09-24,46,Product_46,Makeup,Concealer,2,35,0.04,2.8,70,67.2,88.88,7.5,-29.18,-43.42,Cash on Delivery,Completed,1
213,2024-03-20,2024,2024-03,12,144,Customer_0144,Female,44,Paris,Ile-de-France,Western Europe,France,2023-06-22,7,Product_7,Hair,Conditioner,2,75,0.04,6.0,150,144.0,91.16,8.5,44.34,30.79,Digital Wallet,Completed,7
213,2024-03-20,2024,2024-03,12,144,Customer_0144,Female,44,Paris,Ile-de-France,Western Europe,France,2023-06-22,14,Product_14,Body,Deodorant,4,67,0.1,26.8,268,241.2,165.92,11.0,64.28,26.65,Digital Wallet,Completed,7
592,2024-03-20,2024,2024-03,12,10,Customer_0010,Male,49,Bergamo,Lombardy,Southern Europe,Italy,2024-01-05,32,Product_32,Body,Scrub,5,19,0.1,9.5,95,85.5,200.0,11.25,-125.75,-147.08,Bank Transfer,Completed,3
754,2024-03-20,2024,2024-03,12,126,Customer_0126,Female,41,Paris,Ile-de-France,Western Europe,France,2023-07-24,10,Product_10,Hair,Styling,5,92,0.1,46.0,460,414.0,274.1,13.25,126.65,30.59,Card,Completed,6
754,2024-03-20,2024,2024-03,12,126,Customer_0126,Female,41,Paris,Ile-de-France,Western Europe,France,2023-07-24,16,Product_16,Makeup,Concealer,3,40,0.07,8.4,120,111.6,159.75,10.75,-58.9,-52.78,Card,Completed,6
754,2024-03-20,2024,2024-03,12,126,Customer_0126,Female,41,Paris,Ile-de-France,Western Europe,France,2023-07-24,22,Product_22,Makeup,Concealer,2,89,0.04,7.12,178,170.88,85.46,9.5,75.92,44.43,Card,Completed,6
754,2024-03-20,2024,2024-03,12,126,Customer_0126,Female,41,Paris,Ile-de-France,Western Europe,France,2023-07-24,37,Product_37,Makeup,Lipstick,1,68,0.02,1.36,68,66.64,46.03,8.25,12.36,18.55,Card,Completed,6
85,2024-03-21,2024,2024-03,12,231,Customer_0231,Female,38,Casablanca,Casablanca-Settat,North Africa,Morocco,2024-02-18,22,Product_22,Makeup,Concealer,4,82,0.1,32.8,328,295.2,170.92,12.32,111.96,37.93,Card,Completed,5
218,2024-03-21,2024,2024-03,12,140,Customer_0140,Non-binary,57,Essaouira,Marrakesh-Safi,North Africa,Morocco,2024-02-05,1,Product_1,Body,Body Lotion,1,50,0.02,1.0,50,49.0,45.33,9.24,-5.57,-11.37,Bank Transfer,Completed,2
218,2024-03-21,2024,2024-03,12,140,Customer_0140,Non-binary,57,Essaouira,Marrakesh-Safi,North Africa,Morocco,2024-02-05,29,Product_29,Makeup,Blush,4,118,0.1,47.2,472,424.8,131.6,13.44,279.76,65.86,Bank Transfer,Completed,2
218,2024-03-21,2024,2024-03,12,140,Customer_0140,Non-binary,57,Essaouira,Marrakesh-Safi,North Africa,Morocco,2024-02-05,30,Product_30,Hair,Shampoo,2,17,0.04,1.36,34,32.64,95.32,10.64,-73.32,-224.63,Bank Transfer,Completed,2
218,2024-03-21,2024,2024-03,12,140,Customer_0140,Non-binary,57,Essaouira,Marrakesh-Safi,North Africa,Morocco,2024-02-05,39,Product_39,Hair,Hair Oil,2,47,0.04,3.76,94,90.24,71.58,10.64,8.02,8.89,Bank Transfer,Completed,2
390,2024-03-21,2024,2024-03,12,218,Customer_0218,Non-binary,29,Bonn,North Rhine-Westphalia,Central Europe,Germany,2024-04-12,6,Product_6,Body,Body Lotion,5,16,0.12,9.6,80,0.0,0.0,13.25,0.0,0.0,Card,Returned,4
390,2024-03-21,2024,2024-03,12,218,Customer_0218,Non-binary,29,Bonn,North Rhine-Westphalia,Central Europe,Germany,2024-04-12,25,Product_25,Hair,Conditioner,4,43,0.12,20.64,172,0.0,0.0,12.0,0.0,0.0,Card,Returned,4
390,2024-03-21,2024,2024-03,12,218,Customer_0218,Non-binary,29,Bonn,North Rhine-Westphalia,Central Europe,Germany,2024-04-12,32,Product_32,Body,Scrub,2,67,0.06,8.04,134,0.0,0.0,9.5,0.0,0.0,Card,Returned,4
390,2024-03-21,2024,2024-03,12,218,Customer_0218,Non-binary,29,Bonn,North Rhine-Westphalia,Central Europe,Germany,2024-04-12,42,Product_42,Skin,Moisturizer,1,46,0.04,1.84,46,0.0,0.0,8.25,0.0,0.0,Card,Returned,4
390,2024-03-21,2024,2024-03,12,218,Customer_0218,Non-binary,29,Bonn,North Rhine-Westphalia,Central Europe,Germany,2024-04-12,44,Product_44,Body,Deodorant,3,12,0.09,3.24,36,0.0,0.0,10.75,0.0,0.0,Card,Returned,4
667,2024-03-22,2024,2024-03,12,138,Customer_0138,Female,43,Casablanca,Casablanca-Settat,North Africa,Morocco,2024-02-29,47,Product_47,Hair,Scalp Care,2,71,0.06,8.52,142,0.0,0.0,11.76,0.0,0.0,Digital Wallet,Returned,1
876,2024-03-22,2024,2024-03,12,153,Customer_0153,Female,25,Munich,Bavaria,Central Europe,Germany,2023-06-13,14,Product_14,Body,Deodorant,1,58,0.02,1.16,58,56.84,41.48,6.25,9.11,16.03,Digital Wallet,Completed,2
876,2024-03-22,2024,2024-03,12,153,Customer_0153,Female,25,Munich,Bavaria,Central Europe,Germany,2023-06-13,42,Product_42,Skin,Moisturizer,2,39,0.04,3.12,78,74.88,79.94,7.5,-12.56,-16.77,Digital Wallet,Completed,2
876,2024-03-22,2024,2024-03,12,153,Customer_0153,Female,25,Munich,Bavaria,Central Europe,Germany,2023-06-13,43,Product_43,Hair,Conditioner,3,79,0.07,16.59,237,220.41,123.87,8.75,87.79,39.83,Digital Wallet,Completed,2
511,2024-03-24,2024,2024-03,12,194,Customer_0194,Non-binary,25,Essaouira,Marrakesh-Safi,North Africa,Morocco,2024-03-12,5,Product_5,Skin,Cleanser,1,53,0.02,1.06,53,51.94,55.75,10.36,-14.17,-27.28,Digital Wallet,Completed,2
511,2024-03-24,2024,2024-03,12,194,Customer_0194,Non-binary,25,Essaouira,Marrakesh-Safi,North Africa,Morocco,2024-03-12,19,Product_19,Makeup,Lipstick,4,26,0.1,10.4,104,93.6,137.04,14.56,-58.0,-61.97,Digital Wallet,Completed,2
511,2024-03-24,2024,2024-03,12,194,Customer_0194,Non-binary,25,Essaouira,Marrakesh-Safi,North Africa,Morocco,2024-03-12,20,Product_20,Hair,Hair Mask,5,30,0.1,15.0,150,135.0,247.95,15.96,-128.91,-95.49,Digital Wallet,Completed,2
521,2024-03-24,2024,2024-03,12,252,Customer_0252,Female,21,Munich,Bavaria,Central Europe,Germany,2023-12-28,7,Product_7,Hair,Conditioner,4,50,0.1,20.0,200,180.0,182.32,11.0,-13.32,-7.4,Digital Wallet,Completed,5
633,2024-03-24,2024,2024-03,12,72,Customer_0072,Female,32,Paris,Ile-de-France,Western Europe,France,2023-10-30,32,Product_32,Body,Scrub,2,11,0.04,0.88,22,21.12,80.0,8.5,-67.38,-319.03,Digital Wallet,Completed,2
638,2024-03-24,2024,2024-03,12,118,Customer_0118,Male,26,Sale,Rabat-Sale-Kenitra,North Africa,Morocco,2023-04-19,16,Product_16,Makeup,Concealer,3,51,0.07,10.71,153,142.29,159.75,12.04,-29.5,-20.73,Card,Completed,5
638,2024-03-24,2024,2024-03,12,118,Customer_0118,Male,26,Sale,Rabat-Sale-Kenitra,North Africa,Morocco,2023-04-19,21,Product_21,Hair,Hair Oil,5,47,0.1,23.5,235,211.5,242.2,14.84,-45.54,-21.53,Card,Completed,5
638,2024-03-24,2024,2024-03,12,118,Customer_0118,Male,26,Sale,Rabat-Sale-Kenitra,North Africa,Morocco,2023-04-19,32,Product_32,Body,Scrub,5,24,0.1,12.0,120,108.0,200.0,14.84,-106.84,-98.93,Card,Completed,5
638,2024-03-24,2024,2024-03,12,118,Customer_0118,Male,26,Sale,Rabat-Sale-Kenitra,North Africa,Morocco,2023-04-19,44,Product_44,Body,Deodorant,2,114,0.04,9.12,228,218.88,73.32,10.64,134.92,61.64,Card,Completed,5
735,2024-03-24,2024,2024-03,12,14,Customer_0014,Non-binary,36,Caserta,Campania,Southern Europe,Italy,2023-01-04,38,Product_38,Makeup,Mascara,4,68,0.1,27.2,272,0.0,0.0,13.0,0.0,0.0,Digital Wallet,Cancelled,2
968,2024-03-24,2024,2024-03,12,210,Customer_0210,Female,55,Casablanca,Casablanca-Settat,North Africa,Morocco,2023-05-07,39,Product_39,Hair,Hair Oil,4,32,0.1,12.8,128,115.2,143.16,11.2,-39.16,-33.99,Bank Transfer,Completed,2
968,2024-03-24,2024,2024-03,12,210,Customer_0210,Female,55,Casablanca,Casablanca-Settat,North Africa,Morocco,2023-05-07,50,Product_50,Skin,Cleanser,2,37,0.04,2.96,74,71.04,110.0,8.4,-47.36,-66.67,Bank Transfer,Completed,2
60,2024-03-25,2024,2024-03,13,215,Customer_0215,Non-binary,49,Bonn,North Rhine-Westphalia,Central Europe,Germany,2024-02-15,15,Product_15,Makeup,Eyeshadow,5,65,0.1,32.5,325,292.5,267.6,11.25,13.65,4.67,Cash on Delivery,Completed,4
903,2024-03-25,2024,2024-03,13,294,Customer_0294,Female,28,Paris,Ile-de-France,Western Europe,France,2024-01-06,35,Product_35,Skin,Cleanser,2,47,0.04,3.76,94,90.24,99.36,10.5,-19.62,-21.74,Digital Wallet,Completed,4
235,2024-03-26,2024,2024-03,13,254,Customer_0254,Non-binary,35,Bonn,North Rhine-Westphalia,Central Europe,Germany,2023-08-09,8,Product_8,Body,Hand Care,4,112,0.12,53.76,448,0.0,0.0,13.0,0.0,0.0,Digital Wallet,Returned,3
235,2024-03-26,2024,2024-03,13,254,Customer_0254,Non-binary,35,Bonn,North Rhine-Westphalia,Central Europe,Germany,2023-08-09,9,Product_9,Makeup,Eyeshadow,1,88,0.04,3.52,88,0.0,0.0,9.25,0.0,0.0,Digital Wallet,Returned,3
235,2024-03-26,2024,2024-03,13,254,Customer_0254,Non-binary,35,Bonn,North Rhine-Westphalia,Central Europe,Germany,2023-08-09,20,Product_20,Hair,Hair Mask,2,17,0.06,2.04,34,0.0,0.0,10.5,0.0,0.0,Digital Wallet,Returned,3
235,2024-03-26,2024,2024-03,13,254,Customer_0254,Non-binary,35,Bonn,North Rhine-Westphalia,Central Europe,Germany,2023-08-09,32,Product_32,Body,Scrub,1,39,0.04,1.56,39,0.0,0.0,9.25,0.0,0.0,Digital Wallet,Returned,3
235,2024-03-26,2024,2024-03,13,254,Customer_0254,Non-binary,35,Bonn,North Rhine-Westphalia,Central Europe,Germany,2023-08-09,42,Product_42,Skin,Moisturizer,2,11,0.06,1.32,22,0.0,0.0,10.5,0.0,0.0,Digital Wallet,Returned,3
235,2024-03-26,2024,2024-03,13,254,Customer_0254,Non-binary,35,Bonn,North Rhine-Westphalia,Central Europe,Germany,2023-08-09,50,Product_50,Skin,Cleanser,4,13,0.12,6.24,52,0.0,0.0,13.0,0.0,0.0,Digital Wallet,Returned,3
830,2024-03-26,2024,2024-03,13,261,Customer_0261,Female,43,Casablanca,Casablanca-Settat,North Africa,Morocco,2023-10-31,4,Product_4,Body,Deodorant,5,78,0.1,39.0,390,351.0,193.4,14.84,142.76,40.67,Cash on Delivery,Completed,3
830,2024-03-26,2024,2024-03,13,261,Customer_0261,Female,43,Casablanca,Casablanca-Settat,North Africa,Morocco,2023-10-31,18,Product_18,Makeup,Foundation,2,51,0.04,4.08,102,97.92,84.64,10.64,2.64,2.7,Cash on Delivery,Completed,3
830,2024-03-26,2024,2024-03,13,261,Customer_0261,Female,43,Casablanca,Casablanca-Settat,North Africa,Morocco,2023-10-31,29,Product_29,Makeup,Blush,4,20,0.1,8.0,80,72.0,131.6,13.44,-73.04,-101.44,Cash on Delivery,Completed,3
830,2024-03-26,2024,2024-03,13,261,Customer_0261,Female,43,Casablanca,Casablanca-Settat,North Africa,Morocco,2023-10-31,38,Product_38,Makeup,Mascara,4,78,0.1,31.2,312,280.8,170.36,13.44,97.0,34.54,Cash on Delivery,Completed,3
23,2024-03-27,2024,2024-03,13,49,Customer_0049,Male,35,Girona,Catalonia,Southern Europe,Spain,2024-01-28,33,Product_33,Hair,Hair Oil,1,116,0.02,2.32,116,113.68,42.98,9.25,61.45,54.06,Card,Completed,4
23,2024-03-27,2024,2024-03,13,49,Customer_0049,Male,35,Girona,Catalonia,Southern Europe,Spain,2024-01-28,45,Product_45,Body,Body Wash,2,76,0.04,6.08,152,145.92,96.12,10.5,39.3,26.93,Card,Completed,4
126,2024-03-27,2024,2024-03,13,187,Customer_0187,Male,58,Sale,Rabat-Sale-Kenitra,North Africa,Morocco,2024-02-14,15,Product_15,Makeup,Eyeshadow,2,116,0.04,9.28,232,222.72,107.04,10.64,105.04,47.16,Digital Wallet,Completed,5
649,2024-03-27,2024,2024-03,13,66,Customer_0066,Female,31,Madrid,Madrid,Southern Europe,Spain,2023-12-15,30,Product_30,Hair,Shampoo,5,52,0.1,26.0,260,234.0,238.3,12.25,-16.55,-7.07,Cash on Delivery,Completed,1
649,2024-03-27,2024,2024-03,13,66,Customer_0066,Female,31,Madrid,Madrid,Southern Europe,Spain,2023-12-15,37,Product_37,Makeup,Lipstick,3,95,0.07,19.95,285,265.05,138.09,9.75,117.21,44.22,Cash on Delivery,Completed,1
722,2024-03-27,2024,2024-03,13,8,Customer_0008,Non-binary,35,Annecy,Auvergne-Rhone-Alpes,Western Europe,France,2023-04-20,2,Product_2,Skin,Moisturizer,2,76,0.04,6.08,152,145.92,82.66,9.5,53.76,36.84,Bank Transfer,Completed,2
46,2024-03-28,2024,2024-03,13,206,Customer_0206,Non-binary,27,Granada,Andalusia,Southern Europe,Spain,2023-12-28,35,Product_35,Skin,Cleanser,5,108,0.1,54.0,540,486.0,248.4,13.25,224.35,46.16,Card,Completed,2
587,2024-03-28,2024,2024-03,13,35,Customer_0035,Non-binary,60,Granada,Andalusia,Southern Europe,Spain,2023-11-14,43,Product_43,Hair,Conditioner,5,70,0.1,35.0,350,315.0,206.45,14.25,94.3,29.94,Bank Transfer,Completed,3
223,2024-03-29,2024,2024-03,13,99,Customer_0099,Female,57,Rome,Lazio,Southern Europe,Italy,2024-01-09,17,Product_17,Hair,Scalp Care,1,105,0.02,2.1,105,102.9,44.55,9.25,49.1,47.72,Bank Transfer,Completed,7
223,2024-03-29,2024,2024-03,13,99,Customer_0099,Female,57,Rome,Lazio,Southern Europe,Italy,2024-01-09,44,Product_44,Body,Deodorant,4,41,0.1,16.4,164,147.6,146.64,13.0,-12.04,-8.16,Bank Transfer,Completed,7
223,2024-03-29,2024,2024-03,13,99,Customer_0099,Female,57,Rome,Lazio,Southern Europe,Italy,2024-01-09,47,Product_47,Hair,Scalp Care,3,74,0.07,15.54,222,206.46,136.26,11.75,58.45,28.31,Bank Transfer,Completed,7
360,2024-03-29,2024,2024-03,13,129,Customer_0129,Female,21,Paris,Ile-de-France,Western Europe,France,2024-03-29,10,Product_10,Hair,Styling,4,77,0.1,30.8,308,277.2,219.28,10.0,47.92,17.29,Digital Wallet,Completed,3
360,2024-03-29,2024,2024-03,13,129,Customer_0129,Female,21,Paris,Ile-de-France,Western Europe,France,2024-03-29,48,Product_48,Hair,Shampoo,2,21,0.04,1.68,42,40.32,79.96,7.5,-47.14,-116.91,Digital Wallet,Completed,3
863,2024-03-29,2024,2024-03,13,237,Customer_0237,Female,39,Rome,Lazio,Southern Europe,Italy,2023-06-27,4,Product_4,Body,Deodorant,4,58,0.1,23.2,232,208.8,154.72,13.0,41.08,19.67,Card,Completed,3
863,2024-03-29,2024,2024-03,13,237,Customer_0237,Female,39,Rome,Lazio,Southern Europe,Italy,2023-06-27,9,Product_9,Makeup,Eyeshadow,1,17,0.02,0.34,17,16.66,32.35,9.25,-24.94,-149.7,Card,Completed,3
863,2024-03-29,2024,2024-03,13,237,Customer_0237,Female,39,Rome,Lazio,Southern Europe,Italy,2023-06-27,45,Product_45,Body,Body Wash,5,29,0.1,14.5,145,130.5,240.3,14.25,-124.05,-95.06,Card,Completed,3
884,2024-03-29,2024,2024-03,13,67,Customer_0067,Male,38,Girona,Catalonia,Southern Europe,Spain,2023-03-29,29,Product_29,Makeup,Blush,5,115,0.1,57.5,575,517.5,164.5,11.25,341.75,66.04,Cash on Delivery,Completed,1
884,2024-03-29,2024,2024-03,13,67,Customer_0067,Male,38,Girona,Catalonia,Southern Europe,Spain,2023-03-29,37,Product_37,Makeup,Lipstick,2,49,0.04,3.92,98,94.08,92.06,7.5,-5.48,-5.82,Cash on Delivery,Completed,1
884,2024-03-29,2024,2024-03,13,67,Customer_0067,Male,38,Girona,Catalonia,Southern Europe,Spain,2023-03-29,47,Product_47,Hair,Scalp Care,3,96,0.07,20.16,288,267.84,136.26,8.75,122.83,45.86,Cash on Delivery,Completed,1
385,2024-03-30,2024,2024-03,13,69,Customer_0069,Female,52,Munich,Bavaria,Central Europe,Germany,2024-02-13,14,Product_14,Body,Deodorant,1,18,0.02,0.36,18,17.64,41.48,7.25,-31.09,-176.25,Bank Transfer,Completed,5
612,2024-03-30,2024,2024-03,13,99,Customer_0099,Female,57,Rome,Lazio,Southern Europe,Italy,2024-01-09,30,Product_30,Hair,Shampoo,2,38,0.04,3.04,76,72.96,95.32,7.5,-29.86,-40.93,Cash on Delivery,Completed,7
856,2024-03-30,2024,2024-03,13,213,Customer_0213,Female,35,Paris,Ile-de-France,Western Europe,France,2024-04-27,29,Product_29,Makeup,Blush,2,15,0.04,1.2,30,28.8,65.8,7.5,-44.5,-154.51,Digital Wallet,Completed,3
856,2024-03-30,2024,2024-03,13,213,Customer_0213,Female,35,Paris,Ile-de-France,Western Europe,France,2024-04-27,32,Product_32,Body,Scrub,2,105,0.04,8.4,210,201.6,80.0,7.5,114.1,56.6,Digital Wallet,Completed,3
856,2024-03-30,2024,2024-03,13,213,Customer_0213,Female,35,Paris,Ile-de-France,Western Europe,France,2024-04-27,35,Product_35,Skin,Cleanser,2,82,0.04,6.56,164,157.44,99.36,7.5,50.58,32.13,Digital Wallet,Completed,3
954,2024-03-30,2024,2024-03,13,1,Customer_0001,Male,27,Girona,Catalonia,Southern Europe,Spain,2023-05-15,23,Product_23,Body,Hand Care,5,55,0.1,27.5,275,247.5,211.7,13.25,22.55,9.11,Cash on Delivery,Completed,8
412,2024-04-01,2024,2024-04,14,258,Customer_0258,Female,22,Casablanca,Casablanca-Settat,North Africa,Morocco,2023-10-06,2,Product_2,Skin,Moisturizer,5,57,0.1,28.5,285,256.5,206.65,12.6,37.25,14.52,Bank Transfer,Completed,2
412,2024-04-01,2024,2024-04,14,258,Customer_0258,Female,22,Casablanca,Casablanca-Settat,North Africa,Morocco,2023-10-06,6,Product_6,Body,Body Lotion,5,91,0.1,45.5,455,409.5,225.85,12.6,171.05,41.77,Bank Transfer,Completed,2
412,2024-04-01,2024,2024-04,14,258,Customer_0258,Female,22,Casablanca,Casablanca-Settat,North Africa,Morocco,2023-10-06,12,Product_12,Skin,Moisturizer,2,58,0.04,4.64,116,111.36,86.88,8.4,16.08,14.44,Bank Transfer,Completed,2
412,2024-04-01,2024,2024-04,14,258,Customer_0258,Female,22,Casablanca,Casablanca-Settat,North Africa,Morocco,2023-10-06,20,Product_20,Hair,Hair Mask,1,45,0.02,0.9,45,44.1,49.59,7.0,-12.49,-28.32,Bank Transfer,Completed,2
412,2024-04-01,2024,2024-04,14,258,Customer_0258,Female,22,Casablanca,Casablanca-Settat,North Africa,Morocco,2023-10-06,26,Product_26,Makeup,Mascara,3,72,0.07,15.12,216,200.88,131.34,9.8,59.74,29.74,Bank Transfer,Completed,2
517,2024-04-01,2024,2024-04,14,217,Customer_0217,Male,22,Bergamo,Lombardy,Southern Europe,Italy,2023-02-01,23,Product_23,Body,Hand Care,2,101,0.04,8.08,202,193.92,84.68,8.5,100.74,51.95,Bank Transfer,Completed,4
517,2024-04-01,2024,2024-04,14,217,Customer_0217,Male,22,Bergamo,Lombardy,Southern Europe,Italy,2023-02-01,24,Product_24,Hair,Shampoo,4,95,0.1,38.0,380,342.0,150.56,11.0,180.44,52.76,Bank Transfer,Completed,4
595,2024-04-01,2024,2024-04,14,251,Customer_0251,Non-binary,55,Essaouira,Marrakesh-Safi,North Africa,Morocco,2024-04-10,10,Product_10,Hair,Styling,1,15,0.02,0.3,15,14.7,54.82,10.36,-50.48,-343.4,Bank Transfer,Completed,2
595,2024-04-01,2024,2024-04,14,251,Customer_0251,Non-binary,55,Essaouira,Marrakesh-Safi,North Africa,Morocco,2024-04-10,41,Product_41,Skin,Serum,5,12,0.1,6.0,60,54.0,212.35,15.96,-174.31,-322.8,Bank Transfer,Completed,2
595,2024-04-01,2024,2024-04,14,251,Customer_0251,Non-binary,55,Essaouira,Marrakesh-Safi,North Africa,Morocco,2024-04-10,46,Product_46,Makeup,Concealer,4,118,0.1,47.2,472,424.8,177.76,14.56,232.48,54.73,Bank Transfer,Completed,2
540,2024-04-02,2024,2024-04,14,117,Customer_0117,Female,60,Madrid,Madrid,Southern Europe,Spain,2024-04-15,1,Product_1,Body,Body Lotion,1,52,0.02,1.04,52,50.96,45.33,6.25,-0.62,-1.22,Digital Wallet,Completed,2
540,2024-04-02,2024,2024-04,14,117,Customer_0117,Female,60,Madrid,Madrid,Southern Europe,Spain,2024-04-15,8,Product_8,Body,Hand Care,2,101,0.04,8.08,202,193.92,93.4,7.5,93.02,47.97,Digital Wallet,Completed,2
540,2024-04-02,2024,2024-04,14,117,Customer_0117,Female,60,Madrid,Madrid,Southern Europe,Spain,2024-04-15,19,Product_19,Makeup,Lipstick,4,112,0.1,44.8,448,403.2,137.04,10.0,256.16,63.53,Digital Wallet,Completed,2
540,2024-04-02,2024,2024-04,14,117,Customer_0117,Female,60,Madrid,Madrid,Southern Europe,Spain,2024-04-15,24,Product_24,Hair,Shampoo,1,92,0.02,1.84,92,90.16,37.64,6.25,46.27,51.32,Digital Wallet,Completed,2
540,2024-04-02,2024,2024-04,14,117,Customer_0117,Female,60,Madrid,Madrid,Southern Europe,Spain,2024-04-15,29,Product_29,Makeup,Blush,2,23,0.04,1.84,46,44.16,65.8,7.5,-29.14,-65.99,Digital Wallet,Completed,2
540,2024-04-02,2024,2024-04,14,117,Customer_0117,Female,60,Madrid,Madrid,Southern Europe,Spain,2024-04-15,45,Product_45,Body,Body Wash,3,93,0.07,19.53,279,259.47,144.18,8.75,106.54,41.06,Digital Wallet,Completed,2
540,2024-04-02,2024,2024-04,14,117,Customer_0117,Female,60,Madrid,Madrid,Southern Europe,Spain,2024-04-15,45,Product_45,Body,Body Wash,5,17,0.1,8.5,85,76.5,240.3,11.25,-175.05,-228.82,Digital Wallet,Completed,2
679,2024-04-02,2024,2024-04,14,111,Customer_0111,Female,59,Paris,Ile-de-France,Western Europe,France,2023-06-17,20,Product_20,Hair,Hair Mask,2,71,0.04,5.68,142,0.0,0.0,10.5,0.0,0.0,Bank Transfer,Cancelled,3
679,2024-04-02,2024,2024-04,14,111,Customer_0111,Female,59,Paris,Ile-de-France,Western Europe,France,2023-06-17,30,Product_30,Hair,Shampoo,1,104,0.02,2.08,104,0.0,0.0,9.25,0.0,0.0,Bank Transfer,Cancelled,3
679,2024-04-02,2024,2024-04,14,111,Customer_0111,Female,59,Paris,Ile-de-France,Western Europe,France,2023-06-17,32,Product_32,Body,Scrub,5,27,0.1,13.5,135,0.0,0.0,14.25,0.0,0.0,Bank Transfer,Cancelled,3
892,2024-04-02,2024,2024-04,14,157,Customer_0157,Male,53,Sale,Rabat-Sale-Kenitra,North Africa,Morocco,2024-04-07,19,Product_19,Makeup,Lipstick,3,119,0.07,24.99,357,332.01,102.78,9.8,219.43,66.09,Digital Wallet,Completed,3
576,2024-04-04,2024,2024-04,14,28,Customer_0028,Male,52,Sale,Rabat-Sale-Kenitra,North Africa,Morocco,2024-02-04,45,Product_45,Body,Body Wash,1,83,0.02,1.66,83,81.34,48.06,7.0,26.28,32.31,Card,Completed,4
45,2024-04-05,2024,2024-04,14,35,Customer_0035,Non-binary,60,Granada,Andalusia,Southern Europe,Spain,2023-11-14,9,Product_9,Makeup,Eyeshadow,4,19,0.1,7.6,76,0.0,0.0,11.0,0.0,0.0,Card,Cancelled,3
45,2024-04-05,2024,2024-04,14,35,Customer_0035,Non-binary,60,Granada,Andalusia,Southern Europe,Spain,2023-11-14,43,Product_43,Hair,Conditioner,1,10,0.02,0.2,10,0.0,0.0,7.25,0.0,0.0,Card,Cancelled,3
45,2024-04-05,2024,2024-04,14,35,Customer_0035,Non-binary,60,Granada,Andalusia,Southern Europe,Spain,2023-11-14,47,Product_47,Hair,Scalp Care,5,79,0.1,39.5,395,0.0,0.0,12.25,0.0,0.0,Card,Cancelled,3
279,2024-04-05,2024,2024-04,14,233,Customer_0233,Non-binary,52,Granada,Andalusia,Southern Europe,Spain,2023-05-29,22,Product_22,Makeup,Concealer,4,24,0.12,11.52,96,0.0,0.0,13.0,0.0,0.0,Card,Returned,6
696,2024-04-05,2024,2024-04,14,5,Customer_0005,Non-binary,55,Caserta,Campania,Southern Europe,Italy,2024-02-05,45,Product_45,Body,Body Wash,2,18,0.04,1.44,36,34.56,96.12,7.5,-69.06,-199.83,Digital Wallet,Completed,6
41,2024-04-06,2024,2024-04,14,265,Customer_0265,Male,30,Bergamo,Lombardy,Southern Europe,Italy,2023-03-29,1,Product_1,Body,Body Lotion,1,81,0.02,1.62,81,79.38,45.33,7.25,26.8,33.76,Bank Transfer,Completed,2
41,2024-04-06,2024,2024-04,14,265,Customer_0265,Male,30,Bergamo,Lombardy,Southern Europe,Italy,2023-03-29,16,Product_16,Makeup,Concealer,1,119,0.02,2.38,119,116.62,53.25,7.25,56.12,48.12,Bank Transfer,Completed,2
110,2024-04-07,2024,2024-04,14,42,Customer_0042,Female,27,Rome,Lazio,Southern Europe,Italy,2024-01-07,17,Product_17,Hair,Scalp Care,1,93,0.02,1.86,93,91.14,44.55,8.25,38.34,42.07,Card,Completed,1
136,2024-04-07,2024,2024-04,14,28,Customer_0028,Male,52,Sale,Rabat-Sale-Kenitra,North Africa,Morocco,2024-02-04,48,Product_48,Hair,Shampoo,3,66,0.07,13.86,198,184.14,119.94,9.8,54.4,29.54,Card,Completed,4
256,2024-04-07,2024,2024-04,14,38,Customer_0038,Non-binary,40,Essaouira,Marrakesh-Safi,North Africa,Morocco,2024-05-03,4,Product_4,Body,Deodorant,5,80,0.1,40.0,400,360.0,193.4,12.6,154.0,42.78,Bank Transfer,Completed,5
256,2024-04-07,2024,2024-04,14,38,Customer_0038,Non-binary,40,Essaouira,Marrakesh-Safi,North Africa,Morocco,2024-05-03,6,Product_6,Body,Body Lotion,1,25,0.02,0.5,25,24.5,45.17,7.0,-27.67,-112.94,Bank Transfer,Completed,5
256,2024-04-07,2024,2024-04,14,38,Customer_0038,Non-binary,40,Essaouira,Marrakesh-Safi,North Africa,Morocco,2024-05-03,26,Product_26,Makeup,Mascara,1,89,0.02,1.78,89,87.22,43.78,7.0,36.44,41.78,Bank Transfer,Completed,5
256,2024-04-07,2024,2024-04,14,38,Customer_0038,Non-binary,40,Essaouira,Marrakesh-Safi,North Africa,Morocco,2024-05-03,34,Product_34,Hair,Styling,2,26,0.04,2.08,52,49.92,66.74,8.4,-25.22,-50.52,Bank Transfer,Completed,5
364,2024-04-07,2024,2024-04,14,239,Customer_0239,Non-binary,53,Granada,Andalusia,Southern Europe,Spain,2023-07-13,3,Product_3,Hair,Hair Oil,4,73,0.1,29.2,292,262.8,156.68,10.0,96.12,36.58,Cash on Delivery,Completed,4
364,2024-04-07,2024,2024-04,14,239,Customer_0239,Non-binary,53,Granada,Andalusia,Southern Europe,Spain,2023-07-13,45,Product_45,Body,Body Wash,4,30,0.1,12.0,120,108.0,192.24,10.0,-94.24,-87.26,Cash on Delivery,Completed,4
871,2024-04-07,2024,2024-04,14,179,Customer_0179,Non-binary,43,Granada,Andalusia,Southern Europe,Spain,2023-05-08,37,Product_37,Makeup,Lipstick,5,110,0.1,55.0,550,495.0,230.15,14.25,250.6,50.63,Bank Transfer,Completed,5
502,2024-04-08,2024,2024-04,15,253,Customer_0253,Male,28,Sale,Rabat-Sale-Kenitra,North Africa,Morocco,2023-05-19,21,Product_21,Hair,Hair Oil,1,59,0.02,1.18,59,57.82,48.44,9.24,0.14,0.24,Cash on Delivery,Completed,3
502,2024-04-08,2024,2024-04,15,253,Customer_0253,Male,28,Sale,Rabat-Sale-Kenitra,North Africa,Morocco,2023-05-19,50,Product_50,Skin,Cleanser,4,74,0.1,29.6,296,266.4,220.0,13.44,32.96,12.37,Cash on Delivery,Completed,3
720,2024-04-09,2024,2024-04,15,292,Customer_0292,Male,55,Potsdam,Berlin,Central Europe,Germany,2023-12-27,10,Product_10,Hair,Styling,5,49,0.1,24.5,245,220.5,274.1,11.25,-64.85,-29.41,Card,Completed,3
720,2024-04-09,2024,2024-04,15,292,Customer_0292,Male,55,Potsdam,Berlin,Central Europe,Germany,2023-12-27,22,Product_22,Makeup,Concealer,1,51,0.02,1.02,51,49.98,42.73,6.25,1.0,2.0,Card,Completed,3
203,2024-04-10,2024,2024-04,15,199,Customer_0199,Male,60,Sale,Rabat-Sale-Kenitra,North Africa,Morocco,2023-10-26,32,Product_32,Body,Scrub,5,28,0.1,14.0,140,126.0,200.0,15.96,-89.96,-71.4,Bank Transfer,Completed,1
199,2024-04-11,2024,2024-04,15,148,Customer_0148,Male,31,Sale,Rabat-Sale-Kenitra,North Africa,Morocco,2024-04-02,17,Product_17,Hair,Scalp Care,3,37,0.07,7.77,111,103.23,133.65,13.16,-43.58,-42.22,Cash on Delivery,Completed,4
199,2024-04-11,2024,2024-04,15,148,Customer_0148,Male,31,Sale,Rabat-Sale-Kenitra,North Africa,Morocco,2024-04-02,38,Product_38,Makeup,Mascara,5,20,0.1,10.0,100,90.0,212.95,15.96,-138.91,-154.34,Cash on Delivery,Completed,4
199,2024-04-11,2024,2024-04,15,148,Customer_0148,Male,31,Sale,Rabat-Sale-Kenitra,North Africa,Morocco,2024-04-02,47,Product_47,Hair,Scalp Care,2,84,0.04,6.72,168,161.28,90.84,11.76,58.68,36.38,Cash on Delivery,Completed,4
583,2024-04-11,2024,2024-04,15,212,Customer_0212,Non-binary,28,Essaouira,Marrakesh-Safi,North Africa,Morocco,2023-08-09,13,Product_13,Skin,Sunscreen,1,84,0.02,1.68,84,82.32,45.91,10.36,26.05,31.64,Cash on Delivery,Completed,2
583,2024-04-11,2024,2024-04,15,212,Customer_0212,Non-binary,28,Essaouira,Marrakesh-Safi,North Africa,Morocco,2023-08-09,16,Product_16,Makeup,Concealer,1,97,0.02,1.94,97,95.06,53.25,10.36,31.45,33.08,Cash on Delivery,Completed,2
872,2024-04-11,2024,2024-04,15,125,Customer_0125,Non-binary,34,Annecy,Auvergne-Rhone-Alpes,Western Europe,France,2023-05-07,22,Product_22,Makeup,Concealer,2,80,0.04,6.4,160,153.6,85.46,7.5,60.64,39.48,Digital Wallet,Completed,1
872,2024-04-11,2024,2024-04,15,125,Customer_0125,Non-binary,34,Annecy,Auvergne-Rhone-Alpes,Western Europe,France,2023-05-07,25,Product_25,Hair,Conditioner,5,22,0.1,11.0,110,99.0,267.85,11.25,-180.1,-181.92,Digital Wallet,Completed,1
874,2024-04-11,2024,2024-04,15,63,Customer_0063,Female,51,Madrid,Madrid,Southern Europe,Spain,2024-03-03,29,Product_29,Makeup,Blush,4,17,0.1,6.8,68,61.2,131.6,12.0,-82.4,-134.64,Digital Wallet,Completed,6
248,2024-04-12,2024,2024-04,15,135,Customer_0135,Female,22,Paris,Ile-de-France,Western Europe,France,2023-09-23,6,Product_6,Body,Body Lotion,5,84,0.1,42.0,420,378.0,225.85,11.25,140.9,37.28,Cash on Delivery,Completed,2
248,2024-04-12,2024,2024-04,15,135,Customer_0135,Female,22,Paris,Ile-de-France,Western Europe,France,2023-09-23,29,Product_29,Makeup,Blush,2,59,0.04,4.72,118,113.28,65.8,7.5,39.98,35.29,Cash on Delivery,Completed,2
248,2024-04-12,2024,2024-04,15,135,Customer_0135,Female,22,Paris,Ile-de-France,Western Europe,France,2023-09-23,48,Product_48,Hair,Shampoo,4,11,0.1,4.4,44,39.6,159.92,10.0,-130.32,-329.09,Cash on Delivery,Completed,2
248,2024-04-12,2024,2024-04,15,135,Customer_0135,Female,22,Paris,Ile-de-France,Western Europe,France,2023-09-23,49,Product_49,Makeup,Lipstick,3,21,0.07,4.41,63,58.59,104.01,8.75,-54.17,-92.46,Cash on Delivery,Completed,2
608,2024-04-12,2024,2024-04,15,283,Customer_0283,Male,33,Bergamo,Lombardy,Southern Europe,Italy,2023-01-21,1,Product_1,Body,Body Lotion,2,114,0.04,9.12,228,0.0,0.0,7.5,0.0,0.0,Cash on Delivery,Cancelled,2
608,2024-04-12,2024,2024-04,15,283,Customer_0283,Male,33,Bergamo,Lombardy,Southern Europe,Italy,2023-01-21,36,Product_36,Skin,Serum,2,118,0.04,9.44,236,0.0,0.0,7.5,0.0,0.0,Cash on Delivery,Cancelled,2
190,2024-04-13,2024,2024-04,15,98,Customer_0098,Non-binary,50,Essaouira,Marrakesh-Safi,North Africa,Morocco,2024-02-20,23,Product_23,Body,Hand Care,3,69,0.07,14.49,207,0.0,0.0,12.04,0.0,0.0,Card,Cancelled,0
366,2024-04-14,2024,2024-04,15,96,Customer_0096,Female,36,Munich,Bavaria,Central Europe,Germany,2024-01-31,11,Product_11,Makeup,Blush,5,87,0.1,43.5,435,391.5,238.6,13.25,139.65,35.67,Bank Transfer,Completed,3
366,2024-04-14,2024,2024-04,15,96,Customer_0096,Female,36,Munich,Bavaria,Central Europe,Germany,2024-01-31,11,Product_11,Makeup,Blush,4,25,0.1,10.0,100,90.0,190.88,12.0,-112.88,-125.42,Bank Transfer,Completed,3
366,2024-04-14,2024,2024-04,15,96,Customer_0096,Female,36,Munich,Bavaria,Central Europe,Germany,2024-01-31,24,Product_24,Hair,Shampoo,1,96,0.02,1.92,96,94.08,37.64,8.25,48.19,51.22,Bank Transfer,Completed,3
616,2024-04-15,2024,2024-04,16,259,Customer_0259,Male,29,Girona,Catalonia,Southern Europe,Spain,2024-03-15,12,Product_12,Skin,Moisturizer,3,83,0.07,17.43,249,231.57,130.32,8.75,92.5,39.94,Cash on Delivery,Completed,5
616,2024-04-15,2024,2024-04,16,259,Customer_0259,Male,29,Girona,Catalonia,Southern Europe,Spain,2024-03-15,25,Product_25,Hair,Conditioner,5,108,0.1,54.0,540,486.0,267.85,11.25,206.9,42.57,Cash on Delivery,Completed,5
616,2024-04-15,2024,2024-04,16,259,Customer_0259,Male,29,Girona,Catalonia,Southern Europe,Spain,2024-03-15,40,Product_40,Hair,Styling,2,24,0.04,1.92,48,46.08,100.04,7.5,-61.46,-133.38,Cash on Delivery,Completed,5
616,2024-04-15,2024,2024-04,16,259,Customer_0259,Male,29,Girona,Catalonia,Southern Europe,Spain,2024-03-15,43,Product_43,Hair,Conditioner,3,38,0.07,7.98,114,106.02,123.87,8.75,-26.6,-25.09,Cash on Delivery,Completed,5
332,2024-04-16,2024,2024-04,16,170,Customer_0170,Non-binary,21,Essaouira,Marrakesh-Safi,North Africa,Morocco,2023-09-07,24,Product_24,Hair,Shampoo,3,115,0.07,24.15,345,320.85,112.92,9.8,198.13,61.75,Bank Transfer,Completed,4
770,2024-04-16,2024,2024-04,16,111,Customer_0111,Female,59,Paris,Ile-de-France,Western Europe,France,2023-06-17,12,Product_12,Skin,Moisturizer,5,65,0.1,32.5,325,292.5,217.2,13.25,62.05,21.21,Digital Wallet,Completed,3
770,2024-04-16,2024,2024-04,16,111,Customer_0111,Female,59,Paris,Ile-de-France,Western Europe,France,2023-06-17,19,Product_19,Makeup,Lipstick,5,108,0.1,54.0,540,486.0,171.3,13.25,301.45,62.03,Digital Wallet,Completed,3
924,2024-04-16,2024,2024-04,16,148,Customer_0148,Male,31,Sale,Rabat-Sale-Kenitra,North Africa,Morocco,2024-04-02,15,Product_15,Makeup,Eyeshadow,1,11,0.02,0.22,11,10.78,53.52,7.0,-49.74,-461.41,Card,Completed,4
924,2024-04-16,2024,2024-04,16,148,Customer_0148,Male,31,Sale,Rabat-Sale-Kenitra,North Africa,Morocco,2024-04-02,40,Product_40,Hair,Styling,1,87,0.02,1.74,87,85.26,50.02,7.0,28.24,33.12,Card,Completed,4
924,2024-04-16,2024,2024-04,16,148,Customer_0148,Male,31,Sale,Rabat-Sale-Kenitra,North Africa,Morocco,2024-04-02,42,Product_42,Skin,Moisturizer,4,53,0.1,21.2,212,190.8,159.88,11.2,19.72,10.34,Card,Completed,4
197,2024-04-17,2024,2024-04,16,187,Customer_0187,Male,58,Sale,Rabat-Sale-Kenitra,North Africa,Morocco,2024-02-14,5,Product_5,Skin,Cleanser,5,65,0.1,32.5,325,292.5,278.75,13.72,0.03,0.01,Card,Completed,5
253,2024-04-17,2024,2024-04,16,22,Customer_0022,Male,51,Bergamo,Lombardy,Southern Europe,Italy,2023-08-04,23,Product_23,Body,Hand Care,2,26,0.04,2.08,52,49.92,84.68,8.5,-43.26,-86.66,Cash on Delivery,Completed,3
269,2024-04-17,2024,2024-04,16,35,Customer_0035,Non-binary,60,Granada,Andalusia,Southern Europe,Spain,2023-11-14,16,Product_16,Makeup,Concealer,2,69,0.04,5.52,138,0.0,0.0,8.5,0.0,0.0,Card,Cancelled,3
269,2024-04-17,2024,2024-04,16,35,Customer_0035,Non-binary,60,Granada,Andalusia,Southern Europe,Spain,2023-11-14,37,Product_37,Makeup,Lipstick,1,108,0.02,2.16,108,0.0,0.0,7.25,0.0,0.0,Card,Cancelled,3
780,2024-04-17,2024,2024-04,16,229,Customer_0229,Male,24,Nice,Provence-Alpes-Cote d'Azur,Western Europe,France,2023-04-05,2,Product_2,Skin,Moisturizer,2,94,0.04,7.52,188,180.48,82.66,7.5,90.32,50.04,Digital Wallet,Completed,5
780,2024-04-17,2024,2024-04,16,229,Customer_0229,Male,24,Nice,Provence-Alpes-Cote d'Azur,Western Europe,France,2023-04-05,27,Product_27,Makeup,Eyeshadow,2,61,0.04,4.88,122,117.12,87.94,7.5,21.68,18.51,Digital Wallet,Completed,5
780,2024-04-17,2024,2024-04,16,229,Customer_0229,Male,24,Nice,Provence-Alpes-Cote d'Azur,Western Europe,France,2023-04-05,44,Product_44,Body,Deodorant,2,94,0.04,7.52,188,180.48,73.32,7.5,99.66,55.22,Digital Wallet,Completed,5
959,2024-04-17,2024,2024-04,16,117,Customer_0117,Female,60,Madrid,Madrid,Southern Europe,Spain,2024-04-15,2,Product_2,Skin,Moisturizer,3,83,0.07,17.43,249,0.0,0.0,11.75,0.0,0.0,Card,Cancelled,2
109,2024-04-18,2024,2024-04,16,15,Customer_0015,Female,43,Casablanca,Casablanca-Settat,North Africa,Morocco,2023-09-01,7,Product_7,Hair,Conditioner,2,85,0.04,6.8,170,163.2,91.16,9.52,62.52,38.31,Card,Completed,3
109,2024-04-18,2024,2024-04,16,15,Customer_0015,Female,43,Casablanca,Casablanca-Settat,North Africa,Morocco,2023-09-01,13,Product_13,Skin,Sunscreen,1,23,0.02,0.46,23,22.54,45.91,8.12,-31.49,-139.71,Card,Completed,3
109,2024-04-18,2024,2024-04,16,15,Customer_0015,Female,43,Casablanca,Casablanca-Settat,North Africa,Morocco,2023-09-01,23,Product_23,Body,Hand Care,4,78,0.1,31.2,312,280.8,169.36,12.32,99.12,35.3,Card,Completed,3
109,2024-04-18,2024,2024-04,16,15,Customer_0015,Female,43,Casablanca,Casablanca-Settat,North Africa,Morocco,2023-09-01,32,Product_32,Body,Scrub,5,103,0.1,51.5,515,463.5,200.0,13.72,249.78,53.89,Card,Completed,3
899,2024-04-19,2024,2024-04,16,10,Customer_0010,Male,49,Bergamo,Lombardy,Southern Europe,Italy,2024-01-05,4,Product_4,Body,Deodorant,5,36,0.1,18.0,180,162.0,193.4,14.25,-45.65,-28.18,Digital Wallet,Completed,3
899,2024-04-19,2024,2024-04,16,10,Customer_0010,Male,49,Bergamo,Lombardy,Southern Europe,Italy,2024-01-05,21,Product_21,Hair,Hair Oil,5,29,0.1,14.5,145,130.5,242.2,14.25,-125.95,-96.51,Digital Wallet,Completed,3
899,2024-04-19,2024,2024-04,16,10,Customer_0010,Male,49,Bergamo,Lombardy,Southern Europe,Italy,2024-01-05,27,Product_27,Makeup,Eyeshadow,3,46,0.07,9.66,138,128.34,131.91,11.75,-15.32,-11.94,Digital Wallet,Completed,3
167,2024-04-20,2024,2024-04,16,81,Customer_0081,Female,54,Madrid,Madrid,Southern Europe,Spain,2023-05-15,47,Product_47,Hair,Scalp Care,3,67,0.07,14.07,201,186.93,136.26,11.75,38.92,20.82,Card,Completed,4
635,2024-04-20,2024,2024-04,16,154,Customer_0154,Male,32,Sale,Rabat-Sale-Kenitra,North Africa,Morocco,2023-05-27,19,Product_19,Makeup,Lipstick,1,57,0.04,2.28,57,0.0,0.0,10.36,0.0,0.0,Digital Wallet,Returned,4
635,2024-04-20,2024,2024-04,16,154,Customer_0154,Male,32,Sale,Rabat-Sale-Kenitra,North Africa,Morocco,2023-05-27,45,Product_45,Body,Body Wash,4,13,0.12,6.24,52,0.0,0.0,14.56,0.0,0.0,Digital Wallet,Returned,4
732,2024-04-20,2024,2024-04,16,78,Customer_0078,Female,33,Madrid,Madrid,Southern Europe,Spain,2023-07-14,6,Product_6,Body,Body Lotion,4,42,0.1,16.8,168,151.2,180.68,10.0,-39.48,-26.11,Bank Transfer,Completed,3
62,2024-04-21,2024,2024-04,16,190,Customer_0190,Male,38,Girona,Catalonia,Southern Europe,Spain,2023-10-20,28,Product_28,Hair,Styling,1,89,0.02,1.78,89,87.22,40.29,8.25,38.68,44.35,Card,Completed,4
62,2024-04-21,2024,2024-04,16,190,Customer_0190,Male,38,Girona,Catalonia,Southern Europe,Spain,2023-10-20,33,Product_33,Hair,Hair Oil,4,65,0.1,26.0,260,234.0,171.92,12.0,50.08,21.4,Card,Completed,4
10,2024-04-22,2024,2024-04,17,88,Customer_0088,Male,21,Bergamo,Lombardy,Southern Europe,Italy,2023-12-09,4,Product_4,Body,Deodorant,1,63,0.02,1.26,63,61.74,38.68,8.25,14.81,23.99,Bank Transfer,Completed,1
10,2024-04-22,2024,2024-04,17,88,Customer_0088,Male,21,Bergamo,Lombardy,Southern Europe,Italy,2023-12-09,32,Product_32,Body,Scrub,2,92,0.04,7.36,184,176.64,80.0,9.5,87.14,49.33,Bank Transfer,Completed,1
10,2024-04-22,2024,2024-04,17,88,Customer_0088,Male,21,Bergamo,Lombardy,Southern Europe,Italy,2023-12-09,49,Product_49,Makeup,Lipstick,5,69,0.1,34.5,345,310.5,173.35,13.25,123.9,39.9,Bank Transfer,Completed,1
159,2024-04-22,2024,2024-04,17,180,Customer_0180,Female,50,Rome,Lazio,Southern Europe,Italy,2023-04-03,5,Product_5,Skin,Cleanser,4,86,0.1,34.4,344,309.6,223.0,13.0,73.6,23.77,Cash on Delivery,Completed,5
451,2024-04-22,2024,2024-04,17,152,Customer_0152,Non-binary,59,Essaouira,Marrakesh-Safi,North Africa,Morocco,2023-09-15,15,Product_15,Makeup,Eyeshadow,2,105,0.04,8.4,210,201.6,107.04,11.76,82.8,41.07,Cash on Delivery,Completed,6
451,2024-04-22,2024,2024-04,17,152,Customer_0152,Non-binary,59,Essaouira,Marrakesh-Safi,North Africa,Morocco,2023-09-15,22,Product_22,Makeup,Concealer,4,67,0.1,26.8,268,241.2,170.92,14.56,55.72,23.1,Cash on Delivery,Completed,6
451,2024-04-22,2024,2024-04,17,152,Customer_0152,Non-binary,59,Essaouira,Marrakesh-Safi,North Africa,Morocco,2023-09-15,23,Product_23,Body,Hand Care,5,69,0.1,34.5,345,310.5,211.7,15.96,82.84,26.68,Cash on Delivery,Completed,6
451,2024-04-22,2024,2024-04,17,152,Customer_0152,Non-binary,59,Essaouira,Marrakesh-Safi,North Africa,Morocco,2023-09-15,27,Product_27,Makeup,Eyeshadow,1,68,0.02,1.36,68,66.64,43.97,10.36,12.31,18.47,Cash on Delivery,Completed,6
451,2024-04-22,2024,2024-04,17,152,Customer_0152,Non-binary,59,Essaouira,Marrakesh-Safi,North Africa,Morocco,2023-09-15,39,Product_39,Hair,Hair Oil,2,54,0.04,4.32,108,103.68,71.58,11.76,20.34,19.62,Cash on Delivery,Completed,6
11,2024-04-23,2024,2024-04,17,100,Customer_0100,Male,23,Bergamo,Lombardy,Southern Europe,Italy,2024-02-08,6,Product_6,Body,Body Lotion,5,81,0.1,40.5,405,364.5,225.85,14.25,124.4,34.13,Cash on Delivery,Completed,3
11,2024-04-23,2024,2024-04,17,100,Customer_0100,Male,23,Bergamo,Lombardy,Southern Europe,Italy,2024-02-08,48,Product_48,Hair,Shampoo,4,39,0.1,15.6,156,140.4,159.92,13.0,-32.52,-23.16,Cash on Delivery,Completed,3
391,2024-04-23,2024,2024-04,17,39,Customer_0039,Female,47,Casablanca,Casablanca-Settat,North Africa,Morocco,2024-02-15,5,Product_5,Skin,Cleanser,1,57,0.02,1.14,57,55.86,55.75,10.36,-10.25,-18.35,Bank Transfer,Completed,8
391,2024-04-23,2024,2024-04,17,39,Customer_0039,Female,47,Casablanca,Casablanca-Settat,North Africa,Morocco,2024-02-15,23,Product_23,Body,Hand Care,5,107,0.1,53.5,535,481.5,211.7,15.96,253.84,52.72,Bank Transfer,Completed,8
391,2024-04-23,2024,2024-04,17,39,Customer_0039,Female,47,Casablanca,Casablanca-Settat,North Africa,Morocco,2024-02-15,47,Product_47,Hair,Scalp Care,4,92,0.1,36.8,368,331.2,181.68,14.56,134.96,40.75,Bank Transfer,Completed,8
94,2024-04-24,2024,2024-04,17,216,Customer_0216,Female,56,Rome,Lazio,Southern Europe,Italy,2023-01-08,34,Product_34,Hair,Styling,3,107,0.07,22.47,321,298.53,100.11,10.75,187.67,62.86,Bank Transfer,Completed,2
397,2024-04-24,2024,2024-04,17,250,Customer_0250,Male,48,Potsdam,Berlin,Central Europe,Germany,2023-06-07,19,Product_19,Makeup,Lipstick,5,62,0.1,31.0,310,0.0,0.0,12.25,0.0,0.0,Cash on Delivery,Cancelled,2
606,2024-04-25,2024,2024-04,17,63,Customer_0063,Female,51,Madrid,Madrid,Southern Europe,Spain,2024-03-03,14,Product_14,Body,Deodorant,1,77,0.02,1.54,77,75.46,41.48,8.25,25.73,34.1,Digital Wallet,Completed,6
606,2024-04-25,2024,2024-04,17,63,Customer_0063,Female,51,Madrid,Madrid,Southern Europe,Spain,2024-03-03,28,Product_28,Hair,Styling,1,112,0.02,2.24,112,109.76,40.29,8.25,61.22,55.78,Digital Wallet,Completed,6
606,2024-04-25,2024,2024-04,17,63,Customer_0063,Female,51,Madrid,Madrid,Southern Europe,Spain,2024-03-03,31,Product_31,Body,Body Lotion,4,80,0.1,32.0,320,288.0,206.72,12.0,69.28,24.06,Digital Wallet,Completed,6
606,2024-04-25,2024,2024-04,17,63,Customer_0063,Female,51,Madrid,Madrid,Southern Europe,Spain,2024-03-03,32,Product_32,Body,Scrub,2,98,0.04,7.84,196,188.16,80.0,9.5,98.66,52.43,Digital Wallet,Completed,6
606,2024-04-25,2024,2024-04,17,63,Customer_0063,Female,51,Madrid,Madrid,Southern Europe,Spain,2024-03-03,37,Product_37,Makeup,Lipstick,4,36,0.1,14.4,144,129.6,184.12,12.0,-66.52,-51.33,Digital Wallet,Completed,6
606,2024-04-25,2024,2024-04,17,63,Customer_0063,Female,51,Madrid,Madrid,Southern Europe,Spain,2024-03-03,39,Product_39,Hair,Hair Oil,2,40,0.04,3.2,80,76.8,71.58,9.5,-4.28,-5.57,Digital Wallet,Completed,6
127,2024-04-26,2024,2024-04,17,243,Customer_0243,Female,40,Paris,Ile-de-France,Western Europe,France,2024-03-10,23,Product_23,Body,Hand Care,2,99,0.04,7.92,198,190.08,84.68,10.5,94.9,49.93,Bank Transfer,Completed,3
127,2024-04-26,2024,2024-04,17,243,Customer_0243,Female,40,Paris,Ile-de-France,Western Europe,France,2024-03-10,25,Product_25,Hair,Conditioner,4,61,0.1,24.4,244,219.6,214.28,13.0,-7.68,-3.5,Bank Transfer,Completed,3
239,2024-04-26,2024,2024-04,17,153,Customer_0153,Female,25,Munich,Bavaria,Central Europe,Germany,2023-06-13,3,Product_3,Hair,Hair Oil,2,109,0.04,8.72,218,209.28,78.34,10.5,120.44,57.55,Card,Completed,2
239,2024-04-26,2024,2024-04,17,153,Customer_0153,Female,25,Munich,Bavaria,Central Europe,Germany,2023-06-13,17,Product_17,Hair,Scalp Care,5,70,0.1,35.0,350,315.0,222.75,14.25,78.0,24.76,Card,Completed,2
239,2024-04-26,2024,2024-04,17,153,Customer_0153,Female,25,Munich,Bavaria,Central Europe,Germany,2023-06-13,18,Product_18,Makeup,Foundation,5,115,0.1,57.5,575,517.5,211.6,14.25,291.65,56.36,Card,Completed,2
239,2024-04-26,2024,2024-04,17,153,Customer_0153,Female,25,Munich,Bavaria,Central Europe,Germany,2023-06-13,21,Product_21,Hair,Hair Oil,5,48,0.1,24.0,240,216.0,242.2,14.25,-40.45,-18.73,Card,Completed,2
565,2024-04-26,2024,2024-04,17,12,Customer_0012,Female,22,Paris,Ile-de-France,Western Europe,France,2024-03-11,19,Product_19,Makeup,Lipstick,5,19,0.1,9.5,95,85.5,171.3,12.25,-98.05,-114.68,Digital Wallet,Completed,3
565,2024-04-26,2024,2024-04,17,12,Customer_0012,Female,22,Paris,Ile-de-France,Western Europe,France,2024-03-11,25,Product_25,Hair,Conditioner,4,42,0.1,16.8,168,151.2,214.28,11.0,-74.08,-48.99,Digital Wallet,Completed,3
565,2024-04-26,2024,2024-04,17,12,Customer_0012,Female,22,Paris,Ile-de-France,Western Europe,France,2024-03-11,43,Product_43,Hair,Conditioner,3,58,0.07,12.18,174,161.82,123.87,9.75,28.2,17.43,Digital Wallet,Completed,3
699,2024-04-26,2024,2024-04,17,22,Customer_0022,Male,51,Bergamo,Lombardy,Southern Europe,Italy,2023-08-04,15,Product_15,Makeup,Eyeshadow,1,97,0.02,1.94,97,95.06,53.52,9.25,32.29,33.97,Digital Wallet,Completed,3
699,2024-04-26,2024,2024-04,17,22,Customer_0022,Male,51,Bergamo,Lombardy,Southern Europe,Italy,2023-08-04,26,Product_26,Makeup,Mascara,3,89,0.07,18.69,267,248.31,131.34,11.75,105.22,42.37,Digital Wallet,Completed,3
699,2024-04-26,2024,2024-04,17,22,Customer_0022,Male,51,Bergamo,Lombardy,Southern Europe,Italy,2023-08-04,31,Product_31,Body,Body Lotion,1,31,0.02,0.62,31,30.38,51.68,9.25,-30.55,-100.56,Digital Wallet,Completed,3
699,2024-04-26,2024,2024-04,17,22,Customer_0022,Male,51,Bergamo,Lombardy,Southern Europe,Italy,2023-08-04,50,Product_50,Skin,Cleanser,3,54,0.07,11.34,162,150.66,165.0,11.75,-26.09,-17.32,Digital Wallet,Completed,3
907,2024-04-26,2024,2024-04,17,184,Customer_0184,Male,37,Nice,Provence-Alpes-Cote d'Azur,Western Europe,France,2024-04-21,16,Product_16,Makeup,Concealer,3,47,0.09,12.69,141,0.0,0.0,11.75,0.0,0.0,Cash on Delivery,Returned,2
907,2024-04-26,2024,2024-04,17,184,Customer_0184,Male,37,Nice,Provence-Alpes-Cote d'Azur,Western Europe,France,2024-04-21,43,Product_43,Hair,Conditioner,5,103,0.12,61.8,515,0.0,0.0,14.25,0.0,0.0,Cash on Delivery,Returned,2
927,2024-04-26,2024,2024-04,17,38,Customer_0038,Non-binary,40,Essaouira,Marrakesh-Safi,North Africa,Morocco,2024-05-03,50,Product_50,Skin,Cleanser,3,115,0.07,24.15,345,320.85,165.0,13.16,142.69,44.47,Digital Wallet,Completed,5
752,2024-04-27,2024,2024-04,17,231,Customer_0231,Female,38,Casablanca,Casablanca-Settat,North Africa,Morocco,2024-02-18,14,Product_14,Body,Deodorant,3,100,0.07,21.0,300,279.0,124.44,9.8,144.76,51.89,Cash on Delivery,Completed,5
976,2024-04-27,2024,2024-04,17,180,Customer_0180,Female,50,Rome,Lazio,Southern Europe,Italy,2023-04-03,16,Product_16,Makeup,Concealer,3,117,0.07,24.57,351,326.43,159.75,8.75,157.93,48.38,Card,Completed,5
976,2024-04-27,2024,2024-04,17,180,Customer_0180,Female,50,Rome,Lazio,Southern Europe,Italy,2023-04-03,50,Product_50,Skin,Cleanser,4,35,0.1,14.0,140,126.0,220.0,10.0,-104.0,-82.54,Card,Completed,5
73,2024-04-28,2024,2024-04,17,157,Customer_0157,Male,53,Sale,Rabat-Sale-Kenitra,North Africa,Morocco,2024-04-07,13,Product_13,Skin,Sunscreen,1,119,0.04,4.76,119,0.0,0.0,8.12,0.0,0.0,Bank Transfer,Returned,3
73,2024-04-28,2024,2024-04,17,157,Customer_0157,Male,53,Sale,Rabat-Sale-Kenitra,North Africa,Morocco,2024-04-07,14,Product_14,Body,Deodorant,4,14,0.12,6.72,56,0.0,0.0,12.32,0.0,0.0,Bank Transfer,Returned,3
73,2024-04-28,2024,2024-04,17,157,Customer_0157,Male,53,Sale,Rabat-Sale-Kenitra,North Africa,Morocco,2024-04-07,24,Product_24,Hair,Shampoo,1,54,0.04,2.16,54,0.0,0.0,8.12,0.0,0.0,Bank Transfer,Returned,3
73,2024-04-28,2024,2024-04,17,157,Customer_0157,Male,53,Sale,Rabat-Sale-Kenitra,North Africa,Morocco,2024-04-07,28,Product_28,Hair,Styling,4,118,0.12,56.64,472,0.0,0.0,12.32,0.0,0.0,Bank Transfer,Returned,3
73,2024-04-28,2024,2024-04,17,157,Customer_0157,Male,53,Sale,Rabat-Sale-Kenitra,North Africa,Morocco,2024-04-07,41,Product_41,Skin,Serum,4,81,0.12,38.88,324,0.0,0.0,12.32,0.0,0.0,Bank Transfer,Returned,3
73,2024-04-28,2024,2024-04,17,157,Customer_0157,Male,53,Sale,Rabat-Sale-Kenitra,North Africa,Morocco,2024-04-07,41,Product_41,Skin,Serum,5,24,0.12,14.4,120,0.0,0.0,13.72,0.0,0.0,Bank Transfer,Returned,3
73,2024-04-28,2024,2024-04,17,157,Customer_0157,Male,53,Sale,Rabat-Sale-Kenitra,North Africa,Morocco,2024-04-07,45,Product_45,Body,Body Wash,1,88,0.04,3.52,88,0.0,0.0,8.12,0.0,0.0,Bank Transfer,Returned,3
661,2024-04-28,2024,2024-04,17,247,Customer_0247,Male,27,Girona,Catalonia,Southern Europe,Spain,2024-05-12,8,Product_8,Body,Hand Care,3,32,0.07,6.72,96,89.28,140.1,9.75,-60.57,-67.84,Card,Completed,5
661,2024-04-28,2024,2024-04,17,247,Customer_0247,Male,27,Girona,Catalonia,Southern Europe,Spain,2024-05-12,27,Product_27,Makeup,Eyeshadow,2,96,0.04,7.68,192,184.32,87.94,8.5,87.88,47.68,Card,Completed,5
661,2024-04-28,2024,2024-04,17,247,Customer_0247,Male,27,Girona,Catalonia,Southern Europe,Spain,2024-05-12,47,Product_47,Hair,Scalp Care,3,82,0.07,17.22,246,228.78,136.26,9.75,82.77,36.18,Card,Completed,5
789,2024-04-28,2024,2024-04,17,152,Customer_0152,Non-binary,59,Essaouira,Marrakesh-Safi,North Africa,Morocco,2023-09-15,42,Product_42,Skin,Moisturizer,2,95,0.04,7.6,190,182.4,79.94,9.52,92.94,50.95,Digital Wallet,Completed,6
835,2024-04-28,2024,2024-04,17,130,Customer_0130,Male,28,Girona,Catalonia,Southern Europe,Spain,2023-07-26,6,Product_6,Body,Body Lotion,5,60,0.1,30.0,300,270.0,225.85,14.25,29.9,11.07,Digital Wallet,Completed,4
835,2024-04-28,2024,2024-04,17,130,Customer_0130,Male,28,Girona,Catalonia,Southern Europe,Spain,2023-07-26,45,Product_45,Body,Body Wash,5,115,0.1,57.5,575,517.5,240.3,14.25,262.95,50.81,Digital Wallet,Completed,4
835,2024-04-28,2024,2024-04,17,130,Customer_0130,Male,28,Girona,Catalonia,Southern Europe,Spain,2023-07-26,48,Product_48,Hair,Shampoo,5,45,0.1,22.5,225,202.5,199.9,14.25,-11.65,-5.75,Digital Wallet,Completed,4
49,2024-04-29,2024,2024-04,18,2,Customer_0002,Non-binary,34,Caserta,Campania,Southern Europe,Italy,2023-02-10,4,Product_4,Body,Deodorant,5,90,0.1,45.0,450,405.0,193.4,12.25,199.35,49.22,Cash on Delivery,Completed,1
49,2024-04-29,2024,2024-04,18,2,Customer_0002,Non-binary,34,Caserta,Campania,Southern Europe,Italy,2023-02-10,6,Product_6,Body,Body Lotion,5,35,0.1,17.5,175,157.5,225.85,12.25,-80.6,-51.17,Cash on Delivery,Completed,1
49,2024-04-29,2024,2024-04,18,2,Customer_0002,Non-binary,34,Caserta,Campania,Southern Europe,Italy,2023-02-10,31,Product_31,Body,Body Lotion,2,31,0.04,2.48,62,59.52,103.36,8.5,-52.34,-87.94,Cash on Delivery,Completed,1
49,2024-04-29,2024,2024-04,18,2,Customer_0002,Non-binary,34,Caserta,Campania,Southern Europe,Italy,2023-02-10,47,Product_47,Hair,Scalp Care,1,33,0.02,0.66,33,32.34,45.42,7.25,-20.33,-62.86,Cash on Delivery,Completed,1
88,2024-04-29,2024,2024-04,18,135,Customer_0135,Female,22,Paris,Ile-de-France,Western Europe,France,2023-09-23,29,Product_29,Makeup,Blush,5,112,0.1,56.0,560,504.0,164.5,11.25,328.25,65.13,Cash on Delivery,Completed,2
88,2024-04-29,2024,2024-04,18,135,Customer_0135,Female,22,Paris,Ile-de-France,Western Europe,France,2023-09-23,38,Product_38,Makeup,Mascara,3,84,0.07,17.64,252,234.36,127.77,8.75,97.84,41.75,Cash on Delivery,Completed,2
88,2024-04-29,2024,2024-04,18,135,Customer_0135,Female,22,Paris,Ile-de-France,Western Europe,France,2023-09-23,39,Product_39,Hair,Hair Oil,1,97,0.02,1.94,97,95.06,35.79,6.25,53.02,55.78,Cash on Delivery,Completed,2
88,2024-04-29,2024,2024-04,18,135,Customer_0135,Female,22,Paris,Ile-de-France,Western Europe,France,2023-09-23,42,Product_42,Skin,Moisturizer,3,29,0.07,6.09,87,80.91,119.91,8.75,-47.75,-59.02,Cash on Delivery,Completed,2
359,2024-04-29,2024,2024-04,18,127,Customer_0127,Male,48,Bergamo,Lombardy,Southern Europe,Italy,2023-01-29,41,Product_41,Skin,Serum,2,85,0.04,6.8,170,163.2,84.94,10.5,67.76,41.52,Bank Transfer,Completed,4
481,2024-04-29,2024,2024-04,18,53,Customer_0053,Non-binary,22,Annecy,Auvergne-Rhone-Alpes,Western Europe,France,2023-11-04,1,Product_1,Body,Body Lotion,1,88,0.02,1.76,88,86.24,45.33,7.25,33.66,39.03,Bank Transfer,Completed,5
481,2024-04-29,2024,2024-04,18,53,Customer_0053,Non-binary,22,Annecy,Auvergne-Rhone-Alpes,Western Europe,France,2023-11-04,47,Product_47,Hair,Scalp Care,1,78,0.02,1.56,78,76.44,45.42,7.25,23.77,31.1,Bank Transfer,Completed,5
769,2024-04-30,2024,2024-04,18,34,Customer_0034,Male,53,Sale,Rabat-Sale-Kenitra,North Africa,Morocco,2024-01-03,2,Product_2,Skin,Moisturizer,3,74,0.07,15.54,222,206.46,123.99,10.92,71.55,34.66,Cash on Delivery,Completed,2
769,2024-04-30,2024,2024-04,18,34,Customer_0034,Male,53,Sale,Rabat-Sale-Kenitra,North Africa,Morocco,2024-01-03,17,Product_17,Hair,Scalp Care,5,76,0.1,38.0,380,342.0,222.75,13.72,105.53,30.86,Cash on Delivery,Completed,2
984,2024-04-30,2024,2024-04,18,156,Customer_0156,Female,46,Rome,Lazio,Southern Europe,Italy,2023-06-03,47,Product_47,Hair,Scalp Care,3,81,0.07,17.01,243,225.99,136.26,8.75,80.98,35.83,Card,Completed,2
614,2024-05-01,2024,2024-05,18,197,Customer_0197,Non-binary,46,Caserta,Campania,Southern Europe,Italy,2023-09-08,12,Product_12,Skin,Moisturizer,4,49,0.1,19.6,196,176.4,173.76,12.0,-9.36,-5.31,Cash on Delivery,Completed,2
614,2024-05-01,2024,2024-05,18,197,Customer_0197,Non-binary,46,Caserta,Campania,Southern Europe,Italy,2023-09-08,39,Product_39,Hair,Hair Oil,5,22,0.1,11.0,110,99.0,178.95,13.25,-93.2,-94.14,Cash on Delivery,Completed,2
654,2024-05-01,2024,2024-05,18,226,Customer_0226,Male,44,Sale,Rabat-Sale-Kenitra,North Africa,Morocco,2024-03-13,33,Product_33,Hair,Hair Oil,3,86,0.07,18.06,258,239.94,128.94,12.04,98.96,41.24,Card,Completed,1
368,2024-05-02,2024,2024-05,18,118,Customer_0118,Male,26,Sale,Rabat-Sale-Kenitra,North Africa,Morocco,2023-04-19,7,Product_7,Hair,Conditioner,4,26,0.1,10.4,104,93.6,182.32,11.2,-99.92,-106.75,Bank Transfer,Completed,5
368,2024-05-02,2024,2024-05,18,118,Customer_0118,Male,26,Sale,Rabat-Sale-Kenitra,North Africa,Morocco,2023-04-19,10,Product_10,Hair,Styling,1,46,0.02,0.92,46,45.08,54.82,7.0,-16.74,-37.13,Bank Transfer,Completed,5
620,2024-05-02,2024,2024-05,18,202,Customer_0202,Male,40,Girona,Catalonia,Southern Europe,Spain,2023-02-18,28,Product_28,Hair,Styling,5,10,0.12,6.0,50,0.0,0.0,11.25,0.0,0.0,Bank Transfer,Returned,2
620,2024-05-02,2024,2024-05,18,202,Customer_0202,Male,40,Girona,Catalonia,Southern Europe,Spain,2023-02-18,35,Product_35,Skin,Cleanser,3,92,0.09,24.84,276,0.0,0.0,8.75,0.0,0.0,Bank Transfer,Returned,2
620,2024-05-02,2024,2024-05,18,202,Customer_0202,Male,40,Girona,Catalonia,Southern Europe,Spain,2023-02-18,36,Product_36,Skin,Serum,5,112,0.12,67.2,560,0.0,0.0,11.25,0.0,0.0,Bank Transfer,Returned,2
380,2024-05-03,2024,2024-05,18,144,Customer_0144,Female,44,Paris,Ile-de-France,Western Europe,France,2023-06-22,29,Product_29,Makeup,Blush,2,87,0.04,6.96,174,167.04,65.8,7.5,93.74,56.12,Card,Completed,7
380,2024-05-03,2024,2024-05,18,144,Customer_0144,Female,44,Paris,Ile-de-France,Western Europe,France,2023-06-22,43,Product_43,Hair,Conditioner,1,13,0.02,0.26,13,12.74,41.29,6.25,-34.8,-273.16,Card,Completed,7
928,2024-05-03,2024,2024-05,18,134,Customer_0134,Non-binary,56,Caserta,Campania,Southern Europe,Italy,2023-08-28,6,Product_6,Body,Body Lotion,4,98,0.1,39.2,392,352.8,180.68,10.0,162.12,45.95,Bank Transfer,Completed,4
928,2024-05-03,2024,2024-05,18,134,Customer_0134,Non-binary,56,Caserta,Campania,Southern Europe,Italy,2023-08-28,23,Product_23,Body,Hand Care,3,37,0.07,7.77,111,103.23,127.02,8.75,-32.54,-31.52,Bank Transfer,Completed,4
928,2024-05-03,2024,2024-05,18,134,Customer_0134,Non-binary,56,Caserta,Campania,Southern Europe,Italy,2023-08-28,28,Product_28,Hair,Styling,5,32,0.1,16.0,160,144.0,201.45,11.25,-68.7,-47.71,Bank Transfer,Completed,4
709,2024-05-04,2024,2024-05,18,282,Customer_0282,Female,26,Paris,Ile-de-France,Western Europe,France,2024-05-06,2,Product_2,Skin,Moisturizer,1,14,0.04,0.56,14,0.0,0.0,7.25,0.0,0.0,Cash on Delivery,Returned,2
709,2024-05-04,2024,2024-05,18,282,Customer_0282,Female,26,Paris,Ile-de-France,Western Europe,France,2024-05-06,15,Product_15,Makeup,Eyeshadow,5,83,0.12,49.8,415,0.0,0.0,12.25,0.0,0.0,Cash on Delivery,Returned,2
709,2024-05-04,2024,2024-05,18,282,Customer_0282,Female,26,Paris,Ile-de-France,Western Europe,France,2024-05-06,31,Product_31,Body,Body Lotion,4,100,0.12,48.0,400,0.0,0.0,11.0,0.0,0.0,Cash on Delivery,Returned,2
985,2024-05-04,2024,2024-05,18,49,Customer_0049,Male,35,Girona,Catalonia,Southern Europe,Spain,2024-01-28,43,Product_43,Hair,Conditioner,1,84,0.02,1.68,84,82.32,41.29,7.25,33.78,41.03,Bank Transfer,Completed,4
805,2024-05-05,2024,2024-05,18,62,Customer_0062,Non-binary,44,Granada,Andalusia,Southern Europe,Spain,2023-05-07,1,Product_1,Body,Body Lotion,1,71,0.02,1.42,71,69.58,45.33,7.25,17.0,24.43,Cash on Delivery,Completed,2
805,2024-05-05,2024,2024-05,18,62,Customer_0062,Non-binary,44,Granada,Andalusia,Southern Europe,Spain,2023-05-07,16,Product_16,Makeup,Concealer,5,115,0.1,57.5,575,517.5,266.25,12.25,239.0,46.18,Cash on Delivery,Completed,2
805,2024-05-05,2024,2024-05,18,62,Customer_0062,Non-binary,44,Granada,Andalusia,Southern Europe,Spain,2023-05-07,24,Product_24,Hair,Shampoo,1,70,0.02,1.4,70,68.6,37.64,7.25,23.71,34.56,Cash on Delivery,Completed,2
817,2024-05-05,2024,2024-05,18,113,Customer_0113,Non-binary,32,Granada,Andalusia,Southern Europe,Spain,2024-04-12,47,Product_47,Hair,Scalp Care,3,23,0.09,6.21,69,0.0,0.0,9.75,0.0,0.0,Bank Transfer,Returned,6
817,2024-05-05,2024,2024-05,18,113,Customer_0113,Non-binary,32,Granada,Andalusia,Southern Europe,Spain,2024-04-12,48,Product_48,Hair,Shampoo,5,11,0.12,6.6,55,0.0,0.0,12.25,0.0,0.0,Bank Transfer,Returned,6
643,2024-05-06,2024,2024-05,19,222,Customer_0222,Female,57,Madrid,Madrid,Southern Europe,Spain,2023-07-10,41,Product_41,Skin,Serum,5,118,0.1,59.0,590,531.0,212.35,14.25,304.4,57.33,Digital Wallet,Completed,2
91,2024-05-07,2024,2024-05,19,33,Customer_0033,Female,46,Rome,Lazio,Southern Europe,Italy,2023-04-11,3,Product_3,Hair,Hair Oil,5,63,0.1,31.5,315,283.5,195.85,14.25,73.4,25.89,Card,Completed,2
91,2024-05-07,2024,2024-05,19,33,Customer_0033,Female,46,Rome,Lazio,Southern Europe,Italy,2023-04-11,21,Product_21,Hair,Hair Oil,5,48,0.1,24.0,240,216.0,242.2,14.25,-40.45,-18.73,Card,Completed,2
116,2024-05-07,2024,2024-05,19,96,Customer_0096,Female,36,Munich,Bavaria,Central Europe,Germany,2024-01-31,11,Product_11,Makeup,Blush,5,47,0.12,28.2,235,0.0,0.0,11.25,0.0,0.0,Card,Returned,3
116,2024-05-07,2024,2024-05,19,96,Customer_0096,Female,36,Munich,Bavaria,Central Europe,Germany,2024-01-31,35,Product_35,Skin,Cleanser,4,38,0.12,18.24,152,0.0,0.0,10.0,0.0,0.0,Card,Returned,3
187,2024-05-08,2024,2024-05,19,255,Customer_0255,Female,42,Paris,Ile-de-France,Western Europe,France,2023-09-30,10,Product_10,Hair,Styling,1,61,0.02,1.22,61,59.78,54.82,9.25,-4.29,-7.18,Bank Transfer,Completed,1
187,2024-05-08,2024,2024-05,19,255,Customer_0255,Female,42,Paris,Ile-de-France,Western Europe,France,2023-09-30,32,Product_32,Body,Scrub,5,57,0.1,28.5,285,256.5,200.0,14.25,42.25,16.47,Bank Transfer,Completed,1
824,2024-05-08,2024,2024-05,19,293,Customer_0293,Non-binary,21,Bonn,North Rhine-Westphalia,Central Europe,Germany,2023-11-04,12,Product_12,Skin,Moisturizer,4,91,0.1,36.4,364,327.6,173.76,10.0,143.84,43.91,Digital Wallet,Completed,3
824,2024-05-08,2024,2024-05,19,293,Customer_0293,Non-binary,21,Bonn,North Rhine-Westphalia,Central Europe,Germany,2023-11-04,18,Product_18,Makeup,Foundation,1,20,0.02,0.4,20,19.6,42.32,6.25,-28.97,-147.81,Digital Wallet,Completed,3
824,2024-05-08,2024,2024-05,19,293,Customer_0293,Non-binary,21,Bonn,North Rhine-Westphalia,Central Europe,Germany,2023-11-04,27,Product_27,Makeup,Eyeshadow,5,37,0.1,18.5,185,166.5,219.85,11.25,-64.6,-38.8,Digital Wallet,Completed,3
881,2024-05-08,2024,2024-05,19,39,Customer_0039,Female,47,Casablanca,Casablanca-Settat,North Africa,Morocco,2024-02-15,9,Product_9,Makeup,Eyeshadow,4,101,0.1,40.4,404,363.6,129.4,12.32,221.88,61.02,Card,Completed,8
881,2024-05-08,2024,2024-05,19,39,Customer_0039,Female,47,Casablanca,Casablanca-Settat,North Africa,Morocco,2024-02-15,11,Product_11,Makeup,Blush,3,99,0.07,20.79,297,276.21,143.16,10.92,122.13,44.22,Card,Completed,8
881,2024-05-08,2024,2024-05,19,39,Customer_0039,Female,47,Casablanca,Casablanca-Settat,North Africa,Morocco,2024-02-15,23,Product_23,Body,Hand Care,4,98,0.1,39.2,392,352.8,169.36,12.32,171.12,48.5,Card,Completed,8
145,2024-05-09,2024,2024-05,19,121,Customer_0121,Male,47,Potsdam,Berlin,Central Europe,Germany,2024-01-25,33,Product_33,Hair,Hair Oil,2,101,0.04,8.08,202,193.92,85.96,8.5,99.46,51.29,Bank Transfer,Completed,1
509,2024-05-09,2024,2024-05,19,283,Customer_0283,Male,33,Bergamo,Lombardy,Southern Europe,Italy,2023-01-21,6,Product_6,Body,Body Lotion,5,40,0.1,20.0,200,0.0,0.0,12.25,0.0,0.0,Card,Cancelled,2
509,2024-05-09,2024,2024-05,19,283,Customer_0283,Male,33,Bergamo,Lombardy,Southern Europe,Italy,2023-01-21,15,Product_15,Makeup,Eyeshadow,2,20,0.04,1.6,40,0.0,0.0,8.5,0.0,0.0,Card,Cancelled,2
509,2024-05-09,2024,2024-05,19,283,Customer_0283,Male,33,Bergamo,Lombardy,Southern Europe,Italy,2023-01-21,37,Product_37,Makeup,Lipstick,2,113,0.04,9.04,226,0.0,0.0,8.5,0.0,0.0,Card,Cancelled,2
509,2024-05-09,2024,2024-05,19,283,Customer_0283,Male,33,Bergamo,Lombardy,Southern Europe,Italy,2023-01-21,47,Product_47,Hair,Scalp Care,5,47,0.1,23.5,235,0.0,0.0,12.25,0.0,0.0,Card,Cancelled,2
736,2024-05-09,2024,2024-05,19,187,Customer_0187,Male,58,Sale,Rabat-Sale-Kenitra,North Africa,Morocco,2024-02-14,7,Product_7,Hair,Conditioner,2,63,0.04,5.04,126,120.96,91.16,8.4,21.4,17.69,Cash on Delivery,Completed,5
736,2024-05-09,2024,2024-05,19,187,Customer_0187,Male,58,Sale,Rabat-Sale-Kenitra,North Africa,Morocco,2024-02-14,20,Product_20,Hair,Hair Mask,1,51,0.02,1.02,51,49.98,49.59,7.0,-6.61,-13.23,Cash on Delivery,Completed,5
736,2024-05-09,2024,2024-05,19,187,Customer_0187,Male,58,Sale,Rabat-Sale-Kenitra,North Africa,Morocco,2024-02-14,25,Product_25,Hair,Conditioner,3,44,0.07,9.24,132,122.76,160.71,9.8,-47.75,-38.9,Cash on Delivery,Completed,5
736,2024-05-09,2024,2024-05,19,187,Customer_0187,Male,58,Sale,Rabat-Sale-Kenitra,North Africa,Morocco,2024-02-14,49,Product_49,Makeup,Lipstick,2,79,0.04,6.32,158,151.68,69.34,8.4,73.94,48.75,Cash on Delivery,Completed,5
783,2024-05-09,2024,2024-05,19,277,Customer_0277,Male,32,Potsdam,Berlin,Central Europe,Germany,2023-07-19,1,Product_1,Body,Body Lotion,4,11,0.1,4.4,44,39.6,181.32,13.0,-154.72,-390.71,Card,Completed,6
783,2024-05-09,2024,2024-05,19,277,Customer_0277,Male,32,Potsdam,Berlin,Central Europe,Germany,2023-07-19,6,Product_6,Body,Body Lotion,5,95,0.1,47.5,475,427.5,225.85,14.25,187.4,43.84,Card,Completed,6
783,2024-05-09,2024,2024-05,19,277,Customer_0277,Male,32,Potsdam,Berlin,Central Europe,Germany,2023-07-19,32,Product_32,Body,Scrub,2,38,0.04,3.04,76,72.96,80.0,10.5,-17.54,-24.04,Card,Completed,6
783,2024-05-09,2024,2024-05,19,277,Customer_0277,Male,32,Potsdam,Berlin,Central Europe,Germany,2023-07-19,36,Product_36,Skin,Serum,2,44,0.04,3.52,88,84.48,108.14,10.5,-34.16,-40.44,Card,Completed,6
19,2024-05-10,2024,2024-05,19,161,Customer_0161,Non-binary,40,Bonn,North Rhine-Westphalia,Central Europe,Germany,2023-12-24,2,Product_2,Skin,Moisturizer,2,111,0.06,13.32,222,0.0,0.0,10.5,0.0,0.0,Card,Returned,2
19,2024-05-10,2024,2024-05,19,161,Customer_0161,Non-binary,40,Bonn,North Rhine-Westphalia,Central Europe,Germany,2023-12-24,11,Product_11,Makeup,Blush,5,66,0.12,39.6,330,0.0,0.0,14.25,0.0,0.0,Card,Returned,2
19,2024-05-10,2024,2024-05,19,161,Customer_0161,Non-binary,40,Bonn,North Rhine-Westphalia,Central Europe,Germany,2023-12-24,24,Product_24,Hair,Shampoo,2,104,0.06,12.48,208,0.0,0.0,10.5,0.0,0.0,Card,Returned,2
19,2024-05-10,2024,2024-05,19,161,Customer_0161,Non-binary,40,Bonn,North Rhine-Westphalia,Central Europe,Germany,2023-12-24,39,Product_39,Hair,Hair Oil,1,92,0.04,3.68,92,0.0,0.0,9.25,0.0,0.0,Card,Returned,2
195,2024-05-10,2024,2024-05,19,201,Customer_0201,Female,33,Paris,Ile-de-France,Western Europe,France,2024-01-16,19,Product_19,Makeup,Lipstick,2,26,0.04,2.08,52,49.92,68.52,10.5,-29.1,-58.29,Card,Completed,3
195,2024-05-10,2024,2024-05,19,201,Customer_0201,Female,33,Paris,Ile-de-France,Western Europe,France,2024-01-16,30,Product_30,Hair,Shampoo,1,12,0.02,0.24,12,11.76,47.66,9.25,-45.15,-383.93,Card,Completed,3
195,2024-05-10,2024,2024-05,19,201,Customer_0201,Female,33,Paris,Ile-de-France,Western Europe,France,2024-01-16,35,Product_35,Skin,Cleanser,5,28,0.1,14.0,140,126.0,248.4,14.25,-136.65,-108.45,Card,Completed,3
675,2024-05-10,2024,2024-05,19,126,Customer_0126,Female,41,Paris,Ile-de-France,Western Europe,France,2023-07-24,16,Product_16,Makeup,Concealer,1,53,0.02,1.06,53,51.94,53.25,9.25,-10.56,-20.33,Digital Wallet,Completed,6
675,2024-05-10,2024,2024-05,19,126,Customer_0126,Female,41,Paris,Ile-de-France,Western Europe,France,2023-07-24,16,Product_16,Makeup,Concealer,3,67,0.07,14.07,201,186.93,159.75,11.75,15.43,8.25,Digital Wallet,Completed,6
675,2024-05-10,2024,2024-05,19,126,Customer_0126,Female,41,Paris,Ile-de-France,Western Europe,France,2023-07-24,25,Product_25,Hair,Conditioner,4,63,0.1,25.2,252,226.8,214.28,13.0,-0.48,-0.21,Digital Wallet,Completed,6
675,2024-05-10,2024,2024-05,19,126,Customer_0126,Female,41,Paris,Ile-de-France,Western Europe,France,2023-07-24,42,Product_42,Skin,Moisturizer,4,71,0.1,28.4,284,255.6,159.88,13.0,82.72,32.36,Digital Wallet,Completed,6
15,2024-05-11,2024,2024-05,19,258,Customer_0258,Female,22,Casablanca,Casablanca-Settat,North Africa,Morocco,2023-10-06,13,Product_13,Skin,Sunscreen,3,67,0.07,14.07,201,186.93,137.73,13.16,36.04,19.28,Digital Wallet,Completed,2
873,2024-05-11,2024,2024-05,19,23,Customer_0023,Non-binary,58,Granada,Andalusia,Southern Europe,Spain,2023-04-02,15,Product_15,Makeup,Eyeshadow,1,20,0.02,0.4,20,19.6,53.52,7.25,-41.17,-210.05,Card,Completed,3
873,2024-05-11,2024,2024-05,19,23,Customer_0023,Non-binary,58,Granada,Andalusia,Southern Europe,Spain,2023-04-02,40,Product_40,Hair,Styling,1,64,0.02,1.28,64,62.72,50.02,7.25,5.45,8.69,Card,Completed,3
953,2024-05-11,2024,2024-05,19,182,Customer_0182,Non-binary,23,Caserta,Campania,Southern Europe,Italy,2023-05-13,23,Product_23,Body,Hand Care,2,85,0.04,6.8,170,163.2,84.68,8.5,70.02,42.9,Cash on Delivery,Completed,2
429,2024-05-12,2024,2024-05,19,242,Customer_0242,Non-binary,33,Annecy,Auvergne-Rhone-Alpes,Western Europe,France,2023-12-02,27,Product_27,Makeup,Eyeshadow,1,40,0.02,0.8,40,39.2,43.97,7.25,-12.02,-30.66,Cash on Delivery,Completed,3
429,2024-05-12,2024,2024-05,19,242,Customer_0242,Non-binary,33,Annecy,Auvergne-Rhone-Alpes,Western Europe,France,2023-12-02,30,Product_30,Hair,Shampoo,2,55,0.04,4.4,110,105.6,95.32,8.5,1.78,1.69,Cash on Delivery,Completed,3
761,2024-05-12,2024,2024-05,19,68,Customer_0068,Non-binary,45,Essaouira,Marrakesh-Safi,North Africa,Morocco,2023-12-02,20,Product_20,Hair,Hair Mask,4,52,0.1,20.8,208,0.0,0.0,12.32,0.0,0.0,Digital Wallet,Cancelled,1
761,2024-05-12,2024,2024-05,19,68,Customer_0068,Non-binary,45,Essaouira,Marrakesh-Safi,North Africa,Morocco,2023-12-02,28,Product_28,Hair,Styling,3,25,0.07,5.25,75,0.0,0.0,10.92,0.0,0.0,Digital Wallet,Cancelled,1
495,2024-05-13,2024,2024-05,20,221,Customer_0221,Non-binary,50,Bonn,North Rhine-Westphalia,Central Europe,Germany,2023-09-26,6,Product_6,Body,Body Lotion,4,86,0.1,34.4,344,309.6,180.68,13.0,115.92,37.44,Card,Completed,1
495,2024-05-13,2024,2024-05,20,221,Customer_0221,Non-binary,50,Bonn,North Rhine-Westphalia,Central Europe,Germany,2023-09-26,20,Product_20,Hair,Hair Mask,5,32,0.1,16.0,160,144.0,247.95,14.25,-118.2,-82.08,Card,Completed,1
495,2024-05-13,2024,2024-05,20,221,Customer_0221,Non-binary,50,Bonn,North Rhine-Westphalia,Central Europe,Germany,2023-09-26,23,Product_23,Body,Hand Care,1,11,0.02,0.22,11,10.78,42.34,9.25,-40.81,-378.57,Card,Completed,1
840,2024-05-15,2024,2024-05,20,38,Customer_0038,Non-binary,40,Essaouira,Marrakesh-Safi,North Africa,Morocco,2024-05-03,23,Product_23,Body,Hand Care,3,71,0.07,14.91,213,198.09,127.02,9.8,61.27,30.93,Bank Transfer,Completed,5
840,2024-05-15,2024,2024-05,20,38,Customer_0038,Non-binary,40,Essaouira,Marrakesh-Safi,North Africa,Morocco,2024-05-03,45,Product_45,Body,Body Wash,3,89,0.07,18.69,267,248.31,144.18,9.8,94.33,37.99,Bank Transfer,Completed,5
946,2024-05-15,2024,2024-05,20,296,Customer_0296,Non-binary,42,Annecy,Auvergne-Rhone-Alpes,Western Europe,France,2023-06-11,4,Product_4,Body,Deodorant,5,52,0.1,26.0,260,0.0,0.0,13.25,0.0,0.0,Bank Transfer,Cancelled,2
946,2024-05-15,2024,2024-05,20,296,Customer_0296,Non-binary,42,Annecy,Auvergne-Rhone-Alpes,Western Europe,France,2023-06-11,18,Product_18,Makeup,Foundation,5,118,0.1,59.0,590,0.0,0.0,13.25,0.0,0.0,Bank Transfer,Cancelled,2
946,2024-05-15,2024,2024-05,20,296,Customer_0296,Non-binary,42,Annecy,Auvergne-Rhone-Alpes,Western Europe,France,2023-06-11,34,Product_34,Hair,Styling,3,32,0.07,6.72,96,0.0,0.0,10.75,0.0,0.0,Bank Transfer,Cancelled,2
946,2024-05-15,2024,2024-05,20,296,Customer_0296,Non-binary,42,Annecy,Auvergne-Rhone-Alpes,Western Europe,France,2023-06-11,45,Product_45,Body,Body Wash,2,22,0.04,1.76,44,0.0,0.0,9.5,0.0,0.0,Bank Transfer,Cancelled,2
946,2024-05-15,2024,2024-05,20,296,Customer_0296,Non-binary,42,Annecy,Auvergne-Rhone-Alpes,Western Europe,France,2023-06-11,46,Product_46,Makeup,Concealer,5,42,0.1,21.0,210,0.0,0.0,13.25,0.0,0.0,Bank Transfer,Cancelled,2
241,2024-05-16,2024,2024-05,20,163,Customer_0163,Male,54,Girona,Catalonia,Southern Europe,Spain,2023-07-27,27,Product_27,Makeup,Eyeshadow,2,109,0.04,8.72,218,209.28,87.94,8.5,112.84,53.92,Card,Completed,2
370,2024-05-16,2024,2024-05,20,89,Customer_0089,Non-binary,28,Essaouira,Marrakesh-Safi,North Africa,Morocco,2024-03-04,45,Product_45,Body,Body Wash,2,23,0.04,1.84,46,0.0,0.0,10.64,0.0,0.0,Cash on Delivery,Cancelled,2
307,2024-05-19,2024,2024-05,20,246,Customer_0246,Female,20,Munich,Bavaria,Central Europe,Germany,2023-09-06,49,Product_49,Makeup,Lipstick,1,22,0.02,0.44,22,21.56,34.67,9.25,-22.36,-103.71,Digital Wallet,Completed,2
277,2024-05-20,2024,2024-05,21,6,Customer_0006,Female,21,Rome,Lazio,Southern Europe,Italy,2023-07-13,6,Product_6,Body,Body Lotion,2,88,0.04,7.04,176,168.96,90.34,8.5,70.12,41.5,Cash on Delivery,Completed,3
277,2024-05-20,2024,2024-05,21,6,Customer_0006,Female,21,Rome,Lazio,Southern Europe,Italy,2023-07-13,19,Product_19,Makeup,Lipstick,1,37,0.02,0.74,37,36.26,34.26,7.25,-5.25,-14.48,Cash on Delivery,Completed,3
277,2024-05-20,2024,2024-05,21,6,Customer_0006,Female,21,Rome,Lazio,Southern Europe,Italy,2023-07-13,34,Product_34,Hair,Styling,1,55,0.02,1.1,55,53.9,33.37,7.25,13.28,24.64,Cash on Delivery,Completed,3
936,2024-05-20,2024,2024-05,21,104,Customer_0104,Non-binary,51,Granada,Andalusia,Southern Europe,Spain,2023-02-05,17,Product_17,Hair,Scalp Care,1,69,0.02,1.38,69,67.62,44.55,6.25,16.82,24.87,Card,Completed,4
936,2024-05-20,2024,2024-05,21,104,Customer_0104,Non-binary,51,Granada,Andalusia,Southern Europe,Spain,2023-02-05,32,Product_32,Body,Scrub,5,10,0.1,5.0,50,45.0,200.0,11.25,-166.25,-369.44,Card,Completed,4
936,2024-05-20,2024,2024-05,21,104,Customer_0104,Non-binary,51,Granada,Andalusia,Southern Europe,Spain,2023-02-05,39,Product_39,Hair,Hair Oil,2,100,0.04,8.0,200,192.0,71.58,7.5,112.92,58.81,Card,Completed,4
975,2024-05-20,2024,2024-05,21,25,Customer_0025,Male,31,Bergamo,Lombardy,Southern Europe,Italy,2023-01-31,36,Product_36,Skin,Serum,4,84,0.1,33.6,336,302.4,216.28,13.0,73.12,24.18,Card,Completed,3
975,2024-05-20,2024,2024-05,21,25,Customer_0025,Male,31,Bergamo,Lombardy,Southern Europe,Italy,2023-01-31,41,Product_41,Skin,Serum,3,14,0.07,2.94,42,39.06,127.41,11.75,-100.1,-256.27,Card,Completed,3
851,2024-05-21,2024,2024-05,21,267,Customer_0267,Female,44,Madrid,Madrid,Southern Europe,Spain,2024-02-15,12,Product_12,Skin,Moisturizer,5,13,0.1,6.5,65,58.5,217.2,14.25,-172.95,-295.64,Bank Transfer,Completed,2
851,2024-05-21,2024,2024-05,21,267,Customer_0267,Female,44,Madrid,Madrid,Southern Europe,Spain,2024-02-15,15,Product_15,Makeup,Eyeshadow,1,36,0.02,0.72,36,35.28,53.52,9.25,-27.49,-77.92,Bank Transfer,Completed,2
851,2024-05-21,2024,2024-05,21,267,Customer_0267,Female,44,Madrid,Madrid,Southern Europe,Spain,2024-02-15,37,Product_37,Makeup,Lipstick,3,21,0.07,4.41,63,58.59,138.09,11.75,-91.25,-155.74,Bank Transfer,Completed,2
851,2024-05-21,2024,2024-05,21,267,Customer_0267,Female,44,Madrid,Madrid,Southern Europe,Spain,2024-02-15,45,Product_45,Body,Body Wash,3,65,0.07,13.65,195,181.35,144.18,11.75,25.42,14.02,Bank Transfer,Completed,2
225,2024-05-22,2024,2024-05,21,208,Customer_0208,Male,41,Sale,Rabat-Sale-Kenitra,North Africa,Morocco,2024-04-07,37,Product_37,Makeup,Lipstick,5,33,0.1,16.5,165,148.5,230.15,13.72,-95.37,-64.22,Digital Wallet,Completed,3
615,2024-05-22,2024,2024-05,21,133,Customer_0133,Male,49,Potsdam,Berlin,Central Europe,Germany,2023-05-31,11,Product_11,Makeup,Blush,4,35,0.1,14.0,140,126.0,190.88,13.0,-77.88,-61.81,Card,Completed,5
615,2024-05-22,2024,2024-05,21,133,Customer_0133,Male,49,Potsdam,Berlin,Central Europe,Germany,2023-05-31,29,Product_29,Makeup,Blush,2,57,0.04,4.56,114,109.44,65.8,10.5,33.14,30.28,Card,Completed,5
886,2024-05-22,2024,2024-05,21,42,Customer_0042,Female,27,Rome,Lazio,Southern Europe,Italy,2024-01-07,7,Product_7,Hair,Conditioner,1,78,0.04,3.12,78,0.0,0.0,8.25,0.0,0.0,Card,Returned,1
886,2024-05-22,2024,2024-05,21,42,Customer_0042,Female,27,Rome,Lazio,Southern Europe,Italy,2024-01-07,43,Product_43,Hair,Conditioner,2,109,0.06,13.08,218,0.0,0.0,9.5,0.0,0.0,Card,Returned,1
890,2024-05-22,2024,2024-05,21,289,Customer_0289,Male,34,Bergamo,Lombardy,Southern Europe,Italy,2023-05-28,13,Product_13,Skin,Sunscreen,3,63,0.07,13.23,189,175.77,137.73,10.75,27.29,15.53,Cash on Delivery,Completed,4
890,2024-05-22,2024,2024-05,21,289,Customer_0289,Male,34,Bergamo,Lombardy,Southern Europe,Italy,2023-05-28,38,Product_38,Makeup,Mascara,5,116,0.1,58.0,580,522.0,212.95,13.25,295.8,56.67,Cash on Delivery,Completed,4
890,2024-05-22,2024,2024-05,21,289,Customer_0289,Male,34,Bergamo,Lombardy,Southern Europe,Italy,2023-05-28,43,Product_43,Hair,Conditioner,4,107,0.1,42.8,428,385.2,165.16,12.0,208.04,54.01,Cash on Delivery,Completed,4
3,2024-05-23,2024,2024-05,21,107,Customer_0107,Non-binary,31,Caserta,Campania,Southern Europe,Italy,2024-01-05,18,Product_18,Makeup,Foundation,1,25,0.02,0.5,25,24.5,42.32,9.25,-27.07,-110.49,Bank Transfer,Completed,2
3,2024-05-23,2024,2024-05,21,107,Customer_0107,Non-binary,31,Caserta,Campania,Southern Europe,Italy,2024-01-05,24,Product_24,Hair,Shampoo,4,41,0.1,16.4,164,147.6,150.56,13.0,-15.96,-10.81,Bank Transfer,Completed,2
3,2024-05-23,2024,2024-05,21,107,Customer_0107,Non-binary,31,Caserta,Campania,Southern Europe,Italy,2024-01-05,35,Product_35,Skin,Cleanser,5,74,0.1,37.0,370,333.0,248.4,14.25,70.35,21.13,Bank Transfer,Completed,2
3,2024-05-23,2024,2024-05,21,107,Customer_0107,Non-binary,31,Caserta,Campania,Southern Europe,Italy,2024-01-05,42,Product_42,Skin,Moisturizer,2,66,0.04,5.28,132,126.72,79.94,10.5,36.28,28.63,Bank Transfer,Completed,2
947,2024-05-23,2024,2024-05,21,297,Customer_0297,Female,49,Munich,Bavaria,Central Europe,Germany,2023-12-23,15,Product_15,Makeup,Eyeshadow,2,104,0.04,8.32,208,199.68,107.04,10.5,82.14,41.14,Card,Completed,1
947,2024-05-23,2024,2024-05,21,297,Customer_0297,Female,49,Munich,Bavaria,Central Europe,Germany,2023-12-23,17,Product_17,Hair,Scalp Care,1,31,0.02,0.62,31,30.38,44.55,9.25,-23.42,-77.09,Card,Completed,1
947,2024-05-23,2024,2024-05,21,297,Customer_0297,Female,49,Munich,Bavaria,Central Europe,Germany,2023-12-23,25,Product_25,Hair,Conditioner,4,110,0.1,44.0,440,396.0,214.28,13.0,168.72,42.61,Card,Completed,1
947,2024-05-23,2024,2024-05,21,297,Customer_0297,Female,49,Munich,Bavaria,Central Europe,Germany,2023-12-23,44,Product_44,Body,Deodorant,5,22,0.1,11.0,110,99.0,183.3,14.25,-98.55,-99.55,Card,Completed,1
838,2024-05-24,2024,2024-05,21,273,Customer_0273,Female,45,Munich,Bavaria,Central Europe,Germany,2023-08-16,16,Product_16,Makeup,Concealer,4,117,0.1,46.8,468,421.2,213.0,12.0,196.2,46.58,Cash on Delivery,Completed,4
115,2024-05-25,2024,2024-05,21,52,Customer_0052,Male,56,Nice,Provence-Alpes-Cote d'Azur,Western Europe,France,2023-01-21,3,Product_3,Hair,Hair Oil,1,19,0.02,0.38,19,18.62,39.17,9.25,-29.8,-160.04,Cash on Delivery,Completed,2
300,2024-05-25,2024,2024-05,21,288,Customer_0288,Female,27,Paris,Ile-de-France,Western Europe,France,2024-02-20,23,Product_23,Body,Hand Care,5,63,0.12,37.8,315,0.0,0.0,11.25,0.0,0.0,Card,Returned,3
950,2024-05-25,2024,2024-05,21,257,Customer_0257,Non-binary,56,Caserta,Campania,Southern Europe,Italy,2023-09-06,15,Product_15,Makeup,Eyeshadow,4,22,0.12,10.56,88,0.0,0.0,12.0,0.0,0.0,Cash on Delivery,Returned,3
950,2024-05-25,2024,2024-05,21,257,Customer_0257,Non-binary,56,Caserta,Campania,Southern Europe,Italy,2023-09-06,41,Product_41,Skin,Serum,4,30,0.12,14.4,120,0.0,0.0,12.0,0.0,0.0,Cash on Delivery,Returned,3
61,2024-05-26,2024,2024-05,21,252,Customer_0252,Female,21,Munich,Bavaria,Central Europe,Germany,2023-12-28,5,Product_5,Skin,Cleanser,2,31,0.04,2.48,62,59.52,111.5,8.5,-60.48,-101.61,Digital Wallet,Completed,5
61,2024-05-26,2024,2024-05,21,252,Customer_0252,Female,21,Munich,Bavaria,Central Europe,Germany,2023-12-28,12,Product_12,Skin,Moisturizer,5,87,0.1,43.5,435,391.5,217.2,12.25,162.05,41.39,Digital Wallet,Completed,5
61,2024-05-26,2024,2024-05,21,252,Customer_0252,Female,21,Munich,Bavaria,Central Europe,Germany,2023-12-28,14,Product_14,Body,Deodorant,2,33,0.04,2.64,66,63.36,82.96,8.5,-28.1,-44.35,Digital Wallet,Completed,5
409,2024-05-26,2024,2024-05,21,16,Customer_0016,Male,50,Potsdam,Berlin,Central Europe,Germany,2024-01-25,25,Product_25,Hair,Conditioner,1,56,0.02,1.12,56,54.88,53.57,7.25,-5.94,-10.82,Digital Wallet,Completed,1
409,2024-05-26,2024,2024-05,21,16,Customer_0016,Male,50,Potsdam,Berlin,Central Europe,Germany,2024-01-25,32,Product_32,Body,Scrub,5,12,0.1,6.0,60,54.0,200.0,12.25,-158.25,-293.06,Digital Wallet,Completed,1
409,2024-05-26,2024,2024-05,21,16,Customer_0016,Male,50,Potsdam,Berlin,Central Europe,Germany,2024-01-25,50,Product_50,Skin,Cleanser,5,66,0.1,33.0,330,297.0,275.0,12.25,9.75,3.28,Digital Wallet,Completed,1
523,2024-05-26,2024,2024-05,21,182,Customer_0182,Non-binary,23,Caserta,Campania,Southern Europe,Italy,2023-05-13,25,Product_25,Hair,Conditioner,1,31,0.02,0.62,31,0.0,0.0,9.25,0.0,0.0,Digital Wallet,Cancelled,2
523,2024-05-26,2024,2024-05,21,182,Customer_0182,Non-binary,23,Caserta,Campania,Southern Europe,Italy,2023-05-13,40,Product_40,Hair,Styling,4,66,0.1,26.4,264,0.0,0.0,13.0,0.0,0.0,Digital Wallet,Cancelled,2
523,2024-05-26,2024,2024-05,21,182,Customer_0182,Non-binary,23,Caserta,Campania,Southern Europe,Italy,2023-05-13,47,Product_47,Hair,Scalp Care,1,119,0.02,2.38,119,0.0,0.0,9.25,0.0,0.0,Digital Wallet,Cancelled,2
655,2024-05-26,2024,2024-05,21,294,Customer_0294,Female,28,Paris,Ile-de-France,Western Europe,France,2024-01-06,7,Product_7,Hair,Conditioner,5,64,0.1,32.0,320,288.0,227.9,14.25,45.85,15.92,Digital Wallet,Completed,4
655,2024-05-26,2024,2024-05,21,294,Customer_0294,Female,28,Paris,Ile-de-France,Western Europe,France,2024-01-06,9,Product_9,Makeup,Eyeshadow,2,42,0.04,3.36,84,80.64,64.7,10.5,5.44,6.75,Digital Wallet,Completed,4
849,2024-05-26,2024,2024-05,21,296,Customer_0296,Non-binary,42,Annecy,Auvergne-Rhone-Alpes,Western Europe,France,2023-06-11,24,Product_24,Hair,Shampoo,4,72,0.1,28.8,288,259.2,150.56,11.0,97.64,37.67,Digital Wallet,Completed,2
849,2024-05-26,2024,2024-05,21,296,Customer_0296,Non-binary,42,Annecy,Auvergne-Rhone-Alpes,Western Europe,France,2023-06-11,39,Product_39,Hair,Hair Oil,2,105,0.04,8.4,210,201.6,71.58,8.5,121.52,60.28,Digital Wallet,Completed,2
849,2024-05-26,2024,2024-05,21,296,Customer_0296,Non-binary,42,Annecy,Auvergne-Rhone-Alpes,Western Europe,France,2023-06-11,39,Product_39,Hair,Hair Oil,2,91,0.04,7.28,182,174.72,71.58,8.5,94.64,54.17,Digital Wallet,Completed,2
176,2024-05-27,2024,2024-05,22,126,Customer_0126,Female,41,Paris,Ile-de-France,Western Europe,France,2023-07-24,16,Product_16,Makeup,Concealer,2,59,0.04,4.72,118,113.28,106.5,7.5,-0.72,-0.64,Bank Transfer,Completed,6
326,2024-05-27,2024,2024-05,22,63,Customer_0063,Female,51,Madrid,Madrid,Southern Europe,Spain,2024-03-03,4,Product_4,Body,Deodorant,3,30,0.07,6.3,90,83.7,116.04,10.75,-43.09,-51.48,Digital Wallet,Completed,6
326,2024-05-27,2024,2024-05,22,63,Customer_0063,Female,51,Madrid,Madrid,Southern Europe,Spain,2024-03-03,8,Product_8,Body,Hand Care,5,119,0.1,59.5,595,535.5,233.5,13.25,288.75,53.92,Digital Wallet,Completed,6
326,2024-05-27,2024,2024-05,22,63,Customer_0063,Female,51,Madrid,Madrid,Southern Europe,Spain,2024-03-03,40,Product_40,Hair,Styling,2,25,0.04,2.0,50,48.0,100.04,9.5,-61.54,-128.21,Digital Wallet,Completed,6
596,2024-05-27,2024,2024-05,22,5,Customer_0005,Non-binary,55,Caserta,Campania,Southern Europe,Italy,2024-02-05,5,Product_5,Skin,Cleanser,5,89,0.1,44.5,445,400.5,278.75,11.25,110.5,27.59,Digital Wallet,Completed,6
596,2024-05-27,2024,2024-05,22,5,Customer_0005,Non-binary,55,Caserta,Campania,Southern Europe,Italy,2024-02-05,9,Product_9,Makeup,Eyeshadow,1,42,0.02,0.84,42,41.16,32.35,6.25,2.56,6.22,Digital Wallet,Completed,6
596,2024-05-27,2024,2024-05,22,5,Customer_0005,Non-binary,55,Caserta,Campania,Southern Europe,Italy,2024-02-05,26,Product_26,Makeup,Mascara,2,73,0.04,5.84,146,140.16,87.56,7.5,45.1,32.18,Digital Wallet,Completed,6
596,2024-05-27,2024,2024-05,22,5,Customer_0005,Non-binary,55,Caserta,Campania,Southern Europe,Italy,2024-02-05,32,Product_32,Body,Scrub,5,105,0.1,52.5,525,472.5,200.0,11.25,261.25,55.29,Digital Wallet,Completed,6
154,2024-05-28,2024,2024-05,22,172,Customer_0172,Male,35,Bergamo,Lombardy,Southern Europe,Italy,2023-07-18,12,Product_12,Skin,Moisturizer,4,117,0.1,46.8,468,421.2,173.76,12.0,235.44,55.9,Bank Transfer,Completed,3
154,2024-05-28,2024,2024-05,22,172,Customer_0172,Male,35,Bergamo,Lombardy,Southern Europe,Italy,2023-07-18,21,Product_21,Hair,Hair Oil,3,108,0.07,22.68,324,301.32,145.32,10.75,145.25,48.2,Bank Transfer,Completed,3
154,2024-05-28,2024,2024-05,22,172,Customer_0172,Male,35,Bergamo,Lombardy,Southern Europe,Italy,2023-07-18,23,Product_23,Body,Hand Care,1,66,0.02,1.32,66,64.68,42.34,8.25,14.09,21.78,Bank Transfer,Completed,3
154,2024-05-28,2024,2024-05,22,172,Customer_0172,Male,35,Bergamo,Lombardy,Southern Europe,Italy,2023-07-18,26,Product_26,Makeup,Mascara,1,12,0.02,0.24,12,11.76,43.78,8.25,-40.27,-342.43,Bank Transfer,Completed,3
154,2024-05-28,2024,2024-05,22,172,Customer_0172,Male,35,Bergamo,Lombardy,Southern Europe,Italy,2023-07-18,39,Product_39,Hair,Hair Oil,2,10,0.04,0.8,20,19.2,71.58,9.5,-61.88,-322.29,Bank Transfer,Completed,3
154,2024-05-28,2024,2024-05,22,172,Customer_0172,Male,35,Bergamo,Lombardy,Southern Europe,Italy,2023-07-18,42,Product_42,Skin,Moisturizer,1,13,0.02,0.26,13,12.74,39.97,8.25,-35.48,-278.49,Bank Transfer,Completed,3
217,2024-05-28,2024,2024-05,22,254,Customer_0254,Non-binary,35,Bonn,North Rhine-Westphalia,Central Europe,Germany,2023-08-09,46,Product_46,Makeup,Concealer,2,40,0.04,3.2,80,76.8,88.88,8.5,-20.58,-26.8,Cash on Delivery,Completed,3
669,2024-05-29,2024,2024-05,22,273,Customer_0273,Female,45,Munich,Bavaria,Central Europe,Germany,2023-08-16,9,Product_9,Makeup,Eyeshadow,2,11,0.04,0.88,22,21.12,64.7,8.5,-52.08,-246.59,Bank Transfer,Completed,4
669,2024-05-29,2024,2024-05,22,273,Customer_0273,Female,45,Munich,Bavaria,Central Europe,Germany,2023-08-16,33,Product_33,Hair,Hair Oil,3,24,0.07,5.04,72,66.96,128.94,9.75,-71.73,-107.12,Bank Transfer,Completed,4
59,2024-05-30,2024,2024-05,22,271,Customer_0271,Male,31,Nice,Provence-Alpes-Cote d'Azur,Western Europe,France,2023-08-29,2,Product_2,Skin,Moisturizer,5,11,0.1,5.5,55,49.5,206.65,14.25,-171.4,-346.26,Bank Transfer,Completed,3
59,2024-05-30,2024,2024-05,22,271,Customer_0271,Male,31,Nice,Provence-Alpes-Cote d'Azur,Western Europe,France,2023-08-29,4,Product_4,Body,Deodorant,5,86,0.1,43.0,430,387.0,193.4,14.25,179.35,46.34,Bank Transfer,Completed,3
59,2024-05-30,2024,2024-05,22,271,Customer_0271,Male,31,Nice,Provence-Alpes-Cote d'Azur,Western Europe,France,2023-08-29,9,Product_9,Makeup,Eyeshadow,1,88,0.02,1.76,88,86.24,32.35,9.25,44.64,51.76,Bank Transfer,Completed,3
59,2024-05-30,2024,2024-05,22,271,Customer_0271,Male,31,Nice,Provence-Alpes-Cote d'Azur,Western Europe,France,2023-08-29,37,Product_37,Makeup,Lipstick,3,89,0.07,18.69,267,248.31,138.09,11.75,98.47,39.66,Bank Transfer,Completed,3
59,2024-05-30,2024,2024-05,22,271,Customer_0271,Male,31,Nice,Provence-Alpes-Cote d'Azur,Western Europe,France,2023-08-29,39,Product_39,Hair,Hair Oil,4,30,0.1,12.0,120,108.0,143.16,13.0,-48.16,-44.59,Bank Transfer,Completed,3
59,2024-05-30,2024,2024-05,22,271,Customer_0271,Male,31,Nice,Provence-Alpes-Cote d'Azur,Western Europe,France,2023-08-29,39,Product_39,Hair,Hair Oil,2,45,0.04,3.6,90,86.4,71.58,10.5,4.32,5.0,Bank Transfer,Completed,3
59,2024-05-30,2024,2024-05,22,271,Customer_0271,Male,31,Nice,Provence-Alpes-Cote d'Azur,Western Europe,France,2023-08-29,49,Product_49,Makeup,Lipstick,1,98,0.02,1.96,98,96.04,34.67,9.25,52.12,54.27,Bank Transfer,Completed,3
168,2024-05-31,2024,2024-05,22,187,Customer_0187,Male,58,Sale,Rabat-Sale-Kenitra,North Africa,Morocco,2024-02-14,36,Product_36,Skin,Serum,5,35,0.1,17.5,175,157.5,270.35,12.6,-125.45,-79.65,Cash on Delivery,Completed,5
252,2024-05-31,2024,2024-05,22,176,Customer_0176,Non-binary,22,Annecy,Auvergne-Rhone-Alpes,Western Europe,France,2023-09-01,15,Product_15,Makeup,Eyeshadow,3,70,0.07,14.7,210,195.3,160.56,8.75,25.99,13.31,Card,Completed,1
252,2024-05-31,2024,2024-05,22,176,Customer_0176,Non-binary,22,Annecy,Auvergne-Rhone-Alpes,Western Europe,France,2023-09-01,27,Product_27,Makeup,Eyeshadow,3,75,0.07,15.75,225,209.25,131.91,8.75,68.59,32.78,Card,Completed,1
252,2024-05-31,2024,2024-05,22,176,Customer_0176,Non-binary,22,Annecy,Auvergne-Rhone-Alpes,Western Europe,France,2023-09-01,28,Product_28,Hair,Styling,4,54,0.1,21.6,216,194.4,161.16,10.0,23.24,11.95,Card,Completed,1
693,2024-05-31,2024,2024-05,22,122,Customer_0122,Non-binary,54,Bonn,North Rhine-Westphalia,Central Europe,Germany,2023-06-10,21,Product_21,Hair,Hair Oil,4,115,0.1,46.0,460,414.0,193.76,11.0,209.24,50.54,Cash on Delivery,Completed,3
693,2024-05-31,2024,2024-05,22,122,Customer_0122,Non-binary,54,Bonn,North Rhine-Westphalia,Central Europe,Germany,2023-06-10,33,Product_33,Hair,Hair Oil,3,31,0.07,6.51,93,86.49,128.94,9.75,-52.2,-60.35,Cash on Delivery,Completed,3
693,2024-05-31,2024,2024-05,22,122,Customer_0122,Non-binary,54,Bonn,North Rhine-Westphalia,Central Europe,Germany,2023-06-10,38,Product_38,Makeup,Mascara,3,97,0.07,20.37,291,270.63,127.77,9.75,133.11,49.19,Cash on Delivery,Completed,3
693,2024-05-31,2024,2024-05,22,122,Customer_0122,Non-binary,54,Bonn,North Rhine-Westphalia,Central Europe,Germany,2023-06-10,45,Product_45,Body,Body Wash,3,100,0.07,21.0,300,279.0,144.18,9.75,125.07,44.83,Cash on Delivery,Completed,3
988,2024-05-31,2024,2024-05,22,148,Customer_0148,Male,31,Sale,Rabat-Sale-Kenitra,North Africa,Morocco,2024-04-02,4,Product_4,Body,Deodorant,5,69,0.12,41.4,345,0.0,0.0,12.6,0.0,0.0,Card,Returned,4
988,2024-05-31,2024,2024-05,22,148,Customer_0148,Male,31,Sale,Rabat-Sale-Kenitra,North Africa,Morocco,2024-04-02,22,Product_22,Makeup,Concealer,1,41,0.04,1.64,41,0.0,0.0,7.0,0.0,0.0,Card,Returned,4
988,2024-05-31,2024,2024-05,22,148,Customer_0148,Male,31,Sale,Rabat-Sale-Kenitra,North Africa,Morocco,2024-04-02,31,Product_31,Body,Body Lotion,1,77,0.04,3.08,77,0.0,0.0,7.0,0.0,0.0,Card,Returned,4
988,2024-05-31,2024,2024-05,22,148,Customer_0148,Male,31,Sale,Rabat-Sale-Kenitra,North Africa,Morocco,2024-04-02,45,Product_45,Body,Body Wash,2,41,0.06,4.92,82,0.0,0.0,8.4,0.0,0.0,Card,Returned,4
996,2024-05-31,2024,2024-05,22,215,Customer_0215,Non-binary,49,Bonn,North Rhine-Westphalia,Central Europe,Germany,2024-02-15,23,Product_23,Body,Hand Care,4,13,0.1,5.2,52,46.8,169.36,10.0,-132.56,-283.25,Cash on Delivery,Completed,4
124,2024-06-01,2024,2024-06,22,13,Customer_0013,Male,29,Bergamo,Lombardy,Southern Europe,Italy,2024-02-10,27,Product_27,Makeup,Eyeshadow,5,68,0.1,34.0,340,306.0,219.85,11.25,74.9,24.48,Digital Wallet,Completed,5
124,2024-06-01,2024,2024-06,22,13,Customer_0013,Male,29,Bergamo,Lombardy,Southern Europe,Italy,2024-02-10,28,Product_28,Hair,Styling,2,118,0.04,9.44,236,226.56,80.58,7.5,138.48,61.12,Digital Wallet,Completed,5
124,2024-06-01,2024,2024-06,22,13,Customer_0013,Male,29,Bergamo,Lombardy,Southern Europe,Italy,2024-02-10,34,Product_34,Hair,Styling,2,26,0.04,2.08,52,49.92,66.74,7.5,-24.32,-48.72,Digital Wallet,Completed,5
302,2024-06-01,2024,2024-06,22,127,Customer_0127,Male,48,Bergamo,Lombardy,Southern Europe,Italy,2023-01-29,32,Product_32,Body,Scrub,2,103,0.04,8.24,206,197.76,80.0,9.5,108.26,54.74,Digital Wallet,Completed,4
302,2024-06-01,2024,2024-06,22,127,Customer_0127,Male,48,Bergamo,Lombardy,Southern Europe,Italy,2023-01-29,33,Product_33,Hair,Hair Oil,4,66,0.1,26.4,264,237.6,171.92,12.0,53.68,22.59,Digital Wallet,Completed,4
182,2024-06-02,2024,2024-06,22,198,Customer_0198,Female,53,Munich,Bavaria,Central Europe,Germany,2023-05-02,20,Product_20,Hair,Hair Mask,3,106,0.07,22.26,318,295.74,148.77,10.75,136.22,46.06,Card,Completed,4
182,2024-06-02,2024,2024-06,22,198,Customer_0198,Female,53,Munich,Bavaria,Central Europe,Germany,2023-05-02,26,Product_26,Makeup,Mascara,1,66,0.02,1.32,66,64.68,43.78,8.25,12.65,19.56,Card,Completed,4
182,2024-06-02,2024,2024-06,22,198,Customer_0198,Female,53,Munich,Bavaria,Central Europe,Germany,2023-05-02,48,Product_48,Hair,Shampoo,3,90,0.07,18.9,270,251.1,119.94,10.75,120.41,47.95,Card,Completed,4
607,2024-06-02,2024,2024-06,22,217,Customer_0217,Male,22,Bergamo,Lombardy,Southern Europe,Italy,2023-02-01,30,Product_30,Hair,Shampoo,1,18,0.02,0.36,18,17.64,47.66,9.25,-39.27,-222.62,Card,Completed,4
909,2024-06-02,2024,2024-06,22,157,Customer_0157,Male,53,Sale,Rabat-Sale-Kenitra,North Africa,Morocco,2024-04-07,21,Product_21,Hair,Hair Oil,2,102,0.04,8.16,204,195.84,96.88,9.52,89.44,45.67,Bank Transfer,Completed,3
909,2024-06-02,2024,2024-06,22,157,Customer_0157,Male,53,Sale,Rabat-Sale-Kenitra,North Africa,Morocco,2024-04-07,33,Product_33,Hair,Hair Oil,1,53,0.02,1.06,53,51.94,42.98,8.12,0.84,1.62,Bank Transfer,Completed,3
909,2024-06-02,2024,2024-06,22,157,Customer_0157,Male,53,Sale,Rabat-Sale-Kenitra,North Africa,Morocco,2024-04-07,48,Product_48,Hair,Shampoo,4,41,0.1,16.4,164,147.6,159.92,12.32,-24.64,-16.69,Bank Transfer,Completed,3
991,2024-06-02,2024,2024-06,22,189,Customer_0189,Female,31,Munich,Bavaria,Central Europe,Germany,2023-06-03,13,Product_13,Skin,Sunscreen,5,60,0.1,30.0,300,270.0,229.55,14.25,26.2,9.7,Card,Completed,3
991,2024-06-02,2024,2024-06,22,189,Customer_0189,Female,31,Munich,Bavaria,Central Europe,Germany,2023-06-03,16,Product_16,Makeup,Concealer,3,61,0.07,12.81,183,170.19,159.75,11.75,-1.31,-0.77,Card,Completed,3
991,2024-06-02,2024,2024-06,22,189,Customer_0189,Female,31,Munich,Bavaria,Central Europe,Germany,2023-06-03,50,Product_50,Skin,Cleanser,1,77,0.02,1.54,77,75.46,55.0,9.25,11.21,14.86,Card,Completed,3
426,2024-06-03,2024,2024-06,23,12,Customer_0012,Female,22,Paris,Ile-de-France,Western Europe,France,2024-03-11,37,Product_37,Makeup,Lipstick,3,35,0.07,7.35,105,97.65,138.09,10.75,-51.19,-52.42,Bank Transfer,Completed,3
450,2024-06-03,2024,2024-06,23,96,Customer_0096,Female,36,Munich,Bavaria,Central Europe,Germany,2024-01-31,13,Product_13,Skin,Sunscreen,1,98,0.02,1.96,98,96.04,45.91,8.25,41.88,43.61,Bank Transfer,Completed,3
450,2024-06-03,2024,2024-06,23,96,Customer_0096,Female,36,Munich,Bavaria,Central Europe,Germany,2024-01-31,25,Product_25,Hair,Conditioner,5,84,0.1,42.0,420,378.0,267.85,13.25,96.9,25.63,Bank Transfer,Completed,3
450,2024-06-03,2024,2024-06,23,96,Customer_0096,Female,36,Munich,Bavaria,Central Europe,Germany,2024-01-31,32,Product_32,Body,Scrub,4,117,0.1,46.8,468,421.2,160.0,12.0,249.2,59.16,Bank Transfer,Completed,3
450,2024-06-03,2024,2024-06,23,96,Customer_0096,Female,36,Munich,Bavaria,Central Europe,Germany,2024-01-31,45,Product_45,Body,Body Wash,3,39,0.07,8.19,117,108.81,144.18,10.75,-46.12,-42.39,Bank Transfer,Completed,3
778,2024-06-04,2024,2024-06,23,282,Customer_0282,Female,26,Paris,Ile-de-France,Western Europe,France,2024-05-06,28,Product_28,Hair,Styling,2,80,0.04,6.4,160,153.6,80.58,9.5,63.52,41.35,Card,Completed,2
778,2024-06-04,2024,2024-06,23,282,Customer_0282,Female,26,Paris,Ile-de-France,Western Europe,France,2024-05-06,42,Product_42,Skin,Moisturizer,2,64,0.04,5.12,128,122.88,79.94,9.5,33.44,27.21,Card,Completed,2
944,2024-06-04,2024,2024-06,23,51,Customer_0051,Female,49,Munich,Bavaria,Central Europe,Germany,2024-02-03,14,Product_14,Body,Deodorant,2,99,0.04,7.92,198,0.0,0.0,7.5,0.0,0.0,Cash on Delivery,Cancelled,4
944,2024-06-04,2024,2024-06,23,51,Customer_0051,Female,49,Munich,Bavaria,Central Europe,Germany,2024-02-03,19,Product_19,Makeup,Lipstick,4,82,0.1,32.8,328,0.0,0.0,10.0,0.0,0.0,Cash on Delivery,Cancelled,4
944,2024-06-04,2024,2024-06,23,51,Customer_0051,Female,49,Munich,Bavaria,Central Europe,Germany,2024-02-03,48,Product_48,Hair,Shampoo,5,34,0.1,17.0,170,0.0,0.0,11.25,0.0,0.0,Cash on Delivery,Cancelled,4
944,2024-06-04,2024,2024-06,23,51,Customer_0051,Female,49,Munich,Bavaria,Central Europe,Germany,2024-02-03,50,Product_50,Skin,Cleanser,5,88,0.1,44.0,440,0.0,0.0,11.25,0.0,0.0,Cash on Delivery,Cancelled,4
826,2024-06-05,2024,2024-06,23,259,Customer_0259,Male,29,Girona,Catalonia,Southern Europe,Spain,2024-03-15,19,Product_19,Makeup,Lipstick,4,89,0.1,35.6,356,320.4,137.04,12.0,171.36,53.48,Digital Wallet,Completed,5
826,2024-06-05,2024,2024-06,23,259,Customer_0259,Male,29,Girona,Catalonia,Southern Europe,Spain,2024-03-15,24,Product_24,Hair,Shampoo,5,53,0.1,26.5,265,238.5,188.2,13.25,37.05,15.53,Digital Wallet,Completed,5
942,2024-06-05,2024,2024-06,23,92,Customer_0092,Non-binary,49,Granada,Andalusia,Southern Europe,Spain,2023-09-01,1,Product_1,Body,Body Lotion,4,42,0.1,16.8,168,151.2,181.32,12.0,-42.12,-27.86,Bank Transfer,Completed,3
942,2024-06-05,2024,2024-06,23,92,Customer_0092,Non-binary,49,Granada,Andalusia,Southern Europe,Spain,2023-09-01,31,Product_31,Body,Body Lotion,3,87,0.07,18.27,261,242.73,155.04,10.75,76.94,31.7,Bank Transfer,Completed,3
87,2024-06-06,2024,2024-06,23,28,Customer_0028,Male,52,Sale,Rabat-Sale-Kenitra,North Africa,Morocco,2024-02-04,44,Product_44,Body,Deodorant,4,54,0.1,21.6,216,194.4,146.64,14.56,33.2,17.08,Cash on Delivery,Completed,4
438,2024-06-06,2024,2024-06,23,196,Customer_0196,Male,39,Girona,Catalonia,Southern Europe,Spain,2023-09-16,23,Product_23,Body,Hand Care,1,40,0.02,0.8,40,39.2,42.34,8.25,-11.39,-29.06,Bank Transfer,Completed,3
438,2024-06-06,2024,2024-06,23,196,Customer_0196,Male,39,Girona,Catalonia,Southern Europe,Spain,2023-09-16,49,Product_49,Makeup,Lipstick,4,33,0.1,13.2,132,118.8,138.68,12.0,-31.88,-26.84,Bank Transfer,Completed,3
438,2024-06-06,2024,2024-06,23,196,Customer_0196,Male,39,Girona,Catalonia,Southern Europe,Spain,2023-09-16,49,Product_49,Makeup,Lipstick,3,95,0.07,19.95,285,265.05,104.01,10.75,150.29,56.7,Bank Transfer,Completed,3
438,2024-06-06,2024,2024-06,23,196,Customer_0196,Male,39,Girona,Catalonia,Southern Europe,Spain,2023-09-16,50,Product_50,Skin,Cleanser,2,12,0.04,0.96,24,23.04,110.0,9.5,-96.46,-418.66,Bank Transfer,Completed,3
251,2024-06-07,2024,2024-06,23,33,Customer_0033,Female,46,Rome,Lazio,Southern Europe,Italy,2023-04-11,40,Product_40,Hair,Styling,2,111,0.04,8.88,222,213.12,100.04,10.5,102.58,48.13,Card,Completed,2
686,2024-06-07,2024,2024-06,23,281,Customer_0281,Non-binary,60,Annecy,Auvergne-Rhone-Alpes,Western Europe,France,2023-05-18,11,Product_11,Makeup,Blush,5,91,0.12,54.6,455,0.0,0.0,13.25,0.0,0.0,Cash on Delivery,Returned,0
686,2024-06-07,2024,2024-06,23,281,Customer_0281,Non-binary,60,Annecy,Auvergne-Rhone-Alpes,Western Europe,France,2023-05-18,49,Product_49,Makeup,Lipstick,2,33,0.06,3.96,66,0.0,0.0,9.5,0.0,0.0,Cash on Delivery,Returned,0
869,2024-06-07,2024,2024-06,23,14,Customer_0014,Non-binary,36,Caserta,Campania,Southern Europe,Italy,2023-01-04,8,Product_8,Body,Hand Care,3,51,0.09,13.77,153,0.0,0.0,9.75,0.0,0.0,Cash on Delivery,Returned,2
869,2024-06-07,2024,2024-06,23,14,Customer_0014,Non-binary,36,Caserta,Campania,Southern Europe,Italy,2023-01-04,10,Product_10,Hair,Styling,4,84,0.12,40.32,336,0.0,0.0,11.0,0.0,0.0,Cash on Delivery,Returned,2
869,2024-06-07,2024,2024-06,23,14,Customer_0014,Non-binary,36,Caserta,Campania,Southern Europe,Italy,2023-01-04,12,Product_12,Skin,Moisturizer,5,19,0.12,11.4,95,0.0,0.0,12.25,0.0,0.0,Cash on Delivery,Returned,2
869,2024-06-07,2024,2024-06,23,14,Customer_0014,Non-binary,36,Caserta,Campania,Southern Europe,Italy,2023-01-04,42,Product_42,Skin,Moisturizer,5,59,0.12,35.4,295,0.0,0.0,12.25,0.0,0.0,Cash on Delivery,Returned,2
962,2024-06-07,2024,2024-06,23,63,Customer_0063,Female,51,Madrid,Madrid,Southern Europe,Spain,2024-03-03,48,Product_48,Hair,Shampoo,2,95,0.06,11.4,190,0.0,0.0,9.5,0.0,0.0,Digital Wallet,Returned,6
356,2024-06-08,2024,2024-06,23,229,Customer_0229,Male,24,Nice,Provence-Alpes-Cote d'Azur,Western Europe,France,2023-04-05,24,Product_24,Hair,Shampoo,2,77,0.04,6.16,154,147.84,75.28,7.5,65.06,44.01,Digital Wallet,Completed,5
356,2024-06-08,2024,2024-06,23,229,Customer_0229,Male,24,Nice,Provence-Alpes-Cote d'Azur,Western Europe,France,2023-04-05,38,Product_38,Makeup,Mascara,5,28,0.1,14.0,140,126.0,212.95,11.25,-98.2,-77.94,Digital Wallet,Completed,5
436,2024-06-08,2024,2024-06,23,115,Customer_0115,Male,46,Bergamo,Lombardy,Southern Europe,Italy,2023-12-22,50,Product_50,Skin,Cleanser,3,114,0.07,23.94,342,318.06,165.0,8.75,144.31,45.37,Cash on Delivery,Completed,1
436,2024-06-08,2024,2024-06,23,115,Customer_0115,Male,46,Bergamo,Lombardy,Southern Europe,Italy,2023-12-22,50,Product_50,Skin,Cleanser,4,106,0.1,42.4,424,381.6,220.0,10.0,151.6,39.73,Cash on Delivery,Completed,1
591,2024-06-08,2024,2024-06,23,197,Customer_0197,Non-binary,46,Caserta,Campania,Southern Europe,Italy,2023-09-08,6,Product_6,Body,Body Lotion,4,113,0.1,45.2,452,406.8,180.68,13.0,213.12,52.39,Card,Completed,2
591,2024-06-08,2024,2024-06,23,197,Customer_0197,Non-binary,46,Caserta,Campania,Southern Europe,Italy,2023-09-08,24,Product_24,Hair,Shampoo,3,44,0.07,9.24,132,122.76,112.92,11.75,-1.91,-1.56,Card,Completed,2
591,2024-06-08,2024,2024-06,23,197,Customer_0197,Non-binary,46,Caserta,Campania,Southern Europe,Italy,2023-09-08,24,Product_24,Hair,Shampoo,5,75,0.1,37.5,375,337.5,188.2,14.25,135.05,40.01,Card,Completed,2
58,2024-06-09,2024,2024-06,23,270,Customer_0270,Female,24,Madrid,Madrid,Southern Europe,Spain,2023-09-17,12,Product_12,Skin,Moisturizer,1,24,0.04,0.96,24,0.0,0.0,8.25,0.0,0.0,Card,Returned,1
267,2024-06-09,2024,2024-06,23,147,Customer_0147,Female,24,Munich,Bavaria,Central Europe,Germany,2024-05-08,13,Product_13,Skin,Sunscreen,1,96,0.02,1.92,96,94.08,45.91,9.25,38.92,41.37,Bank Transfer,Completed,4
267,2024-06-09,2024,2024-06,23,147,Customer_0147,Female,24,Munich,Bavaria,Central Europe,Germany,2024-05-08,42,Product_42,Skin,Moisturizer,4,62,0.1,24.8,248,223.2,159.88,13.0,50.32,22.54,Bank Transfer,Completed,4
597,2024-06-09,2024,2024-06,23,119,Customer_0119,Non-binary,33,Granada,Andalusia,Southern Europe,Spain,2024-01-11,18,Product_18,Makeup,Foundation,5,36,0.1,18.0,180,162.0,211.6,12.25,-61.85,-38.18,Card,Completed,2
795,2024-06-09,2024,2024-06,23,229,Customer_0229,Male,24,Nice,Provence-Alpes-Cote d'Azur,Western Europe,France,2023-04-05,15,Product_15,Makeup,Eyeshadow,3,119,0.07,24.99,357,332.01,160.56,11.75,159.7,48.1,Card,Completed,5
795,2024-06-09,2024,2024-06,23,229,Customer_0229,Male,24,Nice,Provence-Alpes-Cote d'Azur,Western Europe,France,2023-04-05,22,Product_22,Makeup,Concealer,2,15,0.04,1.2,30,28.8,85.46,10.5,-67.16,-233.19,Card,Completed,5
861,2024-06-09,2024,2024-06,23,132,Customer_0132,Female,42,Munich,Bavaria,Central Europe,Germany,2023-10-07,11,Product_11,Makeup,Blush,4,91,0.1,36.4,364,327.6,190.88,11.0,125.72,38.38,Digital Wallet,Completed,1
861,2024-06-09,2024,2024-06,23,132,Customer_0132,Female,42,Munich,Bavaria,Central Europe,Germany,2023-10-07,45,Product_45,Body,Body Wash,3,101,0.07,21.21,303,281.79,144.18,9.75,127.86,45.37,Digital Wallet,Completed,1
22,2024-06-10,2024,2024-06,24,236,Customer_0236,Non-binary,32,Essaouira,Marrakesh-Safi,North Africa,Morocco,2023-01-02,4,Product_4,Body,Deodorant,5,75,0.1,37.5,375,337.5,193.4,14.84,129.26,38.3,Bank Transfer,Completed,3
22,2024-06-10,2024,2024-06,24,236,Customer_0236,Non-binary,32,Essaouira,Marrakesh-Safi,North Africa,Morocco,2023-01-02,12,Product_12,Skin,Moisturizer,3,33,0.07,6.93,99,92.07,130.32,12.04,-50.29,-54.62,Bank Transfer,Completed,3
22,2024-06-10,2024,2024-06,24,236,Customer_0236,Non-binary,32,Essaouira,Marrakesh-Safi,North Africa,Morocco,2023-01-02,25,Product_25,Hair,Conditioner,4,119,0.1,47.6,476,428.4,214.28,13.44,200.68,46.84,Bank Transfer,Completed,3
22,2024-06-10,2024,2024-06,24,236,Customer_0236,Non-binary,32,Essaouira,Marrakesh-Safi,North Africa,Morocco,2023-01-02,48,Product_48,Hair,Shampoo,1,46,0.02,0.92,46,45.08,39.98,9.24,-4.14,-9.18,Bank Transfer,Completed,3
528,2024-06-11,2024,2024-06,24,39,Customer_0039,Female,47,Casablanca,Casablanca-Settat,North Africa,Morocco,2024-02-15,11,Product_11,Makeup,Blush,4,22,0.1,8.8,88,79.2,190.88,11.2,-122.88,-155.15,Cash on Delivery,Completed,8
528,2024-06-11,2024,2024-06,24,39,Customer_0039,Female,47,Casablanca,Casablanca-Settat,North Africa,Morocco,2024-02-15,31,Product_31,Body,Body Lotion,5,19,0.1,9.5,95,85.5,258.4,12.6,-185.5,-216.96,Cash on Delivery,Completed,8
528,2024-06-11,2024,2024-06,24,39,Customer_0039,Female,47,Casablanca,Casablanca-Settat,North Africa,Morocco,2024-02-15,35,Product_35,Skin,Cleanser,4,21,0.1,8.4,84,75.6,198.72,11.2,-134.32,-177.67,Cash on Delivery,Completed,8
528,2024-06-11,2024,2024-06,24,39,Customer_0039,Female,47,Casablanca,Casablanca-Settat,North Africa,Morocco,2024-02-15,36,Product_36,Skin,Serum,2,55,0.04,4.4,110,105.6,108.14,8.4,-10.94,-10.36,Cash on Delivery,Completed,8
528,2024-06-11,2024,2024-06,24,39,Customer_0039,Female,47,Casablanca,Casablanca-Settat,North Africa,Morocco,2024-02-15,38,Product_38,Makeup,Mascara,5,11,0.1,5.5,55,49.5,212.95,12.6,-176.05,-355.66,Cash on Delivery,Completed,8
743,2024-06-11,2024,2024-06,24,294,Customer_0294,Female,28,Paris,Ile-de-France,Western Europe,France,2024-01-06,41,Product_41,Skin,Serum,1,12,0.02,0.24,12,11.76,42.47,9.25,-39.96,-339.8,Digital Wallet,Completed,4
489,2024-06-12,2024,2024-06,24,186,Customer_0186,Female,51,Munich,Bavaria,Central Europe,Germany,2023-01-29,22,Product_22,Makeup,Concealer,4,89,0.1,35.6,356,0.0,0.0,11.0,0.0,0.0,Cash on Delivery,Cancelled,1
489,2024-06-12,2024,2024-06,24,186,Customer_0186,Female,51,Munich,Bavaria,Central Europe,Germany,2023-01-29,22,Product_22,Makeup,Concealer,2,73,0.04,5.84,146,0.0,0.0,8.5,0.0,0.0,Cash on Delivery,Cancelled,1
489,2024-06-12,2024,2024-06,24,186,Customer_0186,Female,51,Munich,Bavaria,Central Europe,Germany,2023-01-29,28,Product_28,Hair,Styling,2,40,0.04,3.2,80,0.0,0.0,8.5,0.0,0.0,Cash on Delivery,Cancelled,1
489,2024-06-12,2024,2024-06,24,186,Customer_0186,Female,51,Munich,Bavaria,Central Europe,Germany,2023-01-29,30,Product_30,Hair,Shampoo,4,44,0.1,17.6,176,0.0,0.0,11.0,0.0,0.0,Cash on Delivery,Cancelled,1
746,2024-06-12,2024,2024-06,24,192,Customer_0192,Female,52,Rome,Lazio,Southern Europe,Italy,2023-08-10,18,Product_18,Makeup,Foundation,3,81,0.07,17.01,243,0.0,0.0,10.75,0.0,0.0,Bank Transfer,Cancelled,4
746,2024-06-12,2024,2024-06,24,192,Customer_0192,Female,52,Rome,Lazio,Southern Europe,Italy,2023-08-10,29,Product_29,Makeup,Blush,2,94,0.04,7.52,188,0.0,0.0,9.5,0.0,0.0,Bank Transfer,Cancelled,4
123,2024-06-13,2024,2024-06,24,36,Customer_0036,Female,26,Rome,Lazio,Southern Europe,Italy,2024-01-03,9,Product_9,Makeup,Eyeshadow,2,112,0.04,8.96,224,215.04,64.7,10.5,139.84,65.03,Cash on Delivery,Completed,4
13,2024-06-14,2024,2024-06,24,131,Customer_0131,Non-binary,35,Granada,Andalusia,Southern Europe,Spain,2024-04-08,8,Product_8,Body,Hand Care,2,75,0.04,6.0,150,144.0,93.4,8.5,42.1,29.24,Card,Completed,3
13,2024-06-14,2024,2024-06,24,131,Customer_0131,Non-binary,35,Granada,Andalusia,Southern Europe,Spain,2024-04-08,16,Product_16,Makeup,Concealer,1,118,0.02,2.36,118,115.64,53.25,7.25,55.14,47.68,Card,Completed,3
13,2024-06-14,2024,2024-06,24,131,Customer_0131,Non-binary,35,Granada,Andalusia,Southern Europe,Spain,2024-04-08,23,Product_23,Body,Hand Care,4,106,0.1,42.4,424,381.6,169.36,11.0,201.24,52.74,Card,Completed,3
13,2024-06-14,2024,2024-06,24,131,Customer_0131,Non-binary,35,Granada,Andalusia,Southern Europe,Spain,2024-04-08,28,Product_28,Hair,Styling,1,45,0.02,0.9,45,44.1,40.29,7.25,-3.44,-7.8,Card,Completed,3
562,2024-06-14,2024,2024-06,24,54,Customer_0054,Female,29,Casablanca,Casablanca-Settat,North Africa,Morocco,2023-06-12,17,Product_17,Hair,Scalp Care,4,114,0.1,45.6,456,410.4,178.2,13.44,218.76,53.3,Card,Completed,5
577,2024-06-14,2024,2024-06,24,220,Customer_0220,Male,43,Nice,Provence-Alpes-Cote d'Azur,Western Europe,France,2024-01-29,50,Product_50,Skin,Cleanser,5,112,0.1,56.0,560,504.0,275.0,12.25,216.75,43.01,Digital Wallet,Completed,5
610,2024-06-14,2024,2024-06,24,98,Customer_0098,Non-binary,50,Essaouira,Marrakesh-Safi,North Africa,Morocco,2024-02-20,11,Product_11,Makeup,Blush,2,20,0.04,1.6,40,0.0,0.0,10.64,0.0,0.0,Card,Cancelled,0
610,2024-06-14,2024,2024-06,24,98,Customer_0098,Non-binary,50,Essaouira,Marrakesh-Safi,North Africa,Morocco,2024-02-20,12,Product_12,Skin,Moisturizer,3,76,0.07,15.96,228,0.0,0.0,12.04,0.0,0.0,Card,Cancelled,0
1000,2024-06-15,2024,2024-06,24,285,Customer_0285,Female,47,Madrid,Madrid,Southern Europe,Spain,2023-07-21,33,Product_33,Hair,Hair Oil,3,28,0.07,5.88,84,78.12,128.94,8.75,-59.57,-76.25,Digital Wallet,Completed,4
135,2024-06-16,2024,2024-06,24,284,Customer_0284,Non-binary,40,Essaouira,Marrakesh-Safi,North Africa,Morocco,2023-08-22,18,Product_18,Makeup,Foundation,4,99,0.12,47.52,396,0.0,0.0,14.56,0.0,0.0,Cash on Delivery,Returned,2
411,2024-06-16,2024,2024-06,24,247,Customer_0247,Male,27,Girona,Catalonia,Southern Europe,Spain,2024-05-12,24,Product_24,Hair,Shampoo,4,65,0.1,26.0,260,234.0,150.56,13.0,70.44,30.1,Bank Transfer,Completed,5
862,2024-06-17,2024,2024-06,25,89,Customer_0089,Non-binary,28,Essaouira,Marrakesh-Safi,North Africa,Morocco,2024-03-04,7,Product_7,Hair,Conditioner,5,91,0.12,54.6,455,0.0,0.0,14.84,0.0,0.0,Cash on Delivery,Returned,2
272,2024-06-18,2024,2024-06,25,17,Customer_0017,Non-binary,57,Essaouira,Marrakesh-Safi,North Africa,Morocco,2023-06-15,4,Product_4,Body,Deodorant,4,92,0.1,36.8,368,331.2,154.72,11.2,165.28,49.9,Digital Wallet,Completed,1
272,2024-06-18,2024,2024-06,25,17,Customer_0017,Non-binary,57,Essaouira,Marrakesh-Safi,North Africa,Morocco,2023-06-15,31,Product_31,Body,Body Lotion,3,44,0.07,9.24,132,122.76,155.04,9.8,-42.08,-34.28,Digital Wallet,Completed,1
423,2024-06-18,2024,2024-06,25,43,Customer_0043,Male,34,Nice,Provence-Alpes-Cote d'Azur,Western Europe,France,2023-06-22,42,Product_42,Skin,Moisturizer,5,29,0.1,14.5,145,130.5,199.85,14.25,-83.6,-64.06,Bank Transfer,Completed,2
986,2024-06-18,2024,2024-06,25,84,Customer_0084,Female,34,Paris,Ile-de-France,Western Europe,France,2023-04-06,3,Product_3,Hair,Hair Oil,1,78,0.02,1.56,78,76.44,39.17,8.25,29.02,37.96,Bank Transfer,Completed,3
764,2024-06-19,2024,2024-06,25,109,Customer_0109,Male,45,Bergamo,Lombardy,Southern Europe,Italy,2023-09-02,35,Product_35,Skin,Cleanser,5,96,0.1,48.0,480,432.0,248.4,11.25,172.35,39.9,Digital Wallet,Completed,2
198,2024-06-20,2024,2024-06,25,259,Customer_0259,Male,29,Girona,Catalonia,Southern Europe,Spain,2024-03-15,9,Product_9,Makeup,Eyeshadow,5,30,0.1,15.0,150,135.0,161.75,13.25,-40.0,-29.63,Digital Wallet,Completed,5
198,2024-06-20,2024,2024-06,25,259,Customer_0259,Male,29,Girona,Catalonia,Southern Europe,Spain,2024-03-15,33,Product_33,Hair,Hair Oil,2,43,0.04,3.44,86,82.56,85.96,9.5,-12.9,-15.62,Digital Wallet,Completed,5
971,2024-06-20,2024,2024-06,25,251,Customer_0251,Non-binary,55,Essaouira,Marrakesh-Safi,North Africa,Morocco,2024-04-10,17,Product_17,Hair,Scalp Care,4,92,0.1,36.8,368,331.2,178.2,14.56,138.44,41.8,Bank Transfer,Completed,2
971,2024-06-20,2024,2024-06,25,251,Customer_0251,Non-binary,55,Essaouira,Marrakesh-Safi,North Africa,Morocco,2024-04-10,35,Product_35,Skin,Cleanser,5,10,0.1,5.0,50,45.0,248.4,15.96,-219.36,-487.47,Bank Transfer,Completed,2
140,2024-06-21,2024,2024-06,25,128,Customer_0128,Non-binary,55,Caserta,Campania,Southern Europe,Italy,2024-03-20,3,Product_3,Hair,Hair Oil,5,92,0.1,46.0,460,414.0,195.85,11.25,206.9,49.98,Card,Completed,2
140,2024-06-21,2024,2024-06,25,128,Customer_0128,Non-binary,55,Caserta,Campania,Southern Europe,Italy,2024-03-20,17,Product_17,Hair,Scalp Care,2,68,0.04,5.44,136,130.56,89.1,7.5,33.96,26.01,Card,Completed,2
659,2024-06-21,2024,2024-06,25,166,Customer_0166,Male,34,Sale,Rabat-Sale-Kenitra,North Africa,Morocco,2023-12-14,3,Product_3,Hair,Hair Oil,4,37,0.1,14.8,148,133.2,156.68,14.56,-38.04,-28.56,Digital Wallet,Completed,1
659,2024-06-21,2024,2024-06,25,166,Customer_0166,Male,34,Sale,Rabat-Sale-Kenitra,North Africa,Morocco,2023-12-14,46,Product_46,Makeup,Concealer,4,66,0.1,26.4,264,237.6,177.76,14.56,45.28,19.06,Digital Wallet,Completed,1
659,2024-06-21,2024,2024-06,25,166,Customer_0166,Male,34,Sale,Rabat-Sale-Kenitra,North Africa,Morocco,2023-12-14,50,Product_50,Skin,Cleanser,4,86,0.1,34.4,344,309.6,220.0,14.56,75.04,24.24,Digital Wallet,Completed,1
972,2024-06-21,2024,2024-06,25,179,Customer_0179,Non-binary,43,Granada,Andalusia,Southern Europe,Spain,2023-05-08,3,Product_3,Hair,Hair Oil,4,42,0.1,16.8,168,151.2,156.68,10.0,-15.48,-10.24,Cash on Delivery,Completed,5
972,2024-06-21,2024,2024-06,25,179,Customer_0179,Non-binary,43,Granada,Andalusia,Southern Europe,Spain,2023-05-08,31,Product_31,Body,Body Lotion,2,80,0.04,6.4,160,153.6,103.36,7.5,42.74,27.83,Cash on Delivery,Completed,5
972,2024-06-21,2024,2024-06,25,179,Customer_0179,Non-binary,43,Granada,Andalusia,Southern Europe,Spain,2023-05-08,36,Product_36,Skin,Serum,3,78,0.07,16.38,234,217.62,162.21,8.75,46.66,21.44,Cash on Delivery,Completed,5
972,2024-06-21,2024,2024-06,25,179,Customer_0179,Non-binary,43,Granada,Andalusia,Southern Europe,Spain,2023-05-08,49,Product_49,Makeup,Lipstick,2,74,0.04,5.92,148,142.08,69.34,7.5,65.24,45.92,Cash on Delivery,Completed,5
613,2024-06-22,2024,2024-06,25,6,Customer_0006,Female,21,Rome,Lazio,Southern Europe,Italy,2023-07-13,32,Product_32,Body,Scrub,3,18,0.07,3.78,54,50.22,120.0,9.75,-79.53,-158.36,Cash on Delivery,Completed,3
613,2024-06-22,2024,2024-06,25,6,Customer_0006,Female,21,Rome,Lazio,Southern Europe,Italy,2023-07-13,42,Product_42,Skin,Moisturizer,2,15,0.04,1.2,30,28.8,79.94,8.5,-59.64,-207.08,Cash on Delivery,Completed,3
8,2024-06-23,2024,2024-06,25,122,Customer_0122,Non-binary,54,Bonn,North Rhine-Westphalia,Central Europe,Germany,2023-06-10,30,Product_30,Hair,Shampoo,3,62,0.07,13.02,186,0.0,0.0,8.75,0.0,0.0,Bank Transfer,Cancelled,3
8,2024-06-23,2024,2024-06,25,122,Customer_0122,Non-binary,54,Bonn,North Rhine-Westphalia,Central Europe,Germany,2023-06-10,44,Product_44,Body,Deodorant,1,33,0.02,0.66,33,0.0,0.0,6.25,0.0,0.0,Bank Transfer,Cancelled,3
486,2024-06-23,2024,2024-06,25,109,Customer_0109,Male,45,Bergamo,Lombardy,Southern Europe,Italy,2023-09-02,7,Product_7,Hair,Conditioner,1,28,0.02,0.56,28,27.44,45.58,8.25,-26.39,-96.17,Cash on Delivery,Completed,2
831,2024-06-23,2024,2024-06,25,138,Customer_0138,Female,43,Casablanca,Casablanca-Settat,North Africa,Morocco,2024-02-29,1,Product_1,Body,Body Lotion,4,68,0.1,27.2,272,244.8,181.32,14.56,48.92,19.98,Digital Wallet,Completed,1
831,2024-06-23,2024,2024-06,25,138,Customer_0138,Female,43,Casablanca,Casablanca-Settat,North Africa,Morocco,2024-02-29,2,Product_2,Skin,Moisturizer,5,70,0.1,35.0,350,315.0,206.65,15.96,92.39,29.33,Digital Wallet,Completed,1
242,2024-06-24,2024,2024-06,26,208,Customer_0208,Male,41,Sale,Rabat-Sale-Kenitra,North Africa,Morocco,2024-04-07,23,Product_23,Body,Hand Care,5,86,0.1,43.0,430,387.0,211.7,14.84,160.46,41.46,Bank Transfer,Completed,3
242,2024-06-24,2024,2024-06,26,208,Customer_0208,Male,41,Sale,Rabat-Sale-Kenitra,North Africa,Morocco,2024-04-07,32,Product_32,Body,Scrub,5,61,0.1,30.5,305,274.5,200.0,14.84,59.66,21.73,Bank Transfer,Completed,3
384,2024-06-24,2024,2024-06,26,220,Customer_0220,Male,43,Nice,Provence-Alpes-Cote d'Azur,Western Europe,France,2024-01-29,13,Product_13,Skin,Sunscreen,4,107,0.1,42.8,428,385.2,183.64,10.0,191.56,49.73,Card,Completed,5
384,2024-06-24,2024,2024-06,26,220,Customer_0220,Male,43,Nice,Provence-Alpes-Cote d'Azur,Western Europe,France,2024-01-29,34,Product_34,Hair,Styling,2,77,0.04,6.16,154,147.84,66.74,7.5,73.6,49.78,Card,Completed,5
384,2024-06-24,2024,2024-06,26,220,Customer_0220,Male,43,Nice,Provence-Alpes-Cote d'Azur,Western Europe,France,2024-01-29,39,Product_39,Hair,Hair Oil,1,89,0.02,1.78,89,87.22,35.79,6.25,45.18,51.8,Card,Completed,5
388,2024-06-24,2024,2024-06,26,238,Customer_0238,Male,46,Girona,Catalonia,Southern Europe,Spain,2024-02-29,30,Product_30,Hair,Shampoo,4,89,0.1,35.6,356,320.4,190.64,10.0,119.76,37.38,Bank Transfer,Completed,3
864,2024-06-24,2024,2024-06,26,42,Customer_0042,Female,27,Rome,Lazio,Southern Europe,Italy,2024-01-07,2,Product_2,Skin,Moisturizer,5,119,0.1,59.5,595,0.0,0.0,11.25,0.0,0.0,Bank Transfer,Cancelled,1
864,2024-06-24,2024,2024-06,26,42,Customer_0042,Female,27,Rome,Lazio,Southern Europe,Italy,2024-01-07,4,Product_4,Body,Deodorant,2,91,0.04,7.28,182,0.0,0.0,7.5,0.0,0.0,Bank Transfer,Cancelled,1
295,2024-06-25,2024,2024-06,26,54,Customer_0054,Female,29,Casablanca,Casablanca-Settat,North Africa,Morocco,2023-06-12,13,Product_13,Skin,Sunscreen,3,48,0.07,10.08,144,133.92,137.73,13.16,-16.97,-12.67,Digital Wallet,Completed,5
295,2024-06-25,2024,2024-06,26,54,Customer_0054,Female,29,Casablanca,Casablanca-Settat,North Africa,Morocco,2023-06-12,16,Product_16,Makeup,Concealer,2,27,0.04,2.16,54,51.84,106.5,11.76,-66.42,-128.12,Digital Wallet,Completed,5
295,2024-06-25,2024,2024-06,26,54,Customer_0054,Female,29,Casablanca,Casablanca-Settat,North Africa,Morocco,2023-06-12,24,Product_24,Hair,Shampoo,1,19,0.02,0.38,19,18.62,37.64,10.36,-29.38,-157.79,Digital Wallet,Completed,5
295,2024-06-25,2024,2024-06,26,54,Customer_0054,Female,29,Casablanca,Casablanca-Settat,North Africa,Morocco,2023-06-12,37,Product_37,Makeup,Lipstick,4,112,0.1,44.8,448,403.2,184.12,14.56,204.52,50.72,Digital Wallet,Completed,5
695,2024-06-25,2024,2024-06,26,277,Customer_0277,Male,32,Potsdam,Berlin,Central Europe,Germany,2023-07-19,7,Product_7,Hair,Conditioner,5,13,0.1,6.5,65,58.5,227.9,14.25,-183.65,-313.93,Card,Completed,6
695,2024-06-25,2024,2024-06,26,277,Customer_0277,Male,32,Potsdam,Berlin,Central Europe,Germany,2023-07-19,18,Product_18,Makeup,Foundation,1,62,0.02,1.24,62,60.76,42.32,9.25,9.19,15.13,Card,Completed,6
26,2024-06-26,2024,2024-06,26,188,Customer_0188,Non-binary,24,Bonn,North Rhine-Westphalia,Central Europe,Germany,2023-07-30,16,Product_16,Makeup,Concealer,2,10,0.06,1.2,20,0.0,0.0,9.5,0.0,0.0,Bank Transfer,Returned,2
350,2024-06-26,2024,2024-06,26,147,Customer_0147,Female,24,Munich,Bavaria,Central Europe,Germany,2024-05-08,17,Product_17,Hair,Scalp Care,4,30,0.1,12.0,120,108.0,178.2,12.0,-82.2,-76.11,Digital Wallet,Completed,4
630,2024-06-26,2024,2024-06,26,288,Customer_0288,Female,27,Paris,Ile-de-France,Western Europe,France,2024-02-20,18,Product_18,Makeup,Foundation,1,18,0.02,0.36,18,17.64,42.32,8.25,-32.93,-186.68,Bank Transfer,Completed,3
630,2024-06-26,2024,2024-06,26,288,Customer_0288,Female,27,Paris,Ile-de-France,Western Europe,France,2024-02-20,24,Product_24,Hair,Shampoo,1,92,0.02,1.84,92,90.16,37.64,8.25,44.27,49.1,Bank Transfer,Completed,3
630,2024-06-26,2024,2024-06,26,288,Customer_0288,Female,27,Paris,Ile-de-France,Western Europe,France,2024-02-20,49,Product_49,Makeup,Lipstick,3,72,0.07,15.12,216,200.88,104.01,10.75,86.12,42.87,Bank Transfer,Completed,3
586,2024-06-27,2024,2024-06,26,46,Customer_0046,Male,55,Bergamo,Lombardy,Southern Europe,Italy,2023-12-25,42,Product_42,Skin,Moisturizer,4,36,0.1,14.4,144,129.6,159.88,12.0,-42.28,-32.62,Card,Completed,3
586,2024-06-27,2024,2024-06,26,46,Customer_0046,Male,55,Bergamo,Lombardy,Southern Europe,Italy,2023-12-25,42,Product_42,Skin,Moisturizer,4,39,0.1,15.6,156,140.4,159.88,12.0,-31.48,-22.42,Card,Completed,3
586,2024-06-27,2024,2024-06,26,46,Customer_0046,Male,55,Bergamo,Lombardy,Southern Europe,Italy,2023-12-25,49,Product_49,Makeup,Lipstick,5,70,0.1,35.0,350,315.0,173.35,13.25,128.4,40.76,Card,Completed,3
796,2024-06-27,2024,2024-06,26,36,Customer_0036,Female,26,Rome,Lazio,Southern Europe,Italy,2024-01-03,37,Product_37,Makeup,Lipstick,4,37,0.1,14.8,148,133.2,184.12,10.0,-60.92,-45.74,Card,Completed,4
150,2024-06-29,2024,2024-06,26,137,Customer_0137,Non-binary,36,Annecy,Auvergne-Rhone-Alpes,Western Europe,France,2023-04-15,18,Product_18,Makeup,Foundation,4,105,0.12,50.4,420,0.0,0.0,12.0,0.0,0.0,Cash on Delivery,Returned,3
422,2024-06-29,2024,2024-06,26,168,Customer_0168,Female,48,Paris,Ile-de-France,Western Europe,France,2024-04-22,17,Product_17,Hair,Scalp Care,2,38,0.04,3.04,76,72.96,89.1,9.5,-25.64,-35.14,Bank Transfer,Completed,3
549,2024-06-29,2024,2024-06,26,213,Customer_0213,Female,35,Paris,Ile-de-France,Western Europe,France,2024-04-27,37,Product_37,Makeup,Lipstick,1,76,0.02,1.52,76,74.48,46.03,7.25,21.2,28.46,Bank Transfer,Completed,3
549,2024-06-29,2024,2024-06,26,213,Customer_0213,Female,35,Paris,Ile-de-France,Western Europe,France,2024-04-27,39,Product_39,Hair,Hair Oil,2,53,0.04,4.24,106,101.76,71.58,8.5,21.68,21.31,Bank Transfer,Completed,3
800,2024-06-29,2024,2024-06,26,75,Customer_0075,Female,53,Madrid,Madrid,Southern Europe,Spain,2023-07-03,1,Product_1,Body,Body Lotion,4,107,0.1,42.8,428,385.2,181.32,10.0,193.88,50.33,Cash on Delivery,Completed,3
800,2024-06-29,2024,2024-06,26,75,Customer_0075,Female,53,Madrid,Madrid,Southern Europe,Spain,2023-07-03,17,Product_17,Hair,Scalp Care,2,18,0.04,1.44,36,34.56,89.1,7.5,-62.04,-179.51,Cash on Delivery,Completed,3
52,2024-06-30,2024,2024-06,26,260,Customer_0260,Non-binary,36,Caserta,Campania,Southern Europe,Italy,2024-03-11,13,Product_13,Skin,Sunscreen,3,24,0.07,5.04,72,66.96,137.73,8.75,-79.52,-118.76,Card,Completed,2
260,2024-07-01,2024,2024-07,27,283,Customer_0283,Male,33,Bergamo,Lombardy,Southern Europe,Italy,2023-01-21,16,Product_16,Makeup,Concealer,3,112,0.07,23.52,336,312.48,159.75,8.75,143.98,46.08,Cash on Delivery,Completed,2
260,2024-07-01,2024,2024-07,27,283,Customer_0283,Male,33,Bergamo,Lombardy,Southern Europe,Italy,2023-01-21,21,Product_21,Hair,Hair Oil,4,58,0.1,23.2,232,208.8,193.76,10.0,5.04,2.41,Cash on Delivery,Completed,2
260,2024-07-01,2024,2024-07,27,283,Customer_0283,Male,33,Bergamo,Lombardy,Southern Europe,Italy,2023-01-21,42,Product_42,Skin,Moisturizer,3,48,0.07,10.08,144,133.92,119.91,8.75,5.26,3.93,Cash on Delivery,Completed,2
398,2024-07-04,2024,2024-07,27,10,Customer_0010,Male,49,Bergamo,Lombardy,Southern Europe,Italy,2024-01-05,3,Product_3,Hair,Hair Oil,4,21,0.1,8.4,84,75.6,156.68,12.0,-93.08,-123.12,Card,Completed,3
707,2024-07-04,2024,2024-07,27,218,Customer_0218,Non-binary,29,Bonn,North Rhine-Westphalia,Central Europe,Germany,2024-04-12,29,Product_29,Makeup,Blush,1,96,0.02,1.92,96,94.08,32.9,9.25,51.93,55.2,Digital Wallet,Completed,4
160,2024-07-05,2024,2024-07,27,113,Customer_0113,Non-binary,32,Granada,Andalusia,Southern Europe,Spain,2024-04-12,11,Product_11,Makeup,Blush,2,50,0.04,4.0,100,96.0,95.44,7.5,-6.94,-7.23,Digital Wallet,Completed,6
160,2024-07-05,2024,2024-07,27,113,Customer_0113,Non-binary,32,Granada,Andalusia,Southern Europe,Spain,2024-04-12,32,Product_32,Body,Scrub,2,61,0.04,4.88,122,117.12,80.0,7.5,29.62,25.29,Digital Wallet,Completed,6
308,2024-07-05,2024,2024-07,27,176,Customer_0176,Non-binary,22,Annecy,Auvergne-Rhone-Alpes,Western Europe,France,2023-09-01,25,Product_25,Hair,Conditioner,5,76,0.1,38.0,380,0.0,0.0,11.25,0.0,0.0,Card,Cancelled,1
65,2024-07-06,2024,2024-07,27,208,Customer_0208,Male,41,Sale,Rabat-Sale-Kenitra,North Africa,Morocco,2024-04-07,4,Product_4,Body,Deodorant,2,98,0.04,7.84,196,188.16,77.36,9.52,101.28,53.83,Digital Wallet,Completed,3
65,2024-07-06,2024,2024-07,27,208,Customer_0208,Male,41,Sale,Rabat-Sale-Kenitra,North Africa,Morocco,2024-04-07,16,Product_16,Makeup,Concealer,4,52,0.1,20.8,208,187.2,213.0,12.32,-38.12,-20.36,Digital Wallet,Completed,3
65,2024-07-06,2024,2024-07,27,208,Customer_0208,Male,41,Sale,Rabat-Sale-Kenitra,North Africa,Morocco,2024-04-07,20,Product_20,Hair,Hair Mask,5,46,0.1,23.0,230,207.0,247.95,13.72,-54.67,-26.41,Digital Wallet,Completed,3
65,2024-07-06,2024,2024-07,27,208,Customer_0208,Male,41,Sale,Rabat-Sale-Kenitra,North Africa,Morocco,2024-04-07,38,Product_38,Makeup,Mascara,5,114,0.1,57.0,570,513.0,212.95,13.72,286.33,55.81,Digital Wallet,Completed,3
254,2024-07-06,2024,2024-07,27,238,Customer_0238,Male,46,Girona,Catalonia,Southern Europe,Spain,2024-02-29,39,Product_39,Hair,Hair Oil,5,83,0.1,41.5,415,373.5,178.95,13.25,181.3,48.54,Card,Completed,3
254,2024-07-06,2024,2024-07,27,238,Customer_0238,Male,46,Girona,Catalonia,Southern Europe,Spain,2024-02-29,42,Product_42,Skin,Moisturizer,1,68,0.02,1.36,68,66.64,39.97,8.25,18.42,27.64,Card,Completed,3
427,2024-07-06,2024,2024-07,27,95,Customer_0095,Non-binary,29,Granada,Andalusia,Southern Europe,Spain,2023-11-23,18,Product_18,Makeup,Foundation,4,27,0.1,10.8,108,97.2,169.28,13.0,-85.08,-87.53,Bank Transfer,Completed,3
457,2024-07-06,2024,2024-07,27,183,Customer_0183,Female,30,Rome,Lazio,Southern Europe,Italy,2023-02-24,8,Product_8,Body,Hand Care,4,27,0.12,12.96,108,0.0,0.0,11.0,0.0,0.0,Card,Returned,0
457,2024-07-06,2024,2024-07,27,183,Customer_0183,Female,30,Rome,Lazio,Southern Europe,Italy,2023-02-24,12,Product_12,Skin,Moisturizer,2,53,0.06,6.36,106,0.0,0.0,8.5,0.0,0.0,Card,Returned,0
645,2024-07-06,2024,2024-07,27,112,Customer_0112,Male,25,Potsdam,Berlin,Central Europe,Germany,2024-04-25,5,Product_5,Skin,Cleanser,5,73,0.1,36.5,365,328.5,278.75,12.25,37.5,11.42,Digital Wallet,Completed,2
645,2024-07-06,2024,2024-07,27,112,Customer_0112,Male,25,Potsdam,Berlin,Central Europe,Germany,2024-04-25,6,Product_6,Body,Body Lotion,2,31,0.04,2.48,62,59.52,90.34,8.5,-39.32,-66.06,Digital Wallet,Completed,2
645,2024-07-06,2024,2024-07,27,112,Customer_0112,Male,25,Potsdam,Berlin,Central Europe,Germany,2024-04-25,25,Product_25,Hair,Conditioner,5,27,0.1,13.5,135,121.5,267.85,12.25,-158.6,-130.53,Digital Wallet,Completed,2
645,2024-07-06,2024,2024-07,27,112,Customer_0112,Male,25,Potsdam,Berlin,Central Europe,Germany,2024-04-25,49,Product_49,Makeup,Lipstick,3,106,0.07,22.26,318,295.74,104.01,9.75,181.98,61.53,Digital Wallet,Completed,2
141,2024-07-08,2024,2024-07,28,231,Customer_0231,Female,38,Casablanca,Casablanca-Settat,North Africa,Morocco,2024-02-18,6,Product_6,Body,Body Lotion,2,116,0.04,9.28,232,222.72,90.34,9.52,122.86,55.16,Card,Completed,5
141,2024-07-08,2024,2024-07,28,231,Customer_0231,Female,38,Casablanca,Casablanca-Settat,North Africa,Morocco,2024-02-18,16,Product_16,Makeup,Concealer,5,101,0.1,50.5,505,454.5,266.25,13.72,174.53,38.4,Card,Completed,5
141,2024-07-08,2024,2024-07,28,231,Customer_0231,Female,38,Casablanca,Casablanca-Settat,North Africa,Morocco,2024-02-18,32,Product_32,Body,Scrub,2,63,0.04,5.04,126,120.96,80.0,9.52,31.44,25.99,Card,Completed,5
141,2024-07-08,2024,2024-07,28,231,Customer_0231,Female,38,Casablanca,Casablanca-Settat,North Africa,Morocco,2024-02-18,40,Product_40,Hair,Styling,3,86,0.07,18.06,258,239.94,150.06,10.92,78.96,32.91,Card,Completed,5
141,2024-07-08,2024,2024-07,28,231,Customer_0231,Female,38,Casablanca,Casablanca-Settat,North Africa,Morocco,2024-02-18,41,Product_41,Skin,Serum,3,99,0.07,20.79,297,276.21,127.41,10.92,137.88,49.92,Card,Completed,5
425,2024-07-09,2024,2024-07,28,285,Customer_0285,Female,47,Madrid,Madrid,Southern Europe,Spain,2023-07-21,22,Product_22,Makeup,Concealer,2,100,0.04,8.0,200,192.0,85.46,8.5,98.04,51.06,Bank Transfer,Completed,4
425,2024-07-09,2024,2024-07,28,285,Customer_0285,Female,47,Madrid,Madrid,Southern Europe,Spain,2023-07-21,23,Product_23,Body,Hand Care,4,65,0.1,26.0,260,234.0,169.36,11.0,53.64,22.92,Bank Transfer,Completed,4
425,2024-07-09,2024,2024-07,28,285,Customer_0285,Female,47,Madrid,Madrid,Southern Europe,Spain,2023-07-21,38,Product_38,Makeup,Mascara,4,112,0.1,44.8,448,403.2,170.36,11.0,221.84,55.02,Bank Transfer,Completed,4
425,2024-07-09,2024,2024-07,28,285,Customer_0285,Female,47,Madrid,Madrid,Southern Europe,Spain,2023-07-21,39,Product_39,Hair,Hair Oil,4,66,0.1,26.4,264,237.6,143.16,11.0,83.44,35.12,Bank Transfer,Completed,4
485,2024-07-10,2024,2024-07,28,39,Customer_0039,Female,47,Casablanca,Casablanca-Settat,North Africa,Morocco,2024-02-15,1,Product_1,Body,Body Lotion,1,28,0.02,0.56,28,27.44,45.33,8.12,-26.01,-94.79,Card,Completed,8
485,2024-07-10,2024,2024-07,28,39,Customer_0039,Female,47,Casablanca,Casablanca-Settat,North Africa,Morocco,2024-02-15,8,Product_8,Body,Hand Care,5,100,0.1,50.0,500,450.0,233.5,13.72,202.78,45.06,Card,Completed,8
485,2024-07-10,2024,2024-07,28,39,Customer_0039,Female,47,Casablanca,Casablanca-Settat,North Africa,Morocco,2024-02-15,9,Product_9,Makeup,Eyeshadow,3,33,0.07,6.93,99,92.07,97.05,10.92,-15.9,-17.27,Card,Completed,8
485,2024-07-10,2024,2024-07,28,39,Customer_0039,Female,47,Casablanca,Casablanca-Settat,North Africa,Morocco,2024-02-15,43,Product_43,Hair,Conditioner,2,27,0.04,2.16,54,51.84,82.58,9.52,-40.26,-77.66,Card,Completed,8
858,2024-07-10,2024,2024-07,28,5,Customer_0005,Non-binary,55,Caserta,Campania,Southern Europe,Italy,2024-02-05,4,Product_4,Body,Deodorant,3,116,0.07,24.36,348,323.64,116.04,10.75,196.85,60.82,Cash on Delivery,Completed,6
858,2024-07-10,2024,2024-07,28,5,Customer_0005,Non-binary,55,Caserta,Campania,Southern Europe,Italy,2024-02-05,10,Product_10,Hair,Styling,2,70,0.04,5.6,140,134.4,109.64,9.5,15.26,11.35,Cash on Delivery,Completed,6
858,2024-07-10,2024,2024-07,28,5,Customer_0005,Non-binary,55,Caserta,Campania,Southern Europe,Italy,2024-02-05,14,Product_14,Body,Deodorant,1,60,0.02,1.2,60,58.8,41.48,8.25,9.07,15.43,Cash on Delivery,Completed,6
858,2024-07-10,2024,2024-07,28,5,Customer_0005,Non-binary,55,Caserta,Campania,Southern Europe,Italy,2024-02-05,44,Product_44,Body,Deodorant,1,52,0.02,1.04,52,50.96,36.66,8.25,6.05,11.87,Cash on Delivery,Completed,6
148,2024-07-11,2024,2024-07,28,259,Customer_0259,Male,29,Girona,Catalonia,Southern Europe,Spain,2024-03-15,31,Product_31,Body,Body Lotion,5,37,0.1,18.5,185,166.5,258.4,11.25,-103.15,-61.95,Cash on Delivery,Completed,5
303,2024-07-11,2024,2024-07,28,155,Customer_0155,Non-binary,39,Annecy,Auvergne-Rhone-Alpes,Western Europe,France,2024-01-26,17,Product_17,Hair,Scalp Care,2,51,0.04,4.08,102,97.92,89.1,10.5,-1.68,-1.72,Bank Transfer,Completed,1
303,2024-07-11,2024,2024-07,28,155,Customer_0155,Non-binary,39,Annecy,Auvergne-Rhone-Alpes,Western Europe,France,2024-01-26,42,Product_42,Skin,Moisturizer,2,24,0.04,1.92,48,46.08,79.94,10.5,-44.36,-96.27,Bank Transfer,Completed,1
303,2024-07-11,2024,2024-07,28,155,Customer_0155,Non-binary,39,Annecy,Auvergne-Rhone-Alpes,Western Europe,France,2024-01-26,49,Product_49,Makeup,Lipstick,5,76,0.1,38.0,380,342.0,173.35,14.25,154.4,45.15,Bank Transfer,Completed,1
479,2024-07-11,2024,2024-07,28,99,Customer_0099,Female,57,Rome,Lazio,Southern Europe,Italy,2024-01-09,19,Product_19,Makeup,Lipstick,4,28,0.1,11.2,112,0.0,0.0,13.0,0.0,0.0,Bank Transfer,Cancelled,7
833,2024-07-11,2024,2024-07,28,13,Customer_0013,Male,29,Bergamo,Lombardy,Southern Europe,Italy,2024-02-10,14,Product_14,Body,Deodorant,5,106,0.1,53.0,530,477.0,207.4,12.25,257.35,53.95,Bank Transfer,Completed,5
833,2024-07-11,2024,2024-07,28,13,Customer_0013,Male,29,Bergamo,Lombardy,Southern Europe,Italy,2024-02-10,23,Product_23,Body,Hand Care,1,83,0.02,1.66,83,81.34,42.34,7.25,31.75,39.03,Bank Transfer,Completed,5
833,2024-07-11,2024,2024-07,28,13,Customer_0013,Male,29,Bergamo,Lombardy,Southern Europe,Italy,2024-02-10,27,Product_27,Makeup,Eyeshadow,1,23,0.02,0.46,23,22.54,43.97,7.25,-28.68,-127.24,Bank Transfer,Completed,5
833,2024-07-11,2024,2024-07,28,13,Customer_0013,Male,29,Bergamo,Lombardy,Southern Europe,Italy,2024-02-10,30,Product_30,Hair,Shampoo,5,79,0.1,39.5,395,355.5,238.3,12.25,104.95,29.52,Bank Transfer,Completed,5
833,2024-07-11,2024,2024-07,28,13,Customer_0013,Male,29,Bergamo,Lombardy,Southern Europe,Italy,2024-02-10,40,Product_40,Hair,Styling,3,64,0.07,13.44,192,178.56,150.06,9.75,18.75,10.5,Bank Transfer,Completed,5
833,2024-07-11,2024,2024-07,28,13,Customer_0013,Male,29,Bergamo,Lombardy,Southern Europe,Italy,2024-02-10,42,Product_42,Skin,Moisturizer,5,86,0.1,43.0,430,387.0,199.85,12.25,174.9,45.19,Bank Transfer,Completed,5
833,2024-07-11,2024,2024-07,28,13,Customer_0013,Male,29,Bergamo,Lombardy,Southern Europe,Italy,2024-02-10,48,Product_48,Hair,Shampoo,4,109,0.1,43.6,436,392.4,159.92,11.0,221.48,56.44,Bank Transfer,Completed,5
371,2024-07-13,2024,2024-07,28,237,Customer_0237,Female,39,Rome,Lazio,Southern Europe,Italy,2023-06-27,7,Product_7,Hair,Conditioner,3,27,0.07,5.67,81,75.33,136.74,11.75,-73.16,-97.12,Card,Completed,3
371,2024-07-13,2024,2024-07,28,237,Customer_0237,Female,39,Rome,Lazio,Southern Europe,Italy,2023-06-27,20,Product_20,Hair,Hair Mask,2,31,0.04,2.48,62,59.52,99.18,10.5,-50.16,-84.27,Card,Completed,3
514,2024-07-13,2024,2024-07,28,165,Customer_0165,Female,27,Rome,Lazio,Southern Europe,Italy,2023-04-05,14,Product_14,Body,Deodorant,2,42,0.04,3.36,84,80.64,82.96,9.5,-11.82,-14.66,Cash on Delivery,Completed,4
514,2024-07-13,2024,2024-07,28,165,Customer_0165,Female,27,Rome,Lazio,Southern Europe,Italy,2023-04-05,19,Product_19,Makeup,Lipstick,5,108,0.1,54.0,540,486.0,171.3,13.25,301.45,62.03,Cash on Delivery,Completed,4
514,2024-07-13,2024,2024-07,28,165,Customer_0165,Female,27,Rome,Lazio,Southern Europe,Italy,2023-04-05,25,Product_25,Hair,Conditioner,3,108,0.07,22.68,324,301.32,160.71,10.75,129.86,43.1,Cash on Delivery,Completed,4
751,2024-07-13,2024,2024-07,28,273,Customer_0273,Female,45,Munich,Bavaria,Central Europe,Germany,2023-08-16,24,Product_24,Hair,Shampoo,3,21,0.07,4.41,63,58.59,112.92,11.75,-66.08,-112.78,Card,Completed,4
751,2024-07-13,2024,2024-07,28,273,Customer_0273,Female,45,Munich,Bavaria,Central Europe,Germany,2023-08-16,30,Product_30,Hair,Shampoo,5,60,0.1,30.0,300,270.0,238.3,14.25,17.45,6.46,Card,Completed,4
751,2024-07-13,2024,2024-07,28,273,Customer_0273,Female,45,Munich,Bavaria,Central Europe,Germany,2023-08-16,41,Product_41,Skin,Serum,2,30,0.04,2.4,60,57.6,84.94,10.5,-37.84,-65.69,Card,Completed,4
471,2024-07-14,2024,2024-07,28,76,Customer_0076,Male,60,Girona,Catalonia,Southern Europe,Spain,2023-02-07,1,Product_1,Body,Body Lotion,4,40,0.1,16.0,160,144.0,181.32,13.0,-50.32,-34.94,Cash on Delivery,Completed,4
471,2024-07-14,2024,2024-07,28,76,Customer_0076,Male,60,Girona,Catalonia,Southern Europe,Spain,2023-02-07,13,Product_13,Skin,Sunscreen,3,81,0.07,17.01,243,225.99,137.73,11.75,76.51,33.86,Cash on Delivery,Completed,4
471,2024-07-14,2024,2024-07,28,76,Customer_0076,Male,60,Girona,Catalonia,Southern Europe,Spain,2023-02-07,21,Product_21,Hair,Hair Oil,3,70,0.07,14.7,210,195.3,145.32,11.75,38.23,19.58,Cash on Delivery,Completed,4
471,2024-07-14,2024,2024-07,28,76,Customer_0076,Male,60,Girona,Catalonia,Southern Europe,Spain,2023-02-07,22,Product_22,Makeup,Concealer,1,46,0.02,0.92,46,45.08,42.73,9.25,-6.9,-15.31,Cash on Delivery,Completed,4
471,2024-07-14,2024,2024-07,28,76,Customer_0076,Male,60,Girona,Catalonia,Southern Europe,Spain,2023-02-07,30,Product_30,Hair,Shampoo,2,101,0.04,8.08,202,193.92,95.32,10.5,88.1,45.43,Cash on Delivery,Completed,4
471,2024-07-14,2024,2024-07,28,76,Customer_0076,Male,60,Girona,Catalonia,Southern Europe,Spain,2023-02-07,43,Product_43,Hair,Conditioner,5,91,0.1,45.5,455,409.5,206.45,14.25,188.8,46.11,Cash on Delivery,Completed,4
471,2024-07-14,2024,2024-07,28,76,Customer_0076,Male,60,Girona,Catalonia,Southern Europe,Spain,2023-02-07,47,Product_47,Hair,Scalp Care,4,75,0.1,30.0,300,270.0,181.68,13.0,75.32,27.9,Cash on Delivery,Completed,4
69,2024-07-15,2024,2024-07,29,217,Customer_0217,Male,22,Bergamo,Lombardy,Southern Europe,Italy,2023-02-01,7,Product_7,Hair,Conditioner,2,106,0.06,12.72,212,0.0,0.0,8.5,0.0,0.0,Bank Transfer,Returned,4
69,2024-07-15,2024,2024-07,29,217,Customer_0217,Male,22,Bergamo,Lombardy,Southern Europe,Italy,2023-02-01,19,Product_19,Makeup,Lipstick,2,73,0.06,8.76,146,0.0,0.0,8.5,0.0,0.0,Bank Transfer,Returned,4
69,2024-07-15,2024,2024-07,29,217,Customer_0217,Male,22,Bergamo,Lombardy,Southern Europe,Italy,2023-02-01,20,Product_20,Hair,Hair Mask,3,106,0.09,28.62,318,0.0,0.0,9.75,0.0,0.0,Bank Transfer,Returned,4
220,2024-07-16,2024,2024-07,29,160,Customer_0160,Male,33,Nice,Provence-Alpes-Cote d'Azur,Western Europe,France,2023-05-11,5,Product_5,Skin,Cleanser,1,85,0.02,1.7,85,0.0,0.0,6.25,0.0,0.0,Card,Cancelled,4
311,2024-07-16,2024,2024-07,29,247,Customer_0247,Male,27,Girona,Catalonia,Southern Europe,Spain,2024-05-12,2,Product_2,Skin,Moisturizer,1,16,0.02,0.32,16,15.68,41.33,9.25,-34.9,-222.58,Bank Transfer,Completed,5
311,2024-07-16,2024,2024-07,29,247,Customer_0247,Male,27,Girona,Catalonia,Southern Europe,Spain,2024-05-12,8,Product_8,Body,Hand Care,3,93,0.07,19.53,279,259.47,140.1,11.75,107.62,41.48,Bank Transfer,Completed,5
791,2024-07-16,2024,2024-07,29,247,Customer_0247,Male,27,Girona,Catalonia,Southern Europe,Spain,2024-05-12,17,Product_17,Hair,Scalp Care,4,36,0.12,17.28,144,0.0,0.0,13.0,0.0,0.0,Bank Transfer,Returned,5
791,2024-07-16,2024,2024-07,29,247,Customer_0247,Male,27,Girona,Catalonia,Southern Europe,Spain,2024-05-12,28,Product_28,Hair,Styling,1,19,0.04,0.76,19,0.0,0.0,9.25,0.0,0.0,Bank Transfer,Returned,5
791,2024-07-16,2024,2024-07,29,247,Customer_0247,Male,27,Girona,Catalonia,Southern Europe,Spain,2024-05-12,49,Product_49,Makeup,Lipstick,3,11,0.09,2.97,33,0.0,0.0,11.75,0.0,0.0,Bank Transfer,Returned,5
233,2024-07-17,2024,2024-07,29,113,Customer_0113,Non-binary,32,Granada,Andalusia,Southern Europe,Spain,2024-04-12,31,Product_31,Body,Body Lotion,5,114,0.1,57.0,570,513.0,258.4,12.25,242.35,47.24,Bank Transfer,Completed,6
233,2024-07-17,2024,2024-07,29,113,Customer_0113,Non-binary,32,Granada,Andalusia,Southern Europe,Spain,2024-04-12,42,Product_42,Skin,Moisturizer,5,80,0.1,40.0,400,360.0,199.85,12.25,147.9,41.08,Bank Transfer,Completed,6
321,2024-07-17,2024,2024-07,29,288,Customer_0288,Female,27,Paris,Ile-de-France,Western Europe,France,2024-02-20,26,Product_26,Makeup,Mascara,5,111,0.1,55.5,555,499.5,218.9,12.25,268.35,53.72,Digital Wallet,Completed,3
547,2024-07-17,2024,2024-07,29,149,Customer_0149,Non-binary,38,Bonn,North Rhine-Westphalia,Central Europe,Germany,2023-11-07,38,Product_38,Makeup,Mascara,3,60,0.07,12.6,180,167.4,127.77,11.75,27.88,16.65,Card,Completed,2
889,2024-07-17,2024,2024-07,29,157,Customer_0157,Male,53,Sale,Rabat-Sale-Kenitra,North Africa,Morocco,2024-04-07,6,Product_6,Body,Body Lotion,4,82,0.1,32.8,328,295.2,180.68,12.32,102.2,34.62,Bank Transfer,Completed,3
889,2024-07-17,2024,2024-07,29,157,Customer_0157,Male,53,Sale,Rabat-Sale-Kenitra,North Africa,Morocco,2024-04-07,9,Product_9,Makeup,Eyeshadow,4,72,0.1,28.8,288,259.2,129.4,12.32,117.48,45.32,Bank Transfer,Completed,3
889,2024-07-17,2024,2024-07,29,157,Customer_0157,Male,53,Sale,Rabat-Sale-Kenitra,North Africa,Morocco,2024-04-07,18,Product_18,Makeup,Foundation,5,40,0.1,20.0,200,180.0,211.6,13.72,-45.32,-25.18,Bank Transfer,Completed,3
221,2024-07-18,2024,2024-07,29,9,Customer_0009,Female,42,Casablanca,Casablanca-Settat,North Africa,Morocco,2023-08-09,16,Product_16,Makeup,Concealer,4,79,0.1,31.6,316,284.4,213.0,12.32,59.08,20.77,Bank Transfer,Completed,2
221,2024-07-18,2024,2024-07,29,9,Customer_0009,Female,42,Casablanca,Casablanca-Settat,North Africa,Morocco,2023-08-09,24,Product_24,Hair,Shampoo,1,58,0.02,1.16,58,56.84,37.64,8.12,11.08,19.49,Bank Transfer,Completed,2
102,2024-07-19,2024,2024-07,29,131,Customer_0131,Non-binary,35,Granada,Andalusia,Southern Europe,Spain,2024-04-08,3,Product_3,Hair,Hair Oil,3,56,0.09,15.12,168,0.0,0.0,10.75,0.0,0.0,Digital Wallet,Returned,3
102,2024-07-19,2024,2024-07,29,131,Customer_0131,Non-binary,35,Granada,Andalusia,Southern Europe,Spain,2024-04-08,27,Product_27,Makeup,Eyeshadow,3,78,0.09,21.06,234,0.0,0.0,10.75,0.0,0.0,Digital Wallet,Returned,3
102,2024-07-19,2024,2024-07,29,131,Customer_0131,Non-binary,35,Granada,Andalusia,Southern Europe,Spain,2024-04-08,40,Product_40,Hair,Styling,5,72,0.12,43.2,360,0.0,0.0,13.25,0.0,0.0,Digital Wallet,Returned,3
181,2024-07-19,2024,2024-07,29,160,Customer_0160,Male,33,Nice,Provence-Alpes-Cote d'Azur,Western Europe,France,2023-05-11,15,Product_15,Makeup,Eyeshadow,1,18,0.02,0.36,18,17.64,53.52,7.25,-43.13,-244.5,Digital Wallet,Completed,4
181,2024-07-19,2024,2024-07,29,160,Customer_0160,Male,33,Nice,Provence-Alpes-Cote d'Azur,Western Europe,France,2023-05-11,19,Product_19,Makeup,Lipstick,2,55,0.04,4.4,110,105.6,68.52,8.5,28.58,27.06,Digital Wallet,Completed,4
181,2024-07-19,2024,2024-07,29,160,Customer_0160,Male,33,Nice,Provence-Alpes-Cote d'Azur,Western Europe,France,2023-05-11,43,Product_43,Hair,Conditioner,4,57,0.1,22.8,228,205.2,165.16,11.0,29.04,14.15,Digital Wallet,Completed,4
181,2024-07-19,2024,2024-07,29,160,Customer_0160,Male,33,Nice,Provence-Alpes-Cote d'Azur,Western Europe,France,2023-05-11,47,Product_47,Hair,Scalp Care,5,42,0.1,21.0,210,189.0,227.1,12.25,-50.35,-26.64,Digital Wallet,Completed,4
184,2024-07-19,2024,2024-07,29,203,Customer_0203,Non-binary,47,Granada,Andalusia,Southern Europe,Spain,2024-01-12,3,Product_3,Hair,Hair Oil,2,18,0.04,1.44,36,34.56,78.34,7.5,-51.28,-148.38,Cash on Delivery,Completed,3
184,2024-07-19,2024,2024-07,29,203,Customer_0203,Non-binary,47,Granada,Andalusia,Southern Europe,Spain,2024-01-12,6,Product_6,Body,Body Lotion,3,22,0.07,4.62,66,61.38,135.51,8.75,-82.88,-135.03,Cash on Delivery,Completed,3
86,2024-07-20,2024,2024-07,29,41,Customer_0041,Non-binary,20,Granada,Andalusia,Southern Europe,Spain,2023-06-12,10,Product_10,Hair,Styling,5,95,0.1,47.5,475,427.5,274.1,13.25,140.15,32.78,Cash on Delivery,Completed,1
86,2024-07-20,2024,2024-07,29,41,Customer_0041,Non-binary,20,Granada,Andalusia,Southern Europe,Spain,2023-06-12,48,Product_48,Hair,Shampoo,5,44,0.1,22.0,220,198.0,199.9,13.25,-15.15,-7.65,Cash on Delivery,Completed,1
598,2024-07-20,2024,2024-07,29,289,Customer_0289,Male,34,Bergamo,Lombardy,Southern Europe,Italy,2023-05-28,3,Product_3,Hair,Hair Oil,1,76,0.02,1.52,76,0.0,0.0,8.25,0.0,0.0,Cash on Delivery,Cancelled,4
598,2024-07-20,2024,2024-07,29,289,Customer_0289,Male,34,Bergamo,Lombardy,Southern Europe,Italy,2023-05-28,21,Product_21,Hair,Hair Oil,2,90,0.04,7.2,180,0.0,0.0,9.5,0.0,0.0,Cash on Delivery,Cancelled,4
598,2024-07-20,2024,2024-07,29,289,Customer_0289,Male,34,Bergamo,Lombardy,Southern Europe,Italy,2023-05-28,35,Product_35,Skin,Cleanser,1,115,0.02,2.3,115,0.0,0.0,8.25,0.0,0.0,Cash on Delivery,Cancelled,4
931,2024-07-21,2024,2024-07,29,218,Customer_0218,Non-binary,29,Bonn,North Rhine-Westphalia,Central Europe,Germany,2024-04-12,27,Product_27,Makeup,Eyeshadow,4,99,0.1,39.6,396,356.4,175.88,13.0,167.52,47.0,Digital Wallet,Completed,4
488,2024-07-22,2024,2024-07,30,42,Customer_0042,Female,27,Rome,Lazio,Southern Europe,Italy,2024-01-07,20,Product_20,Hair,Hair Mask,4,56,0.12,26.88,224,0.0,0.0,10.0,0.0,0.0,Bank Transfer,Returned,1
488,2024-07-22,2024,2024-07,30,42,Customer_0042,Female,27,Rome,Lazio,Southern Europe,Italy,2024-01-07,24,Product_24,Hair,Shampoo,4,17,0.12,8.16,68,0.0,0.0,10.0,0.0,0.0,Bank Transfer,Returned,1
772,2024-07-22,2024,2024-07,30,236,Customer_0236,Non-binary,32,Essaouira,Marrakesh-Safi,North Africa,Morocco,2023-01-02,31,Product_31,Body,Body Lotion,4,116,0.1,46.4,464,417.6,206.72,11.2,199.68,47.82,Card,Completed,3
569,2024-07-23,2024,2024-07,30,8,Customer_0008,Non-binary,35,Annecy,Auvergne-Rhone-Alpes,Western Europe,France,2023-04-20,6,Product_6,Body,Body Lotion,5,25,0.1,12.5,125,112.5,225.85,12.25,-125.6,-111.64,Digital Wallet,Completed,2
569,2024-07-23,2024,2024-07,30,8,Customer_0008,Non-binary,35,Annecy,Auvergne-Rhone-Alpes,Western Europe,France,2023-04-20,32,Product_32,Body,Scrub,3,32,0.07,6.72,96,89.28,120.0,9.75,-40.47,-45.33,Digital Wallet,Completed,2
569,2024-07-23,2024,2024-07,30,8,Customer_0008,Non-binary,35,Annecy,Auvergne-Rhone-Alpes,Western Europe,France,2023-04-20,35,Product_35,Skin,Cleanser,2,104,0.04,8.32,208,199.68,99.36,8.5,91.82,45.98,Digital Wallet,Completed,2
443,2024-07-24,2024,2024-07,30,249,Customer_0249,Female,41,Rome,Lazio,Southern Europe,Italy,2023-06-02,1,Product_1,Body,Body Lotion,2,63,0.04,5.04,126,120.96,90.66,10.5,19.8,16.37,Card,Completed,3
443,2024-07-24,2024,2024-07,30,249,Customer_0249,Female,41,Rome,Lazio,Southern Europe,Italy,2023-06-02,4,Product_4,Body,Deodorant,3,19,0.07,3.99,57,53.01,116.04,11.75,-74.78,-141.07,Card,Completed,3
443,2024-07-24,2024,2024-07,30,249,Customer_0249,Female,41,Rome,Lazio,Southern Europe,Italy,2023-06-02,7,Product_7,Hair,Conditioner,5,42,0.1,21.0,210,189.0,227.9,14.25,-53.15,-28.12,Card,Completed,3
797,2024-07-24,2024,2024-07,30,223,Customer_0223,Male,23,Girona,Catalonia,Southern Europe,Spain,2023-12-15,10,Product_10,Hair,Styling,1,90,0.02,1.8,90,88.2,54.82,7.25,26.13,29.63,Card,Completed,4
680,2024-07-25,2024,2024-07,30,249,Customer_0249,Female,41,Rome,Lazio,Southern Europe,Italy,2023-06-02,4,Product_4,Body,Deodorant,4,72,0.1,28.8,288,259.2,154.72,10.0,94.48,36.45,Digital Wallet,Completed,3
680,2024-07-25,2024,2024-07,30,249,Customer_0249,Female,41,Rome,Lazio,Southern Europe,Italy,2023-06-02,20,Product_20,Hair,Hair Mask,2,83,0.04,6.64,166,159.36,99.18,7.5,52.68,33.06,Digital Wallet,Completed,3
680,2024-07-25,2024,2024-07,30,249,Customer_0249,Female,41,Rome,Lazio,Southern Europe,Italy,2023-06-02,29,Product_29,Makeup,Blush,4,32,0.1,12.8,128,115.2,131.6,10.0,-26.4,-22.92,Digital Wallet,Completed,3
535,2024-07-26,2024,2024-07,30,58,Customer_0058,Male,57,Sale,Rabat-Sale-Kenitra,North Africa,Morocco,2023-12-05,15,Product_15,Makeup,Eyeshadow,3,107,0.09,28.89,321,0.0,0.0,13.16,0.0,0.0,Digital Wallet,Returned,4
639,2024-07-26,2024,2024-07,30,259,Customer_0259,Male,29,Girona,Catalonia,Southern Europe,Spain,2024-03-15,33,Product_33,Hair,Hair Oil,2,80,0.04,6.4,160,153.6,85.96,10.5,57.14,37.2,Bank Transfer,Completed,5
639,2024-07-26,2024,2024-07,30,259,Customer_0259,Male,29,Girona,Catalonia,Southern Europe,Spain,2024-03-15,48,Product_48,Hair,Shampoo,3,26,0.07,5.46,78,72.54,119.94,11.75,-59.15,-81.54,Bank Transfer,Completed,5
989,2024-07-26,2024,2024-07,30,118,Customer_0118,Male,26,Sale,Rabat-Sale-Kenitra,North Africa,Morocco,2023-04-19,18,Product_18,Makeup,Foundation,4,11,0.1,4.4,44,39.6,169.28,12.32,-142.0,-358.59,Cash on Delivery,Completed,5
93,2024-07-27,2024,2024-07,30,62,Customer_0062,Non-binary,44,Granada,Andalusia,Southern Europe,Spain,2023-05-07,6,Product_6,Body,Body Lotion,3,37,0.07,7.77,111,103.23,135.51,9.75,-42.03,-40.71,Cash on Delivery,Completed,2
93,2024-07-27,2024,2024-07,30,62,Customer_0062,Non-binary,44,Granada,Andalusia,Southern Europe,Spain,2023-05-07,15,Product_15,Makeup,Eyeshadow,5,68,0.1,34.0,340,306.0,267.6,12.25,26.15,8.55,Cash on Delivery,Completed,2
93,2024-07-27,2024,2024-07,30,62,Customer_0062,Non-binary,44,Granada,Andalusia,Southern Europe,Spain,2023-05-07,23,Product_23,Body,Hand Care,4,102,0.1,40.8,408,367.2,169.36,11.0,186.84,50.88,Cash on Delivery,Completed,2
93,2024-07-27,2024,2024-07,30,62,Customer_0062,Non-binary,44,Granada,Andalusia,Southern Europe,Spain,2023-05-07,38,Product_38,Makeup,Mascara,4,55,0.1,22.0,220,198.0,170.36,11.0,16.64,8.4,Cash on Delivery,Completed,2
93,2024-07-27,2024,2024-07,30,62,Customer_0062,Non-binary,44,Granada,Andalusia,Southern Europe,Spain,2023-05-07,43,Product_43,Hair,Conditioner,2,65,0.04,5.2,130,124.8,82.58,8.5,33.72,27.02,Cash on Delivery,Completed,2
93,2024-07-27,2024,2024-07,30,62,Customer_0062,Non-binary,44,Granada,Andalusia,Southern Europe,Spain,2023-05-07,44,Product_44,Body,Deodorant,5,60,0.1,30.0,300,270.0,183.3,12.25,74.45,27.57,Cash on Delivery,Completed,2
95,2024-07-27,2024,2024-07,30,293,Customer_0293,Non-binary,21,Bonn,North Rhine-Westphalia,Central Europe,Germany,2023-11-04,40,Product_40,Hair,Styling,5,23,0.1,11.5,115,103.5,250.1,14.25,-160.85,-155.41,Card,Completed,3
570,2024-07-27,2024,2024-07,30,122,Customer_0122,Non-binary,54,Bonn,North Rhine-Westphalia,Central Europe,Germany,2023-06-10,19,Product_19,Makeup,Lipstick,3,94,0.07,19.74,282,0.0,0.0,10.75,0.0,0.0,Card,Cancelled,3
570,2024-07-27,2024,2024-07,30,122,Customer_0122,Non-binary,54,Bonn,North Rhine-Westphalia,Central Europe,Germany,2023-06-10,27,Product_27,Makeup,Eyeshadow,4,77,0.1,30.8,308,0.0,0.0,12.0,0.0,0.0,Card,Cancelled,3
570,2024-07-27,2024,2024-07,30,122,Customer_0122,Non-binary,54,Bonn,North Rhine-Westphalia,Central Europe,Germany,2023-06-10,44,Product_44,Body,Deodorant,2,63,0.04,5.04,126,0.0,0.0,9.5,0.0,0.0,Card,Cancelled,3
266,2024-07-28,2024,2024-07,30,284,Customer_0284,Non-binary,40,Essaouira,Marrakesh-Safi,North Africa,Morocco,2023-08-22,15,Product_15,Makeup,Eyeshadow,4,93,0.1,37.2,372,334.8,214.08,13.44,107.28,32.04,Bank Transfer,Completed,2
266,2024-07-28,2024,2024-07,30,284,Customer_0284,Non-binary,40,Essaouira,Marrakesh-Safi,North Africa,Morocco,2023-08-22,18,Product_18,Makeup,Foundation,3,96,0.07,20.16,288,267.84,126.96,12.04,128.84,48.1,Bank Transfer,Completed,2
266,2024-07-28,2024,2024-07,30,284,Customer_0284,Non-binary,40,Essaouira,Marrakesh-Safi,North Africa,Morocco,2023-08-22,37,Product_37,Makeup,Lipstick,1,21,0.02,0.42,21,20.58,46.03,9.24,-34.69,-168.56,Bank Transfer,Completed,2
482,2024-07-28,2024,2024-07,30,151,Customer_0151,Male,52,Potsdam,Berlin,Central Europe,Germany,2023-06-06,25,Product_25,Hair,Conditioner,1,58,0.02,1.16,58,56.84,53.57,8.25,-4.98,-8.76,Digital Wallet,Completed,3
668,2024-07-29,2024,2024-07,31,184,Customer_0184,Male,37,Nice,Provence-Alpes-Cote d'Azur,Western Europe,France,2024-04-21,30,Product_30,Hair,Shampoo,2,59,0.04,4.72,118,0.0,0.0,7.5,0.0,0.0,Card,Cancelled,2
668,2024-07-29,2024,2024-07,31,184,Customer_0184,Male,37,Nice,Provence-Alpes-Cote d'Azur,Western Europe,France,2024-04-21,39,Product_39,Hair,Hair Oil,1,22,0.02,0.44,22,0.0,0.0,6.25,0.0,0.0,Card,Cancelled,2
668,2024-07-29,2024,2024-07,31,184,Customer_0184,Male,37,Nice,Provence-Alpes-Cote d'Azur,Western Europe,France,2024-04-21,40,Product_40,Hair,Styling,5,10,0.1,5.0,50,0.0,0.0,11.25,0.0,0.0,Card,Cancelled,2
685,2024-07-31,2024,2024-07,31,184,Customer_0184,Male,37,Nice,Provence-Alpes-Cote d'Azur,Western Europe,France,2024-04-21,10,Product_10,Hair,Styling,4,110,0.1,44.0,440,396.0,219.28,11.0,165.72,41.85,Digital Wallet,Completed,2
685,2024-07-31,2024,2024-07,31,184,Customer_0184,Male,37,Nice,Provence-Alpes-Cote d'Azur,Western Europe,France,2024-04-21,19,Product_19,Makeup,Lipstick,2,37,0.04,2.96,74,71.04,68.52,8.5,-5.98,-8.42,Digital Wallet,Completed,2
685,2024-07-31,2024,2024-07,31,184,Customer_0184,Male,37,Nice,Provence-Alpes-Cote d'Azur,Western Europe,France,2024-04-21,45,Product_45,Body,Body Wash,4,86,0.1,34.4,344,309.6,192.24,11.0,106.36,34.35,Digital Wallet,Completed,2
885,2024-07-31,2024,2024-07,31,179,Customer_0179,Non-binary,43,Granada,Andalusia,Southern Europe,Spain,2023-05-08,29,Product_29,Makeup,Blush,1,115,0.02,2.3,115,112.7,32.9,7.25,72.55,64.37,Card,Completed,5
564,2024-08-01,2024,2024-08,31,144,Customer_0144,Female,44,Paris,Ile-de-France,Western Europe,France,2023-06-22,6,Product_6,Body,Body Lotion,1,81,0.02,1.62,81,79.38,45.17,6.25,27.96,35.22,Card,Completed,7
564,2024-08-01,2024,2024-08,31,144,Customer_0144,Female,44,Paris,Ile-de-France,Western Europe,France,2023-06-22,15,Product_15,Makeup,Eyeshadow,5,45,0.1,22.5,225,202.5,267.6,11.25,-76.35,-37.7,Card,Completed,7
564,2024-08-01,2024,2024-08,31,144,Customer_0144,Female,44,Paris,Ile-de-France,Western Europe,France,2023-06-22,37,Product_37,Makeup,Lipstick,1,106,0.02,2.12,106,103.88,46.03,6.25,51.6,49.67,Card,Completed,7
978,2024-08-01,2024,2024-08,31,161,Customer_0161,Non-binary,40,Bonn,North Rhine-Westphalia,Central Europe,Germany,2023-12-24,44,Product_44,Body,Deodorant,4,25,0.1,10.0,100,90.0,146.64,12.0,-68.64,-76.27,Cash on Delivery,Completed,2
90,2024-08-02,2024,2024-08,31,268,Customer_0268,Male,51,Nice,Provence-Alpes-Cote d'Azur,Western Europe,France,2023-05-10,3,Product_3,Hair,Hair Oil,2,27,0.06,3.24,54,0.0,0.0,9.5,0.0,0.0,Bank Transfer,Returned,2
90,2024-08-02,2024,2024-08,31,268,Customer_0268,Male,51,Nice,Provence-Alpes-Cote d'Azur,Western Europe,France,2023-05-10,16,Product_16,Makeup,Concealer,1,106,0.04,4.24,106,0.0,0.0,8.25,0.0,0.0,Bank Transfer,Returned,2
90,2024-08-02,2024,2024-08,31,268,Customer_0268,Male,51,Nice,Provence-Alpes-Cote d'Azur,Western Europe,France,2023-05-10,17,Product_17,Hair,Scalp Care,2,51,0.06,6.12,102,0.0,0.0,9.5,0.0,0.0,Bank Transfer,Returned,2
111,2024-08-02,2024,2024-08,31,179,Customer_0179,Non-binary,43,Granada,Andalusia,Southern Europe,Spain,2023-05-08,7,Product_7,Hair,Conditioner,4,72,0.1,28.8,288,259.2,182.32,13.0,63.88,24.65,Bank Transfer,Completed,5
111,2024-08-02,2024,2024-08,31,179,Customer_0179,Non-binary,43,Granada,Andalusia,Southern Europe,Spain,2023-05-08,35,Product_35,Skin,Cleanser,4,26,0.1,10.4,104,93.6,198.72,13.0,-118.12,-126.2,Bank Transfer,Completed,5
111,2024-08-02,2024,2024-08,31,179,Customer_0179,Non-binary,43,Granada,Andalusia,Southern Europe,Spain,2023-05-08,43,Product_43,Hair,Conditioner,3,83,0.07,17.43,249,231.57,123.87,11.75,95.95,41.43,Bank Transfer,Completed,5
219,2024-08-02,2024,2024-08,31,37,Customer_0037,Male,33,Bergamo,Lombardy,Southern Europe,Italy,2023-08-29,28,Product_28,Hair,Styling,5,35,0.1,17.5,175,157.5,201.45,14.25,-58.2,-36.95,Card,Completed,2
245,2024-08-02,2024,2024-08,31,68,Customer_0068,Non-binary,45,Essaouira,Marrakesh-Safi,North Africa,Morocco,2023-12-02,2,Product_2,Skin,Moisturizer,4,117,0.1,46.8,468,421.2,165.32,12.32,243.56,57.83,Digital Wallet,Completed,1
245,2024-08-02,2024,2024-08,31,68,Customer_0068,Non-binary,45,Essaouira,Marrakesh-Safi,North Africa,Morocco,2023-12-02,33,Product_33,Hair,Hair Oil,4,52,0.1,20.8,208,187.2,171.92,12.32,2.96,1.58,Digital Wallet,Completed,1
245,2024-08-02,2024,2024-08,31,68,Customer_0068,Non-binary,45,Essaouira,Marrakesh-Safi,North Africa,Morocco,2023-12-02,34,Product_34,Hair,Styling,4,42,0.1,16.8,168,151.2,133.48,12.32,5.4,3.57,Digital Wallet,Completed,1
343,2024-08-02,2024,2024-08,31,262,Customer_0262,Male,50,Sale,Rabat-Sale-Kenitra,North Africa,Morocco,2023-10-03,2,Product_2,Skin,Moisturizer,2,100,0.04,8.0,200,192.0,82.66,11.76,97.58,50.82,Digital Wallet,Completed,2
343,2024-08-02,2024,2024-08,31,262,Customer_0262,Male,50,Sale,Rabat-Sale-Kenitra,North Africa,Morocco,2023-10-03,13,Product_13,Skin,Sunscreen,3,48,0.07,10.08,144,133.92,137.73,13.16,-16.97,-12.67,Digital Wallet,Completed,2
343,2024-08-02,2024,2024-08,31,262,Customer_0262,Male,50,Sale,Rabat-Sale-Kenitra,North Africa,Morocco,2023-10-03,17,Product_17,Hair,Scalp Care,1,87,0.02,1.74,87,85.26,44.55,10.36,30.35,35.6,Digital Wallet,Completed,2
343,2024-08-02,2024,2024-08,31,262,Customer_0262,Male,50,Sale,Rabat-Sale-Kenitra,North Africa,Morocco,2023-10-03,31,Product_31,Body,Body Lotion,4,84,0.1,33.6,336,302.4,206.72,14.56,81.12,26.83,Digital Wallet,Completed,2
214,2024-08-03,2024,2024-08,31,112,Customer_0112,Male,25,Potsdam,Berlin,Central Europe,Germany,2024-04-25,11,Product_11,Makeup,Blush,4,91,0.1,36.4,364,0.0,0.0,12.0,0.0,0.0,Bank Transfer,Cancelled,2
214,2024-08-03,2024,2024-08,31,112,Customer_0112,Male,25,Potsdam,Berlin,Central Europe,Germany,2024-04-25,48,Product_48,Hair,Shampoo,2,69,0.04,5.52,138,0.0,0.0,9.5,0.0,0.0,Bank Transfer,Cancelled,2
354,2024-08-03,2024,2024-08,31,92,Customer_0092,Non-binary,49,Granada,Andalusia,Southern Europe,Spain,2023-09-01,36,Product_36,Skin,Serum,2,106,0.04,8.48,212,203.52,108.14,9.5,85.88,42.2,Bank Transfer,Completed,3
354,2024-08-03,2024,2024-08,31,92,Customer_0092,Non-binary,49,Granada,Andalusia,Southern Europe,Spain,2023-09-01,42,Product_42,Skin,Moisturizer,2,63,0.04,5.04,126,120.96,79.94,9.5,31.52,26.06,Bank Transfer,Completed,3
354,2024-08-03,2024,2024-08,31,92,Customer_0092,Non-binary,49,Granada,Andalusia,Southern Europe,Spain,2023-09-01,44,Product_44,Body,Deodorant,3,20,0.07,4.2,60,55.8,109.98,10.75,-64.93,-116.36,Bank Transfer,Completed,3
354,2024-08-03,2024,2024-08,31,92,Customer_0092,Non-binary,49,Granada,Andalusia,Southern Europe,Spain,2023-09-01,50,Product_50,Skin,Cleanser,1,95,0.02,1.9,95,93.1,55.0,8.25,29.85,32.06,Bank Transfer,Completed,3
408,2024-08-03,2024,2024-08,31,4,Customer_0004,Male,48,Nice,Provence-Alpes-Cote d'Azur,Western Europe,France,2023-01-03,29,Product_29,Makeup,Blush,1,19,0.02,0.38,19,18.62,32.9,6.25,-20.53,-110.26,Card,Completed,4
802,2024-08-03,2024,2024-08,31,134,Customer_0134,Non-binary,56,Caserta,Campania,Southern Europe,Italy,2023-08-28,43,Product_43,Hair,Conditioner,1,27,0.02,0.54,27,26.46,41.29,8.25,-23.08,-87.23,Card,Completed,4
802,2024-08-03,2024,2024-08,31,134,Customer_0134,Non-binary,56,Caserta,Campania,Southern Europe,Italy,2023-08-28,43,Product_43,Hair,Conditioner,4,22,0.1,8.8,88,79.2,165.16,12.0,-97.96,-123.69,Card,Completed,4
802,2024-08-03,2024,2024-08,31,134,Customer_0134,Non-binary,56,Caserta,Campania,Southern Europe,Italy,2023-08-28,44,Product_44,Body,Deodorant,2,48,0.04,3.84,96,92.16,73.32,9.5,9.34,10.13,Card,Completed,4
188,2024-08-04,2024,2024-08,31,294,Customer_0294,Female,28,Paris,Ile-de-France,Western Europe,France,2024-01-06,21,Product_21,Hair,Hair Oil,1,115,0.02,2.3,115,112.7,48.44,6.25,58.01,51.47,Bank Transfer,Completed,4
188,2024-08-04,2024,2024-08,31,294,Customer_0294,Female,28,Paris,Ile-de-France,Western Europe,France,2024-01-06,23,Product_23,Body,Hand Care,1,83,0.02,1.66,83,81.34,42.34,6.25,32.75,40.26,Bank Transfer,Completed,4
581,2024-08-04,2024,2024-08,31,145,Customer_0145,Male,51,Nice,Provence-Alpes-Cote d'Azur,Western Europe,France,2023-06-07,36,Product_36,Skin,Serum,3,53,0.07,11.13,159,147.87,162.21,9.75,-24.09,-16.29,Bank Transfer,Completed,5
806,2024-08-04,2024,2024-08,31,194,Customer_0194,Non-binary,25,Essaouira,Marrakesh-Safi,North Africa,Morocco,2024-03-12,42,Product_42,Skin,Moisturizer,5,94,0.1,47.0,470,0.0,0.0,14.84,0.0,0.0,Card,Cancelled,2
335,2024-08-05,2024,2024-08,32,101,Customer_0101,Non-binary,30,Bonn,North Rhine-Westphalia,Central Europe,Germany,2024-01-10,3,Product_3,Hair,Hair Oil,2,50,0.04,4.0,100,96.0,78.34,10.5,7.16,7.46,Card,Completed,4
335,2024-08-05,2024,2024-08,32,101,Customer_0101,Non-binary,30,Bonn,North Rhine-Westphalia,Central Europe,Germany,2024-01-10,41,Product_41,Skin,Serum,5,74,0.1,37.0,370,333.0,212.35,14.25,106.4,31.95,Card,Completed,4
335,2024-08-05,2024,2024-08,32,101,Customer_0101,Non-binary,30,Bonn,North Rhine-Westphalia,Central Europe,Germany,2024-01-10,44,Product_44,Body,Deodorant,5,95,0.1,47.5,475,427.5,183.3,14.25,229.95,53.79,Card,Completed,4
836,2024-08-05,2024,2024-08,32,84,Customer_0084,Female,34,Paris,Ile-de-France,Western Europe,France,2023-04-06,11,Product_11,Makeup,Blush,5,114,0.1,57.0,570,513.0,238.6,11.25,263.15,51.3,Card,Completed,3
836,2024-08-05,2024,2024-08,32,84,Customer_0084,Female,34,Paris,Ile-de-France,Western Europe,France,2023-04-06,19,Product_19,Makeup,Lipstick,1,109,0.02,2.18,109,106.82,34.26,6.25,66.31,62.08,Card,Completed,3
836,2024-08-05,2024,2024-08,32,84,Customer_0084,Female,34,Paris,Ile-de-France,Western Europe,France,2023-04-06,24,Product_24,Hair,Shampoo,5,32,0.1,16.0,160,144.0,188.2,11.25,-55.45,-38.51,Card,Completed,3
134,2024-08-06,2024,2024-08,32,134,Customer_0134,Non-binary,56,Caserta,Campania,Southern Europe,Italy,2023-08-28,24,Product_24,Hair,Shampoo,2,97,0.04,7.76,194,186.24,75.28,9.5,101.46,54.48,Card,Completed,4
134,2024-08-06,2024,2024-08,32,134,Customer_0134,Non-binary,56,Caserta,Campania,Southern Europe,Italy,2023-08-28,46,Product_46,Makeup,Concealer,3,18,0.07,3.78,54,50.22,133.32,10.75,-93.85,-186.88,Card,Completed,4
475,2024-08-06,2024,2024-08,32,223,Customer_0223,Male,23,Girona,Catalonia,Southern Europe,Spain,2023-12-15,46,Product_46,Makeup,Concealer,2,13,0.04,1.04,26,0.0,0.0,10.5,0.0,0.0,Bank Transfer,Cancelled,4
690,2024-08-07,2024,2024-08,32,93,Customer_0093,Female,56,Munich,Bavaria,Central Europe,Germany,2023-12-24,25,Product_25,Hair,Conditioner,4,99,0.1,39.6,396,356.4,214.28,12.0,130.12,36.51,Cash on Delivery,Completed,2
690,2024-08-07,2024,2024-08,32,93,Customer_0093,Female,56,Munich,Bavaria,Central Europe,Germany,2023-12-24,29,Product_29,Makeup,Blush,3,11,0.07,2.31,33,30.69,98.7,10.75,-78.76,-256.63,Cash on Delivery,Completed,2
857,2024-08-07,2024,2024-08,32,165,Customer_0165,Female,27,Rome,Lazio,Southern Europe,Italy,2023-04-05,5,Product_5,Skin,Cleanser,3,25,0.07,5.25,75,69.75,167.25,9.75,-107.25,-153.76,Bank Transfer,Completed,4
857,2024-08-07,2024,2024-08,32,165,Customer_0165,Female,27,Rome,Lazio,Southern Europe,Italy,2023-04-05,8,Product_8,Body,Hand Care,1,114,0.02,2.28,114,111.72,46.7,7.25,57.77,51.71,Bank Transfer,Completed,4
979,2024-08-07,2024,2024-08,32,177,Customer_0177,Female,29,Madrid,Madrid,Southern Europe,Spain,2024-02-27,29,Product_29,Makeup,Blush,2,74,0.04,5.92,148,142.08,65.8,10.5,65.78,46.3,Card,Completed,2
660,2024-08-08,2024,2024-08,32,30,Customer_0030,Female,25,Munich,Bavaria,Central Europe,Germany,2023-04-17,14,Product_14,Body,Deodorant,2,27,0.04,2.16,54,51.84,82.96,7.5,-38.62,-74.5,Bank Transfer,Completed,1
660,2024-08-08,2024,2024-08,32,30,Customer_0030,Female,25,Munich,Bavaria,Central Europe,Germany,2023-04-17,21,Product_21,Hair,Hair Oil,5,106,0.1,53.0,530,477.0,242.2,11.25,223.55,46.87,Bank Transfer,Completed,1
660,2024-08-08,2024,2024-08,32,30,Customer_0030,Female,25,Munich,Bavaria,Central Europe,Germany,2023-04-17,23,Product_23,Body,Hand Care,2,65,0.04,5.2,130,124.8,84.68,7.5,32.62,26.14,Bank Transfer,Completed,1
660,2024-08-08,2024,2024-08,32,30,Customer_0030,Female,25,Munich,Bavaria,Central Europe,Germany,2023-04-17,34,Product_34,Hair,Styling,4,70,0.1,28.0,280,252.0,133.48,10.0,108.52,43.06,Bank Transfer,Completed,1
12,2024-08-09,2024,2024-08,32,152,Customer_0152,Non-binary,59,Essaouira,Marrakesh-Safi,North Africa,Morocco,2023-09-15,14,Product_14,Body,Deodorant,1,71,0.02,1.42,71,69.58,41.48,7.0,21.1,30.32,Card,Completed,6
12,2024-08-09,2024,2024-08,32,152,Customer_0152,Non-binary,59,Essaouira,Marrakesh-Safi,North Africa,Morocco,2023-09-15,28,Product_28,Hair,Styling,2,20,0.04,1.6,40,38.4,80.58,8.4,-50.58,-131.72,Card,Completed,6
12,2024-08-09,2024,2024-08,32,152,Customer_0152,Non-binary,59,Essaouira,Marrakesh-Safi,North Africa,Morocco,2023-09-15,45,Product_45,Body,Body Wash,4,34,0.1,13.6,136,122.4,192.24,11.2,-81.04,-66.21,Card,Completed,6
78,2024-08-09,2024,2024-08,32,136,Customer_0136,Male,29,Girona,Catalonia,Southern Europe,Spain,2023-07-01,39,Product_39,Hair,Hair Oil,1,103,0.02,2.06,103,100.94,35.79,8.25,56.9,56.37,Bank Transfer,Completed,3
468,2024-08-09,2024,2024-08,32,177,Customer_0177,Female,29,Madrid,Madrid,Southern Europe,Spain,2024-02-27,19,Product_19,Makeup,Lipstick,5,58,0.12,34.8,290,0.0,0.0,11.25,0.0,0.0,Digital Wallet,Returned,2
468,2024-08-09,2024,2024-08,32,177,Customer_0177,Female,29,Madrid,Madrid,Southern Europe,Spain,2024-02-27,29,Product_29,Makeup,Blush,4,52,0.12,24.96,208,0.0,0.0,10.0,0.0,0.0,Digital Wallet,Returned,2
555,2024-08-09,2024,2024-08,32,147,Customer_0147,Female,24,Munich,Bavaria,Central Europe,Germany,2024-05-08,16,Product_16,Makeup,Concealer,3,86,0.07,18.06,258,0.0,0.0,11.75,0.0,0.0,Bank Transfer,Cancelled,4
555,2024-08-09,2024,2024-08,32,147,Customer_0147,Female,24,Munich,Bavaria,Central Europe,Germany,2024-05-08,40,Product_40,Hair,Styling,3,48,0.07,10.08,144,0.0,0.0,11.75,0.0,0.0,Bank Transfer,Cancelled,4
53,2024-08-10,2024,2024-08,32,191,Customer_0191,Non-binary,45,Caserta,Campania,Southern Europe,Italy,2024-04-19,24,Product_24,Hair,Shampoo,4,86,0.1,34.4,344,309.6,150.56,11.0,148.04,47.82,Card,Completed,1
53,2024-08-10,2024,2024-08,32,191,Customer_0191,Non-binary,45,Caserta,Campania,Southern Europe,Italy,2024-04-19,31,Product_31,Body,Body Lotion,1,118,0.02,2.36,118,115.64,51.68,7.25,56.71,49.04,Card,Completed,1
53,2024-08-10,2024,2024-08,32,191,Customer_0191,Non-binary,45,Caserta,Campania,Southern Europe,Italy,2024-04-19,32,Product_32,Body,Scrub,1,26,0.02,0.52,26,25.48,40.0,7.25,-21.77,-85.44,Card,Completed,1
247,2024-08-10,2024,2024-08,32,277,Customer_0277,Male,32,Potsdam,Berlin,Central Europe,Germany,2023-07-19,5,Product_5,Skin,Cleanser,2,69,0.04,5.52,138,132.48,111.5,10.5,10.48,7.91,Card,Completed,6
247,2024-08-10,2024,2024-08,32,277,Customer_0277,Male,32,Potsdam,Berlin,Central Europe,Germany,2023-07-19,19,Product_19,Makeup,Lipstick,5,50,0.1,25.0,250,225.0,171.3,14.25,39.45,17.53,Card,Completed,6
247,2024-08-10,2024,2024-08,32,277,Customer_0277,Male,32,Potsdam,Berlin,Central Europe,Germany,2023-07-19,23,Product_23,Body,Hand Care,3,89,0.07,18.69,267,248.31,127.02,11.75,109.54,44.11,Card,Completed,6
247,2024-08-10,2024,2024-08,32,277,Customer_0277,Male,32,Potsdam,Berlin,Central Europe,Germany,2023-07-19,43,Product_43,Hair,Conditioner,4,81,0.1,32.4,324,291.6,165.16,13.0,113.44,38.9,Card,Completed,6
247,2024-08-10,2024,2024-08,32,277,Customer_0277,Male,32,Potsdam,Berlin,Central Europe,Germany,2023-07-19,45,Product_45,Body,Body Wash,5,80,0.1,40.0,400,360.0,240.3,14.25,105.45,29.29,Card,Completed,6
455,2024-08-10,2024,2024-08,32,37,Customer_0037,Male,33,Bergamo,Lombardy,Southern Europe,Italy,2023-08-29,5,Product_5,Skin,Cleanser,4,43,0.12,20.64,172,0.0,0.0,13.0,0.0,0.0,Card,Returned,2
455,2024-08-10,2024,2024-08,32,37,Customer_0037,Male,33,Bergamo,Lombardy,Southern Europe,Italy,2023-08-29,38,Product_38,Makeup,Mascara,3,57,0.09,15.39,171,0.0,0.0,11.75,0.0,0.0,Card,Returned,2
455,2024-08-10,2024,2024-08,32,37,Customer_0037,Male,33,Bergamo,Lombardy,Southern Europe,Italy,2023-08-29,39,Product_39,Hair,Hair Oil,5,102,0.12,61.2,510,0.0,0.0,14.25,0.0,0.0,Card,Returned,2
625,2024-08-10,2024,2024-08,32,1,Customer_0001,Male,27,Girona,Catalonia,Southern Europe,Spain,2023-05-15,30,Product_30,Hair,Shampoo,4,95,0.1,38.0,380,342.0,190.64,11.0,140.36,41.04,Bank Transfer,Completed,8
811,2024-08-10,2024,2024-08,32,133,Customer_0133,Male,49,Potsdam,Berlin,Central Europe,Germany,2023-05-31,15,Product_15,Makeup,Eyeshadow,3,27,0.07,5.67,81,75.33,160.56,11.75,-96.98,-128.74,Card,Completed,5
811,2024-08-10,2024,2024-08,32,133,Customer_0133,Male,49,Potsdam,Berlin,Central Europe,Germany,2023-05-31,39,Product_39,Hair,Hair Oil,4,70,0.1,28.0,280,252.0,143.16,13.0,95.84,38.03,Card,Completed,5
92,2024-08-11,2024,2024-08,32,48,Customer_0048,Female,28,Rome,Lazio,Southern Europe,Italy,2023-12-24,15,Product_15,Makeup,Eyeshadow,1,97,0.02,1.94,97,95.06,53.52,6.25,35.29,37.12,Card,Completed,2
92,2024-08-11,2024,2024-08,32,48,Customer_0048,Female,28,Rome,Lazio,Southern Europe,Italy,2023-12-24,18,Product_18,Makeup,Foundation,2,33,0.04,2.64,66,63.36,84.64,7.5,-28.78,-45.42,Card,Completed,2
394,2024-08-11,2024,2024-08,32,254,Customer_0254,Non-binary,35,Bonn,North Rhine-Westphalia,Central Europe,Germany,2023-08-09,47,Product_47,Hair,Scalp Care,4,11,0.1,4.4,44,39.6,181.68,12.0,-154.08,-389.09,Card,Completed,3
447,2024-08-11,2024,2024-08,32,177,Customer_0177,Female,29,Madrid,Madrid,Southern Europe,Spain,2024-02-27,42,Product_42,Skin,Moisturizer,3,91,0.09,24.57,273,0.0,0.0,11.75,0.0,0.0,Card,Returned,2
464,2024-08-11,2024,2024-08,32,84,Customer_0084,Female,34,Paris,Ile-de-France,Western Europe,France,2023-04-06,5,Product_5,Skin,Cleanser,4,87,0.1,34.8,348,313.2,223.0,10.0,80.2,25.61,Card,Completed,3
894,2024-08-11,2024,2024-08,32,97,Customer_0097,Male,43,Girona,Catalonia,Southern Europe,Spain,2023-12-17,13,Product_13,Skin,Sunscreen,4,68,0.1,27.2,272,244.8,183.64,12.0,49.16,20.08,Cash on Delivery,Completed,2
602,2024-08-12,2024,2024-08,33,239,Customer_0239,Non-binary,53,Granada,Andalusia,Southern Europe,Spain,2023-07-13,21,Product_21,Hair,Hair Oil,4,66,0.1,26.4,264,237.6,193.76,12.0,31.84,13.4,Digital Wallet,Completed,4
716,2024-08-12,2024,2024-08,33,107,Customer_0107,Non-binary,31,Caserta,Campania,Southern Europe,Italy,2024-01-05,13,Product_13,Skin,Sunscreen,2,82,0.04,6.56,164,157.44,91.82,7.5,58.12,36.92,Cash on Delivery,Completed,2
716,2024-08-12,2024,2024-08,33,107,Customer_0107,Non-binary,31,Caserta,Campania,Southern Europe,Italy,2024-01-05,23,Product_23,Body,Hand Care,2,75,0.04,6.0,150,144.0,84.68,7.5,51.82,35.99,Cash on Delivery,Completed,2
716,2024-08-12,2024,2024-08,33,107,Customer_0107,Non-binary,31,Caserta,Campania,Southern Europe,Italy,2024-01-05,28,Product_28,Hair,Styling,3,39,0.07,8.19,117,108.81,120.87,8.75,-20.81,-19.13,Cash on Delivery,Completed,2
716,2024-08-12,2024,2024-08,33,107,Customer_0107,Non-binary,31,Caserta,Campania,Southern Europe,Italy,2024-01-05,39,Product_39,Hair,Hair Oil,3,93,0.07,19.53,279,259.47,107.37,8.75,143.35,55.25,Cash on Delivery,Completed,2
79,2024-08-13,2024,2024-08,33,63,Customer_0063,Female,51,Madrid,Madrid,Southern Europe,Spain,2024-03-03,8,Product_8,Body,Hand Care,3,24,0.07,5.04,72,66.96,140.1,11.75,-84.89,-126.78,Bank Transfer,Completed,6
79,2024-08-13,2024,2024-08,33,63,Customer_0063,Female,51,Madrid,Madrid,Southern Europe,Spain,2024-03-03,24,Product_24,Hair,Shampoo,3,27,0.07,5.67,81,75.33,112.92,11.75,-49.34,-65.5,Bank Transfer,Completed,6
319,2024-08-13,2024,2024-08,33,143,Customer_0143,Non-binary,37,Caserta,Campania,Southern Europe,Italy,2023-08-24,30,Product_30,Hair,Shampoo,1,72,0.02,1.44,72,70.56,47.66,9.25,13.65,19.35,Bank Transfer,Completed,3
319,2024-08-13,2024,2024-08,33,143,Customer_0143,Non-binary,37,Caserta,Campania,Southern Europe,Italy,2023-08-24,47,Product_47,Hair,Scalp Care,3,28,0.07,5.88,84,78.12,136.26,11.75,-69.89,-89.46,Bank Transfer,Completed,3
333,2024-08-13,2024,2024-08,33,271,Customer_0271,Male,31,Nice,Provence-Alpes-Cote d'Azur,Western Europe,France,2023-08-29,2,Product_2,Skin,Moisturizer,2,42,0.04,3.36,84,80.64,82.66,8.5,-10.52,-13.05,Card,Completed,3
333,2024-08-13,2024,2024-08,33,271,Customer_0271,Male,31,Nice,Provence-Alpes-Cote d'Azur,Western Europe,France,2023-08-29,48,Product_48,Hair,Shampoo,1,31,0.02,0.62,31,30.38,39.98,7.25,-16.85,-55.46,Card,Completed,3
372,2024-08-13,2024,2024-08,33,272,Customer_0272,Non-binary,38,Caserta,Campania,Southern Europe,Italy,2023-05-21,36,Product_36,Skin,Serum,3,76,0.07,15.96,228,0.0,0.0,8.75,0.0,0.0,Card,Cancelled,1
379,2024-08-13,2024,2024-08,33,154,Customer_0154,Male,32,Sale,Rabat-Sale-Kenitra,North Africa,Morocco,2023-05-27,39,Product_39,Hair,Hair Oil,2,51,0.04,4.08,102,97.92,71.58,11.76,14.58,14.89,Digital Wallet,Completed,4
379,2024-08-13,2024,2024-08,33,154,Customer_0154,Male,32,Sale,Rabat-Sale-Kenitra,North Africa,Morocco,2023-05-27,49,Product_49,Makeup,Lipstick,4,64,0.1,25.6,256,230.4,138.68,14.56,77.16,33.49,Digital Wallet,Completed,4
499,2024-08-13,2024,2024-08,33,76,Customer_0076,Male,60,Girona,Catalonia,Southern Europe,Spain,2023-02-07,4,Product_4,Body,Deodorant,2,65,0.04,5.2,130,124.8,77.36,10.5,36.94,29.6,Cash on Delivery,Completed,4
499,2024-08-13,2024,2024-08,33,76,Customer_0076,Male,60,Girona,Catalonia,Southern Europe,Spain,2023-02-07,24,Product_24,Hair,Shampoo,1,118,0.02,2.36,118,115.64,37.64,9.25,68.75,59.45,Cash on Delivery,Completed,4
499,2024-08-13,2024,2024-08,33,76,Customer_0076,Male,60,Girona,Catalonia,Southern Europe,Spain,2023-02-07,27,Product_27,Makeup,Eyeshadow,4,99,0.1,39.6,396,356.4,175.88,13.0,167.52,47.0,Cash on Delivery,Completed,4
499,2024-08-13,2024,2024-08,33,76,Customer_0076,Male,60,Girona,Catalonia,Southern Europe,Spain,2023-02-07,37,Product_37,Makeup,Lipstick,3,10,0.07,2.1,30,27.9,138.09,11.75,-121.94,-437.06,Cash on Delivery,Completed,4
499,2024-08-13,2024,2024-08,33,76,Customer_0076,Male,60,Girona,Catalonia,Southern Europe,Spain,2023-02-07,47,Product_47,Hair,Scalp Care,4,67,0.1,26.8,268,241.2,181.68,13.0,46.52,19.29,Cash on Delivery,Completed,4
177,2024-08-14,2024,2024-08,33,130,Customer_0130,Male,28,Girona,Catalonia,Southern Europe,Spain,2023-07-26,8,Product_8,Body,Hand Care,2,105,0.04,8.4,210,201.6,93.4,8.5,99.7,49.45,Cash on Delivery,Completed,4
177,2024-08-14,2024,2024-08,33,130,Customer_0130,Male,28,Girona,Catalonia,Southern Europe,Spain,2023-07-26,15,Product_15,Makeup,Eyeshadow,4,90,0.1,36.0,360,324.0,214.08,11.0,98.92,30.53,Cash on Delivery,Completed,4
271,2024-08-14,2024,2024-08,33,49,Customer_0049,Male,35,Girona,Catalonia,Southern Europe,Spain,2024-01-28,7,Product_7,Hair,Conditioner,5,64,0.1,32.0,320,288.0,227.9,14.25,45.85,15.92,Card,Completed,4
271,2024-08-14,2024,2024-08,33,49,Customer_0049,Male,35,Girona,Catalonia,Southern Europe,Spain,2024-01-28,22,Product_22,Makeup,Concealer,2,23,0.04,1.84,46,44.16,85.46,10.5,-51.8,-117.3,Card,Completed,4
271,2024-08-14,2024,2024-08,33,49,Customer_0049,Male,35,Girona,Catalonia,Southern Europe,Spain,2024-01-28,42,Product_42,Skin,Moisturizer,3,34,0.07,7.14,102,94.86,119.91,11.75,-36.8,-38.79,Card,Completed,4
280,2024-08-14,2024,2024-08,33,37,Customer_0037,Male,33,Bergamo,Lombardy,Southern Europe,Italy,2023-08-29,25,Product_25,Hair,Conditioner,4,83,0.1,33.2,332,298.8,214.28,10.0,74.52,24.94,Digital Wallet,Completed,2
357,2024-08-14,2024,2024-08,33,117,Customer_0117,Female,60,Madrid,Madrid,Southern Europe,Spain,2024-04-15,43,Product_43,Hair,Conditioner,3,48,0.07,10.08,144,133.92,123.87,9.75,0.3,0.22,Bank Transfer,Completed,2
357,2024-08-14,2024,2024-08,33,117,Customer_0117,Female,60,Madrid,Madrid,Southern Europe,Spain,2024-04-15,50,Product_50,Skin,Cleanser,1,91,0.02,1.82,91,89.18,55.0,7.25,26.93,30.2,Bank Transfer,Completed,2
491,2024-08-14,2024,2024-08,33,122,Customer_0122,Non-binary,54,Bonn,North Rhine-Westphalia,Central Europe,Germany,2023-06-10,46,Product_46,Makeup,Concealer,5,39,0.1,19.5,195,175.5,222.2,14.25,-60.95,-34.73,Digital Wallet,Completed,3
560,2024-08-15,2024,2024-08,33,143,Customer_0143,Non-binary,37,Caserta,Campania,Southern Europe,Italy,2023-08-24,4,Product_4,Body,Deodorant,5,72,0.1,36.0,360,324.0,193.4,11.25,119.35,36.84,Cash on Delivery,Completed,3
560,2024-08-15,2024,2024-08,33,143,Customer_0143,Non-binary,37,Caserta,Campania,Southern Europe,Italy,2023-08-24,28,Product_28,Hair,Styling,3,55,0.07,11.55,165,153.45,120.87,8.75,23.83,15.53,Cash on Delivery,Completed,3
560,2024-08-15,2024,2024-08,33,143,Customer_0143,Non-binary,37,Caserta,Campania,Southern Europe,Italy,2023-08-24,32,Product_32,Body,Scrub,5,77,0.1,38.5,385,346.5,200.0,11.25,135.25,39.03,Cash on Delivery,Completed,3
560,2024-08-15,2024,2024-08,33,143,Customer_0143,Non-binary,37,Caserta,Campania,Southern Europe,Italy,2023-08-24,40,Product_40,Hair,Styling,4,74,0.1,29.6,296,266.4,200.08,10.0,56.32,21.14,Cash on Delivery,Completed,3
560,2024-08-15,2024,2024-08,33,143,Customer_0143,Non-binary,37,Caserta,Campania,Southern Europe,Italy,2023-08-24,40,Product_40,Hair,Styling,3,53,0.07,11.13,159,147.87,150.06,8.75,-10.94,-7.4,Cash on Delivery,Completed,3
560,2024-08-15,2024,2024-08,33,143,Customer_0143,Non-binary,37,Caserta,Campania,Southern Europe,Italy,2023-08-24,49,Product_49,Makeup,Lipstick,4,73,0.1,29.2,292,262.8,138.68,10.0,114.12,43.42,Cash on Delivery,Completed,3
701,2024-08-15,2024,2024-08,33,133,Customer_0133,Male,49,Potsdam,Berlin,Central Europe,Germany,2023-05-31,14,Product_14,Body,Deodorant,2,61,0.04,4.88,122,117.12,82.96,8.5,25.66,21.91,Bank Transfer,Completed,5
38,2024-08-16,2024,2024-08,33,89,Customer_0089,Non-binary,28,Essaouira,Marrakesh-Safi,North Africa,Morocco,2024-03-04,4,Product_4,Body,Deodorant,1,112,0.02,2.24,112,109.76,38.68,9.24,61.84,56.34,Cash on Delivery,Completed,2
38,2024-08-16,2024,2024-08,33,89,Customer_0089,Non-binary,28,Essaouira,Marrakesh-Safi,North Africa,Morocco,2024-03-04,28,Product_28,Hair,Styling,1,67,0.02,1.34,67,65.66,40.29,9.24,16.13,24.57,Cash on Delivery,Completed,2
38,2024-08-16,2024,2024-08,33,89,Customer_0089,Non-binary,28,Essaouira,Marrakesh-Safi,North Africa,Morocco,2024-03-04,41,Product_41,Skin,Serum,1,42,0.02,0.84,42,41.16,42.47,9.24,-10.55,-25.63,Cash on Delivery,Completed,2
196,2024-08-16,2024,2024-08,33,124,Customer_0124,Male,27,Sale,Rabat-Sale-Kenitra,North Africa,Morocco,2023-01-19,47,Product_47,Hair,Scalp Care,5,61,0.1,30.5,305,0.0,0.0,12.6,0.0,0.0,Card,Cancelled,0
744,2024-08-16,2024,2024-08,33,227,Customer_0227,Non-binary,51,Granada,Andalusia,Southern Europe,Spain,2023-09-21,28,Product_28,Hair,Styling,2,42,0.04,3.36,84,80.64,80.58,7.5,-7.44,-9.23,Cash on Delivery,Completed,3
734,2024-08-18,2024,2024-08,33,154,Customer_0154,Male,32,Sale,Rabat-Sale-Kenitra,North Africa,Morocco,2023-05-27,15,Product_15,Makeup,Eyeshadow,5,88,0.1,44.0,440,396.0,267.6,14.84,113.56,28.68,Card,Completed,4
734,2024-08-18,2024,2024-08,33,154,Customer_0154,Male,32,Sale,Rabat-Sale-Kenitra,North Africa,Morocco,2023-05-27,22,Product_22,Makeup,Concealer,3,60,0.07,12.6,180,167.4,128.19,12.04,27.17,16.23,Card,Completed,4
734,2024-08-18,2024,2024-08,33,154,Customer_0154,Male,32,Sale,Rabat-Sale-Kenitra,North Africa,Morocco,2023-05-27,40,Product_40,Hair,Styling,2,51,0.04,4.08,102,97.92,100.04,10.64,-12.76,-13.03,Card,Completed,4
734,2024-08-18,2024,2024-08,33,154,Customer_0154,Male,32,Sale,Rabat-Sale-Kenitra,North Africa,Morocco,2023-05-27,40,Product_40,Hair,Styling,4,84,0.1,33.6,336,302.4,200.08,13.44,88.88,29.39,Card,Completed,4
737,2024-08-18,2024,2024-08,33,7,Customer_0007,Male,28,Girona,Catalonia,Southern Europe,Spain,2024-04-07,8,Product_8,Body,Hand Care,2,112,0.04,8.96,224,215.04,93.4,8.5,113.14,52.61,Card,Completed,2
162,2024-08-19,2024,2024-08,34,268,Customer_0268,Male,51,Nice,Provence-Alpes-Cote d'Azur,Western Europe,France,2023-05-10,19,Product_19,Makeup,Lipstick,4,42,0.12,20.16,168,0.0,0.0,12.0,0.0,0.0,Bank Transfer,Returned,2
162,2024-08-19,2024,2024-08,34,268,Customer_0268,Male,51,Nice,Provence-Alpes-Cote d'Azur,Western Europe,France,2023-05-10,47,Product_47,Hair,Scalp Care,4,107,0.12,51.36,428,0.0,0.0,12.0,0.0,0.0,Bank Transfer,Returned,2
842,2024-08-19,2024,2024-08,34,95,Customer_0095,Non-binary,29,Granada,Andalusia,Southern Europe,Spain,2023-11-23,29,Product_29,Makeup,Blush,2,11,0.04,0.88,22,21.12,65.8,9.5,-54.18,-256.53,Digital Wallet,Completed,3
452,2024-08-20,2024,2024-08,34,151,Customer_0151,Male,52,Potsdam,Berlin,Central Europe,Germany,2023-06-06,11,Product_11,Makeup,Blush,4,70,0.1,28.0,280,0.0,0.0,10.0,0.0,0.0,Cash on Delivery,Cancelled,3
452,2024-08-20,2024,2024-08,34,151,Customer_0151,Male,52,Potsdam,Berlin,Central Europe,Germany,2023-06-06,14,Product_14,Body,Deodorant,2,61,0.04,4.88,122,0.0,0.0,7.5,0.0,0.0,Cash on Delivery,Cancelled,3
452,2024-08-20,2024,2024-08,34,151,Customer_0151,Male,52,Potsdam,Berlin,Central Europe,Germany,2023-06-06,14,Product_14,Body,Deodorant,4,93,0.1,37.2,372,0.0,0.0,10.0,0.0,0.0,Cash on Delivery,Cancelled,3
452,2024-08-20,2024,2024-08,34,151,Customer_0151,Male,52,Potsdam,Berlin,Central Europe,Germany,2023-06-06,21,Product_21,Hair,Hair Oil,1,84,0.02,1.68,84,0.0,0.0,6.25,0.0,0.0,Cash on Delivery,Cancelled,3
452,2024-08-20,2024,2024-08,34,151,Customer_0151,Male,52,Potsdam,Berlin,Central Europe,Germany,2023-06-06,26,Product_26,Makeup,Mascara,4,29,0.1,11.6,116,0.0,0.0,10.0,0.0,0.0,Cash on Delivery,Cancelled,3
452,2024-08-20,2024,2024-08,34,151,Customer_0151,Male,52,Potsdam,Berlin,Central Europe,Germany,2023-06-06,44,Product_44,Body,Deodorant,4,98,0.1,39.2,392,0.0,0.0,10.0,0.0,0.0,Cash on Delivery,Cancelled,3
604,2024-08-20,2024,2024-08,34,267,Customer_0267,Female,44,Madrid,Madrid,Southern Europe,Spain,2024-02-15,25,Product_25,Hair,Conditioner,4,46,0.1,18.4,184,165.6,214.28,10.0,-58.68,-35.43,Cash on Delivery,Completed,2
71,2024-08-21,2024,2024-08,34,188,Customer_0188,Non-binary,24,Bonn,North Rhine-Westphalia,Central Europe,Germany,2023-07-30,22,Product_22,Makeup,Concealer,3,41,0.07,8.61,123,114.39,128.19,11.75,-25.55,-22.34,Cash on Delivery,Completed,2
71,2024-08-21,2024,2024-08,34,188,Customer_0188,Non-binary,24,Bonn,North Rhine-Westphalia,Central Europe,Germany,2023-07-30,40,Product_40,Hair,Styling,1,37,0.02,0.74,37,36.26,50.02,9.25,-23.01,-63.46,Cash on Delivery,Completed,2
821,2024-08-21,2024,2024-08,34,90,Customer_0090,Female,35,Rome,Lazio,Southern Europe,Italy,2023-08-23,45,Product_45,Body,Body Wash,4,87,0.1,34.8,348,313.2,192.24,11.0,109.96,35.11,Cash on Delivery,Completed,4
821,2024-08-21,2024,2024-08,34,90,Customer_0090,Female,35,Rome,Lazio,Southern Europe,Italy,2023-08-23,46,Product_46,Makeup,Concealer,1,71,0.02,1.42,71,69.58,44.44,7.25,17.89,25.71,Cash on Delivery,Completed,4
105,2024-08-22,2024,2024-08,34,218,Customer_0218,Non-binary,29,Bonn,North Rhine-Westphalia,Central Europe,Germany,2024-04-12,6,Product_6,Body,Body Lotion,5,57,0.1,28.5,285,256.5,225.85,12.25,18.4,7.17,Cash on Delivery,Completed,4
430,2024-08-22,2024,2024-08,34,35,Customer_0035,Non-binary,60,Granada,Andalusia,Southern Europe,Spain,2023-11-14,46,Product_46,Makeup,Concealer,3,106,0.07,22.26,318,295.74,133.32,10.75,151.67,51.28,Digital Wallet,Completed,3
289,2024-08-23,2024,2024-08,34,161,Customer_0161,Non-binary,40,Bonn,North Rhine-Westphalia,Central Europe,Germany,2023-12-24,13,Product_13,Skin,Sunscreen,4,36,0.12,17.28,144,0.0,0.0,11.0,0.0,0.0,Bank Transfer,Returned,2
289,2024-08-23,2024,2024-08,34,161,Customer_0161,Non-binary,40,Bonn,North Rhine-Westphalia,Central Europe,Germany,2023-12-24,23,Product_23,Body,Hand Care,5,61,0.12,36.6,305,0.0,0.0,12.25,0.0,0.0,Bank Transfer,Returned,2
289,2024-08-23,2024,2024-08,34,161,Customer_0161,Non-binary,40,Bonn,North Rhine-Westphalia,Central Europe,Germany,2023-12-24,47,Product_47,Hair,Scalp Care,3,50,0.09,13.5,150,0.0,0.0,9.75,0.0,0.0,Bank Transfer,Returned,2
516,2024-08-23,2024,2024-08,34,145,Customer_0145,Male,51,Nice,Provence-Alpes-Cote d'Azur,Western Europe,France,2023-06-07,31,Product_31,Body,Body Lotion,3,56,0.07,11.76,168,156.24,155.04,8.75,-7.55,-4.83,Digital Wallet,Completed,5
516,2024-08-23,2024,2024-08,34,145,Customer_0145,Male,51,Nice,Provence-Alpes-Cote d'Azur,Western Europe,France,2023-06-07,50,Product_50,Skin,Cleanser,2,99,0.04,7.92,198,190.08,110.0,7.5,72.58,38.18,Digital Wallet,Completed,5
558,2024-08-23,2024,2024-08,34,233,Customer_0233,Non-binary,52,Granada,Andalusia,Southern Europe,Spain,2023-05-29,3,Product_3,Hair,Hair Oil,2,82,0.04,6.56,164,157.44,78.34,9.5,69.6,44.21,Cash on Delivery,Completed,6
558,2024-08-23,2024,2024-08,34,233,Customer_0233,Non-binary,52,Granada,Andalusia,Southern Europe,Spain,2023-05-29,9,Product_9,Makeup,Eyeshadow,5,87,0.1,43.5,435,391.5,161.75,13.25,216.5,55.3,Cash on Delivery,Completed,6
558,2024-08-23,2024,2024-08,34,233,Customer_0233,Non-binary,52,Granada,Andalusia,Southern Europe,Spain,2023-05-29,41,Product_41,Skin,Serum,5,104,0.1,52.0,520,468.0,212.35,13.25,242.4,51.79,Cash on Delivery,Completed,6
558,2024-08-23,2024,2024-08,34,233,Customer_0233,Non-binary,52,Granada,Andalusia,Southern Europe,Spain,2023-05-29,43,Product_43,Hair,Conditioner,1,38,0.02,0.76,38,37.24,41.29,8.25,-12.3,-33.03,Cash on Delivery,Completed,6
99,2024-08-24,2024,2024-08,34,35,Customer_0035,Non-binary,60,Granada,Andalusia,Southern Europe,Spain,2023-11-14,7,Product_7,Hair,Conditioner,3,118,0.09,31.86,354,0.0,0.0,11.75,0.0,0.0,Bank Transfer,Returned,3
138,2024-08-24,2024,2024-08,34,44,Customer_0044,Non-binary,41,Annecy,Auvergne-Rhone-Alpes,Western Europe,France,2023-02-04,8,Product_8,Body,Hand Care,2,65,0.04,5.2,130,124.8,93.4,9.5,21.9,17.55,Bank Transfer,Completed,3
138,2024-08-24,2024,2024-08,34,44,Customer_0044,Non-binary,41,Annecy,Auvergne-Rhone-Alpes,Western Europe,France,2023-02-04,27,Product_27,Makeup,Eyeshadow,1,37,0.02,0.74,37,36.26,43.97,8.25,-15.96,-44.02,Bank Transfer,Completed,3
405,2024-08-24,2024,2024-08,34,147,Customer_0147,Female,24,Munich,Bavaria,Central Europe,Germany,2024-05-08,26,Product_26,Makeup,Mascara,2,40,0.04,3.2,80,76.8,87.56,8.5,-19.26,-25.08,Card,Completed,4
405,2024-08-24,2024,2024-08,34,147,Customer_0147,Female,24,Munich,Bavaria,Central Europe,Germany,2024-05-08,34,Product_34,Hair,Styling,4,92,0.1,36.8,368,331.2,133.48,11.0,186.72,56.38,Card,Completed,4
657,2024-08-25,2024,2024-08,34,286,Customer_0286,Male,54,Girona,Catalonia,Southern Europe,Spain,2023-10-06,30,Product_30,Hair,Shampoo,1,42,0.02,0.84,42,41.16,47.66,7.25,-13.75,-33.41,Cash on Delivery,Completed,6
175,2024-08-26,2024,2024-08,35,225,Customer_0225,Female,37,Casablanca,Casablanca-Settat,North Africa,Morocco,2023-03-02,10,Product_10,Hair,Styling,3,71,0.07,14.91,213,0.0,0.0,13.16,0.0,0.0,Card,Cancelled,1
175,2024-08-26,2024,2024-08,35,225,Customer_0225,Female,37,Casablanca,Casablanca-Settat,North Africa,Morocco,2023-03-02,12,Product_12,Skin,Moisturizer,2,79,0.04,6.32,158,0.0,0.0,11.76,0.0,0.0,Card,Cancelled,1
175,2024-08-26,2024,2024-08,35,225,Customer_0225,Female,37,Casablanca,Casablanca-Settat,North Africa,Morocco,2023-03-02,26,Product_26,Makeup,Mascara,2,56,0.04,4.48,112,0.0,0.0,11.76,0.0,0.0,Card,Cancelled,1
175,2024-08-26,2024,2024-08,35,225,Customer_0225,Female,37,Casablanca,Casablanca-Settat,North Africa,Morocco,2023-03-02,46,Product_46,Makeup,Concealer,4,34,0.1,13.6,136,0.0,0.0,14.56,0.0,0.0,Card,Cancelled,1
175,2024-08-26,2024,2024-08,35,225,Customer_0225,Female,37,Casablanca,Casablanca-Settat,North Africa,Morocco,2023-03-02,47,Product_47,Hair,Scalp Care,1,109,0.02,2.18,109,0.0,0.0,10.36,0.0,0.0,Card,Cancelled,1
290,2024-08-26,2024,2024-08,35,256,Customer_0256,Male,49,Potsdam,Berlin,Central Europe,Germany,2023-06-03,18,Product_18,Makeup,Foundation,2,93,0.04,7.44,186,178.56,84.64,9.5,84.42,47.28,Bank Transfer,Completed,2
290,2024-08-26,2024,2024-08,35,256,Customer_0256,Male,49,Potsdam,Berlin,Central Europe,Germany,2023-06-03,19,Product_19,Makeup,Lipstick,1,25,0.02,0.5,25,24.5,34.26,8.25,-18.01,-73.51,Bank Transfer,Completed,2
290,2024-08-26,2024,2024-08,35,256,Customer_0256,Male,49,Potsdam,Berlin,Central Europe,Germany,2023-06-03,20,Product_20,Hair,Hair Mask,4,102,0.1,40.8,408,367.2,198.36,12.0,156.84,42.71,Bank Transfer,Completed,2
943,2024-08-26,2024,2024-08,35,287,Customer_0287,Non-binary,20,Annecy,Auvergne-Rhone-Alpes,Western Europe,France,2023-05-11,34,Product_34,Hair,Styling,3,40,0.07,8.4,120,0.0,0.0,11.75,0.0,0.0,Bank Transfer,Cancelled,0
721,2024-08-27,2024,2024-08,35,257,Customer_0257,Non-binary,56,Caserta,Campania,Southern Europe,Italy,2023-09-06,4,Product_4,Body,Deodorant,5,29,0.12,17.4,145,0.0,0.0,12.25,0.0,0.0,Bank Transfer,Returned,3
721,2024-08-27,2024,2024-08,35,257,Customer_0257,Non-binary,56,Caserta,Campania,Southern Europe,Italy,2023-09-06,6,Product_6,Body,Body Lotion,2,61,0.06,7.32,122,0.0,0.0,8.5,0.0,0.0,Bank Transfer,Returned,3
721,2024-08-27,2024,2024-08,35,257,Customer_0257,Non-binary,56,Caserta,Campania,Southern Europe,Italy,2023-09-06,18,Product_18,Makeup,Foundation,3,81,0.09,21.87,243,0.0,0.0,9.75,0.0,0.0,Bank Transfer,Returned,3
721,2024-08-27,2024,2024-08,35,257,Customer_0257,Non-binary,56,Caserta,Campania,Southern Europe,Italy,2023-09-06,26,Product_26,Makeup,Mascara,3,29,0.09,7.83,87,0.0,0.0,9.75,0.0,0.0,Bank Transfer,Returned,3
721,2024-08-27,2024,2024-08,35,257,Customer_0257,Non-binary,56,Caserta,Campania,Southern Europe,Italy,2023-09-06,29,Product_29,Makeup,Blush,2,98,0.06,11.76,196,0.0,0.0,8.5,0.0,0.0,Bank Transfer,Returned,3
721,2024-08-27,2024,2024-08,35,257,Customer_0257,Non-binary,56,Caserta,Campania,Southern Europe,Italy,2023-09-06,40,Product_40,Hair,Styling,2,60,0.06,7.2,120,0.0,0.0,8.5,0.0,0.0,Bank Transfer,Returned,3
336,2024-08-28,2024,2024-08,35,264,Customer_0264,Female,23,Paris,Ile-de-France,Western Europe,France,2023-01-02,25,Product_25,Hair,Conditioner,2,101,0.04,8.08,202,193.92,107.14,7.5,79.28,40.88,Card,Completed,4
336,2024-08-28,2024,2024-08,35,264,Customer_0264,Female,23,Paris,Ile-de-France,Western Europe,France,2023-01-02,26,Product_26,Makeup,Mascara,4,118,0.1,47.2,472,424.8,175.12,10.0,239.68,56.42,Card,Completed,4
336,2024-08-28,2024,2024-08,35,264,Customer_0264,Female,23,Paris,Ile-de-France,Western Europe,France,2023-01-02,39,Product_39,Hair,Hair Oil,3,45,0.07,9.45,135,125.55,107.37,8.75,9.43,7.51,Card,Completed,4
348,2024-08-28,2024,2024-08,35,106,Customer_0106,Male,24,Nice,Provence-Alpes-Cote d'Azur,Western Europe,France,2023-05-09,40,Product_40,Hair,Styling,5,45,0.1,22.5,225,202.5,250.1,11.25,-58.85,-29.06,Bank Transfer,Completed,2
965,2024-08-28,2024,2024-08,35,90,Customer_0090,Female,35,Rome,Lazio,Southern Europe,Italy,2023-08-23,9,Product_9,Makeup,Eyeshadow,5,91,0.1,45.5,455,409.5,161.75,12.25,235.5,57.51,Cash on Delivery,Completed,4
965,2024-08-28,2024,2024-08,35,90,Customer_0090,Female,35,Rome,Lazio,Southern Europe,Italy,2023-08-23,35,Product_35,Skin,Cleanser,2,72,0.04,5.76,144,138.24,99.36,8.5,30.38,21.98,Cash on Delivery,Completed,4
599,2024-08-29,2024,2024-08,35,65,Customer_0065,Non-binary,24,Annecy,Auvergne-Rhone-Alpes,Western Europe,France,2023-08-31,46,Product_46,Makeup,Concealer,1,77,0.02,1.54,77,75.46,44.44,9.25,21.77,28.85,Card,Completed,3
801,2024-08-29,2024,2024-08,35,4,Customer_0004,Male,48,Nice,Provence-Alpes-Cote d'Azur,Western Europe,France,2023-01-03,21,Product_21,Hair,Hair Oil,3,57,0.07,11.97,171,159.03,145.32,9.75,3.96,2.49,Digital Wallet,Completed,4
330,2024-08-30,2024,2024-08,35,58,Customer_0058,Male,57,Sale,Rabat-Sale-Kenitra,North Africa,Morocco,2023-12-05,35,Product_35,Skin,Cleanser,3,80,0.07,16.8,240,223.2,149.04,12.04,62.12,27.83,Card,Completed,4
653,2024-08-30,2024,2024-08,35,252,Customer_0252,Female,21,Munich,Bavaria,Central Europe,Germany,2023-12-28,33,Product_33,Hair,Hair Oil,4,106,0.1,42.4,424,0.0,0.0,11.0,0.0,0.0,Digital Wallet,Cancelled,5
653,2024-08-30,2024,2024-08,35,252,Customer_0252,Female,21,Munich,Bavaria,Central Europe,Germany,2023-12-28,48,Product_48,Hair,Shampoo,1,83,0.02,1.66,83,0.0,0.0,7.25,0.0,0.0,Digital Wallet,Cancelled,5
677,2024-08-30,2024,2024-08,35,43,Customer_0043,Male,34,Nice,Provence-Alpes-Cote d'Azur,Western Europe,France,2023-06-22,20,Product_20,Hair,Hair Mask,4,76,0.1,30.4,304,273.6,198.36,11.0,64.24,23.48,Card,Completed,2
677,2024-08-30,2024,2024-08,35,43,Customer_0043,Male,34,Nice,Provence-Alpes-Cote d'Azur,Western Europe,France,2023-06-22,26,Product_26,Makeup,Mascara,4,102,0.1,40.8,408,367.2,175.12,11.0,181.08,49.31,Card,Completed,2
677,2024-08-30,2024,2024-08,35,43,Customer_0043,Male,34,Nice,Provence-Alpes-Cote d'Azur,Western Europe,France,2023-06-22,45,Product_45,Body,Body Wash,5,39,0.1,19.5,195,175.5,240.3,12.25,-77.05,-43.9,Card,Completed,2
178,2024-08-31,2024,2024-08,35,53,Customer_0053,Non-binary,22,Annecy,Auvergne-Rhone-Alpes,Western Europe,France,2023-11-04,3,Product_3,Hair,Hair Oil,5,48,0.1,24.0,240,216.0,195.85,13.25,6.9,3.19,Cash on Delivery,Completed,5
178,2024-08-31,2024,2024-08,35,53,Customer_0053,Non-binary,22,Annecy,Auvergne-Rhone-Alpes,Western Europe,France,2023-11-04,31,Product_31,Body,Body Lotion,4,114,0.1,45.6,456,410.4,206.72,12.0,191.68,46.71,Cash on Delivery,Completed,5
285,2024-09-01,2024,2024-09,35,188,Customer_0188,Non-binary,24,Bonn,North Rhine-Westphalia,Central Europe,Germany,2023-07-30,25,Product_25,Hair,Conditioner,2,118,0.04,9.44,236,226.56,107.14,8.5,110.92,48.96,Digital Wallet,Completed,2
792,2024-09-01,2024,2024-09,35,243,Customer_0243,Female,40,Paris,Ile-de-France,Western Europe,France,2024-03-10,1,Product_1,Body,Body Lotion,4,14,0.1,5.6,56,50.4,181.32,10.0,-140.92,-279.6,Cash on Delivery,Completed,3
792,2024-09-01,2024,2024-09,35,243,Customer_0243,Female,40,Paris,Ile-de-France,Western Europe,France,2024-03-10,8,Product_8,Body,Hand Care,5,85,0.1,42.5,425,382.5,233.5,11.25,137.75,36.01,Cash on Delivery,Completed,3
792,2024-09-01,2024,2024-09,35,243,Customer_0243,Female,40,Paris,Ile-de-France,Western Europe,France,2024-03-10,10,Product_10,Hair,Styling,2,103,0.04,8.24,206,197.76,109.64,7.5,80.62,40.77,Cash on Delivery,Completed,3
867,2024-09-01,2024,2024-09,35,295,Customer_0295,Male,35,Nice,Provence-Alpes-Cote d'Azur,Western Europe,France,2024-03-05,26,Product_26,Makeup,Mascara,4,49,0.12,23.52,196,0.0,0.0,13.0,0.0,0.0,Bank Transfer,Returned,0
103,2024-09-02,2024,2024-09,36,257,Customer_0257,Non-binary,56,Caserta,Campania,Southern Europe,Italy,2023-09-06,35,Product_35,Skin,Cleanser,3,33,0.07,6.93,99,92.07,149.04,11.75,-68.72,-74.64,Card,Completed,3
169,2024-09-02,2024,2024-09,36,113,Customer_0113,Non-binary,32,Granada,Andalusia,Southern Europe,Spain,2024-04-12,31,Product_31,Body,Body Lotion,4,79,0.1,31.6,316,284.4,206.72,11.0,66.68,23.45,Bank Transfer,Completed,6
31,2024-09-03,2024,2024-09,36,55,Customer_0055,Male,36,Bergamo,Lombardy,Southern Europe,Italy,2024-05-04,3,Product_3,Hair,Hair Oil,1,94,0.02,1.88,94,92.12,39.17,9.25,43.7,47.44,Bank Transfer,Completed,2
31,2024-09-03,2024,2024-09,36,55,Customer_0055,Male,36,Bergamo,Lombardy,Southern Europe,Italy,2024-05-04,19,Product_19,Makeup,Lipstick,1,20,0.02,0.4,20,19.6,34.26,9.25,-23.91,-121.99,Bank Transfer,Completed,2
31,2024-09-03,2024,2024-09,36,55,Customer_0055,Male,36,Bergamo,Lombardy,Southern Europe,Italy,2024-05-04,28,Product_28,Hair,Styling,3,95,0.07,19.95,285,265.05,120.87,11.75,132.43,49.96,Bank Transfer,Completed,2
275,2024-09-03,2024,2024-09,36,158,Customer_0158,Non-binary,60,Caserta,Campania,Southern Europe,Italy,2024-01-02,39,Product_39,Hair,Hair Oil,4,104,0.1,41.6,416,374.4,143.16,13.0,218.24,58.29,Digital Wallet,Completed,4
36,2024-09-05,2024,2024-09,36,167,Customer_0167,Non-binary,41,Essaouira,Marrakesh-Safi,North Africa,Morocco,2023-11-23,32,Product_32,Body,Scrub,3,36,0.07,7.56,108,100.44,120.0,9.8,-29.36,-29.23,Cash on Delivery,Completed,1
433,2024-09-05,2024,2024-09,36,264,Customer_0264,Female,23,Paris,Ile-de-France,Western Europe,France,2023-01-02,28,Product_28,Hair,Styling,1,27,0.02,0.54,27,26.46,40.29,7.25,-21.08,-79.67,Digital Wallet,Completed,4
433,2024-09-05,2024,2024-09,36,264,Customer_0264,Female,23,Paris,Ile-de-France,Western Europe,France,2023-01-02,31,Product_31,Body,Body Lotion,2,88,0.04,7.04,176,168.96,103.36,8.5,57.1,33.79,Digital Wallet,Completed,4
433,2024-09-05,2024,2024-09,36,264,Customer_0264,Female,23,Paris,Ile-de-France,Western Europe,France,2023-01-02,34,Product_34,Hair,Styling,3,10,0.07,2.1,30,27.9,100.11,9.75,-81.96,-293.76,Digital Wallet,Completed,4
173,2024-09-06,2024,2024-09,36,54,Customer_0054,Female,29,Casablanca,Casablanca-Settat,North Africa,Morocco,2023-06-12,18,Product_18,Makeup,Foundation,1,60,0.02,1.2,60,58.8,42.32,8.12,8.36,14.22,Cash on Delivery,Completed,5
173,2024-09-06,2024,2024-09,36,54,Customer_0054,Female,29,Casablanca,Casablanca-Settat,North Africa,Morocco,2023-06-12,36,Product_36,Skin,Serum,3,48,0.07,10.08,144,133.92,162.21,10.92,-39.21,-29.28,Cash on Delivery,Completed,5
236,2024-09-06,2024,2024-09,36,227,Customer_0227,Non-binary,51,Granada,Andalusia,Southern Europe,Spain,2023-09-21,2,Product_2,Skin,Moisturizer,5,26,0.1,13.0,130,117.0,206.65,11.25,-100.9,-86.24,Cash on Delivery,Completed,3
236,2024-09-06,2024,2024-09,36,227,Customer_0227,Non-binary,51,Granada,Andalusia,Southern Europe,Spain,2023-09-21,28,Product_28,Hair,Styling,1,26,0.02,0.52,26,25.48,40.29,6.25,-21.06,-82.65,Cash on Delivery,Completed,3
698,2024-09-06,2024,2024-09,36,170,Customer_0170,Non-binary,21,Essaouira,Marrakesh-Safi,North Africa,Morocco,2023-09-07,9,Product_9,Makeup,Eyeshadow,2,110,0.04,8.8,220,211.2,64.7,10.64,135.86,64.33,Card,Completed,4
698,2024-09-06,2024,2024-09,36,170,Customer_0170,Non-binary,21,Essaouira,Marrakesh-Safi,North Africa,Morocco,2023-09-07,20,Product_20,Hair,Hair Mask,2,15,0.04,1.2,30,28.8,99.18,10.64,-81.02,-281.32,Card,Completed,4
698,2024-09-06,2024,2024-09,36,170,Customer_0170,Non-binary,21,Essaouira,Marrakesh-Safi,North Africa,Morocco,2023-09-07,37,Product_37,Makeup,Lipstick,5,31,0.1,15.5,155,139.5,230.15,14.84,-105.49,-75.62,Card,Completed,4
274,2024-09-07,2024,2024-09,36,220,Customer_0220,Male,43,Nice,Provence-Alpes-Cote d'Azur,Western Europe,France,2024-01-29,9,Product_9,Makeup,Eyeshadow,2,15,0.04,1.2,30,28.8,64.7,9.5,-45.4,-157.64,Bank Transfer,Completed,5
274,2024-09-07,2024,2024-09,36,220,Customer_0220,Male,43,Nice,Provence-Alpes-Cote d'Azur,Western Europe,France,2024-01-29,34,Product_34,Hair,Styling,5,51,0.1,25.5,255,229.5,166.85,13.25,49.4,21.53,Bank Transfer,Completed,5
274,2024-09-07,2024,2024-09,36,220,Customer_0220,Male,43,Nice,Provence-Alpes-Cote d'Azur,Western Europe,France,2024-01-29,42,Product_42,Skin,Moisturizer,5,55,0.1,27.5,275,247.5,199.85,13.25,34.4,13.9,Bank Transfer,Completed,5
383,2024-09-07,2024,2024-09,36,285,Customer_0285,Female,47,Madrid,Madrid,Southern Europe,Spain,2023-07-21,22,Product_22,Makeup,Concealer,1,46,0.02,0.92,46,45.08,42.73,9.25,-6.9,-15.31,Card,Completed,4
383,2024-09-07,2024,2024-09,36,285,Customer_0285,Female,47,Madrid,Madrid,Southern Europe,Spain,2023-07-21,34,Product_34,Hair,Styling,3,67,0.07,14.07,201,186.93,100.11,11.75,75.07,40.16,Card,Completed,4
490,2024-09-07,2024,2024-09,36,223,Customer_0223,Male,23,Girona,Catalonia,Southern Europe,Spain,2023-12-15,14,Product_14,Body,Deodorant,2,106,0.04,8.48,212,203.52,82.96,9.5,111.06,54.57,Digital Wallet,Completed,4
490,2024-09-07,2024,2024-09,36,223,Customer_0223,Male,23,Girona,Catalonia,Southern Europe,Spain,2023-12-15,23,Product_23,Body,Hand Care,2,63,0.04,5.04,126,120.96,84.68,9.5,26.78,22.14,Digital Wallet,Completed,4
490,2024-09-07,2024,2024-09,36,223,Customer_0223,Male,23,Girona,Catalonia,Southern Europe,Spain,2023-12-15,41,Product_41,Skin,Serum,1,40,0.02,0.8,40,39.2,42.47,8.25,-11.52,-29.39,Digital Wallet,Completed,4
636,2024-09-07,2024,2024-09,36,250,Customer_0250,Male,48,Potsdam,Berlin,Central Europe,Germany,2023-06-07,8,Product_8,Body,Hand Care,1,110,0.02,2.2,110,107.8,46.7,6.25,54.85,50.88,Bank Transfer,Completed,2
781,2024-09-07,2024,2024-09,36,289,Customer_0289,Male,34,Bergamo,Lombardy,Southern Europe,Italy,2023-05-28,8,Product_8,Body,Hand Care,5,43,0.1,21.5,215,193.5,233.5,12.25,-52.25,-27.0,Bank Transfer,Completed,4
781,2024-09-07,2024,2024-09,36,289,Customer_0289,Male,34,Bergamo,Lombardy,Southern Europe,Italy,2023-05-28,15,Product_15,Makeup,Eyeshadow,1,75,0.02,1.5,75,73.5,53.52,7.25,12.73,17.32,Bank Transfer,Completed,4
781,2024-09-07,2024,2024-09,36,289,Customer_0289,Male,34,Bergamo,Lombardy,Southern Europe,Italy,2023-05-28,41,Product_41,Skin,Serum,1,48,0.02,0.96,48,47.04,42.47,7.25,-2.68,-5.7,Bank Transfer,Completed,4
803,2024-09-07,2024,2024-09,36,118,Customer_0118,Male,26,Sale,Rabat-Sale-Kenitra,North Africa,Morocco,2023-04-19,22,Product_22,Makeup,Concealer,4,102,0.1,40.8,408,367.2,170.92,14.56,181.72,49.49,Digital Wallet,Completed,5
803,2024-09-07,2024,2024-09,36,118,Customer_0118,Male,26,Sale,Rabat-Sale-Kenitra,North Africa,Morocco,2023-04-19,32,Product_32,Body,Scrub,5,61,0.1,30.5,305,274.5,200.0,15.96,58.54,21.33,Digital Wallet,Completed,5
803,2024-09-07,2024,2024-09,36,118,Customer_0118,Male,26,Sale,Rabat-Sale-Kenitra,North Africa,Morocco,2023-04-19,39,Product_39,Hair,Hair Oil,4,118,0.1,47.2,472,424.8,143.16,14.56,267.08,62.87,Digital Wallet,Completed,5
803,2024-09-07,2024,2024-09,36,118,Customer_0118,Male,26,Sale,Rabat-Sale-Kenitra,North Africa,Morocco,2023-04-19,42,Product_42,Skin,Moisturizer,1,77,0.02,1.54,77,75.46,39.97,10.36,25.13,33.3,Digital Wallet,Completed,5
33,2024-09-11,2024,2024-09,37,131,Customer_0131,Non-binary,35,Granada,Andalusia,Southern Europe,Spain,2024-04-08,29,Product_29,Makeup,Blush,3,80,0.07,16.8,240,223.2,98.7,9.75,114.75,51.41,Card,Completed,3
33,2024-09-11,2024,2024-09,37,131,Customer_0131,Non-binary,35,Granada,Andalusia,Southern Europe,Spain,2024-04-08,44,Product_44,Body,Deodorant,3,74,0.07,15.54,222,206.46,109.98,9.75,86.73,42.01,Card,Completed,3
77,2024-09-12,2024,2024-09,37,129,Customer_0129,Female,21,Paris,Ile-de-France,Western Europe,France,2024-03-29,26,Product_26,Makeup,Mascara,3,56,0.07,11.76,168,156.24,131.34,9.75,15.15,9.7,Bank Transfer,Completed,3
6,2024-09-13,2024,2024-09,37,21,Customer_0021,Female,44,Paris,Ile-de-France,Western Europe,France,2023-01-17,15,Product_15,Makeup,Eyeshadow,3,52,0.07,10.92,156,145.08,160.56,10.75,-26.23,-18.08,Cash on Delivery,Completed,1
760,2024-09-13,2024,2024-09,37,25,Customer_0025,Male,31,Bergamo,Lombardy,Southern Europe,Italy,2023-01-31,3,Product_3,Hair,Hair Oil,5,107,0.12,64.2,535,0.0,0.0,11.25,0.0,0.0,Digital Wallet,Returned,3
760,2024-09-13,2024,2024-09,37,25,Customer_0025,Male,31,Bergamo,Lombardy,Southern Europe,Italy,2023-01-31,10,Product_10,Hair,Styling,1,107,0.04,4.28,107,0.0,0.0,6.25,0.0,0.0,Digital Wallet,Returned,3
760,2024-09-13,2024,2024-09,37,25,Customer_0025,Male,31,Bergamo,Lombardy,Southern Europe,Italy,2023-01-31,17,Product_17,Hair,Scalp Care,1,80,0.04,3.2,80,0.0,0.0,6.25,0.0,0.0,Digital Wallet,Returned,3
442,2024-09-14,2024,2024-09,37,277,Customer_0277,Male,32,Potsdam,Berlin,Central Europe,Germany,2023-07-19,15,Product_15,Makeup,Eyeshadow,1,88,0.02,1.76,88,86.24,53.52,8.25,24.47,28.37,Cash on Delivery,Completed,6
442,2024-09-14,2024,2024-09,37,277,Customer_0277,Male,32,Potsdam,Berlin,Central Europe,Germany,2023-07-19,18,Product_18,Makeup,Foundation,2,101,0.04,8.08,202,193.92,84.64,9.5,99.78,51.45,Cash on Delivery,Completed,6
337,2024-09-15,2024,2024-09,37,53,Customer_0053,Non-binary,22,Annecy,Auvergne-Rhone-Alpes,Western Europe,France,2023-11-04,28,Product_28,Hair,Styling,5,49,0.1,24.5,245,220.5,201.45,12.25,6.8,3.08,Bank Transfer,Completed,5
337,2024-09-15,2024,2024-09,37,53,Customer_0053,Non-binary,22,Annecy,Auvergne-Rhone-Alpes,Western Europe,France,2023-11-04,40,Product_40,Hair,Styling,2,90,0.04,7.2,180,172.8,100.04,8.5,64.26,37.19,Bank Transfer,Completed,5
323,2024-09-16,2024,2024-09,38,51,Customer_0051,Female,49,Munich,Bavaria,Central Europe,Germany,2024-02-03,24,Product_24,Hair,Shampoo,1,56,0.02,1.12,56,54.88,37.64,9.25,7.99,14.56,Bank Transfer,Completed,4
75,2024-09-17,2024,2024-09,38,65,Customer_0065,Non-binary,24,Annecy,Auvergne-Rhone-Alpes,Western Europe,France,2023-08-31,1,Product_1,Body,Body Lotion,4,33,0.1,13.2,132,118.8,181.32,13.0,-75.52,-63.57,Card,Completed,3
75,2024-09-17,2024,2024-09,38,65,Customer_0065,Non-binary,24,Annecy,Auvergne-Rhone-Alpes,Western Europe,France,2023-08-31,39,Product_39,Hair,Hair Oil,2,28,0.04,2.24,56,53.76,71.58,10.5,-28.32,-52.68,Card,Completed,3
340,2024-09-17,2024,2024-09,38,5,Customer_0005,Non-binary,55,Caserta,Campania,Southern Europe,Italy,2024-02-05,7,Product_7,Hair,Conditioner,2,61,0.04,4.88,122,117.12,91.16,7.5,18.46,15.76,Digital Wallet,Completed,6
340,2024-09-17,2024,2024-09,38,5,Customer_0005,Non-binary,55,Caserta,Campania,Southern Europe,Italy,2024-02-05,18,Product_18,Makeup,Foundation,1,86,0.02,1.72,86,84.28,42.32,6.25,35.71,42.37,Digital Wallet,Completed,6
340,2024-09-17,2024,2024-09,38,5,Customer_0005,Non-binary,55,Caserta,Campania,Southern Europe,Italy,2024-02-05,26,Product_26,Makeup,Mascara,5,12,0.1,6.0,60,54.0,218.9,11.25,-176.15,-326.2,Digital Wallet,Completed,6
340,2024-09-17,2024,2024-09,38,5,Customer_0005,Non-binary,55,Caserta,Campania,Southern Europe,Italy,2024-02-05,40,Product_40,Hair,Styling,3,52,0.07,10.92,156,145.08,150.06,8.75,-13.73,-9.46,Digital Wallet,Completed,6
378,2024-09-17,2024,2024-09,38,76,Customer_0076,Male,60,Girona,Catalonia,Southern Europe,Spain,2023-02-07,12,Product_12,Skin,Moisturizer,1,83,0.02,1.66,83,81.34,43.44,8.25,29.65,36.45,Bank Transfer,Completed,4
378,2024-09-17,2024,2024-09,38,76,Customer_0076,Male,60,Girona,Catalonia,Southern Europe,Spain,2023-02-07,41,Product_41,Skin,Serum,5,52,0.1,26.0,260,234.0,212.35,13.25,8.4,3.59,Bank Transfer,Completed,4
378,2024-09-17,2024,2024-09,38,76,Customer_0076,Male,60,Girona,Catalonia,Southern Europe,Spain,2023-02-07,42,Product_42,Skin,Moisturizer,3,40,0.07,8.4,120,111.6,119.91,10.75,-19.06,-17.08,Bank Transfer,Completed,4
745,2024-09-17,2024,2024-09,38,15,Customer_0015,Female,43,Casablanca,Casablanca-Settat,North Africa,Morocco,2023-09-01,24,Product_24,Hair,Shampoo,3,20,0.07,4.2,60,55.8,112.92,10.92,-68.04,-121.94,Card,Completed,3
745,2024-09-17,2024,2024-09,38,15,Customer_0015,Female,43,Casablanca,Casablanca-Settat,North Africa,Morocco,2023-09-01,46,Product_46,Makeup,Concealer,1,99,0.02,1.98,99,97.02,44.44,8.12,44.46,45.83,Card,Completed,3
745,2024-09-17,2024,2024-09,38,15,Customer_0015,Female,43,Casablanca,Casablanca-Settat,North Africa,Morocco,2023-09-01,47,Product_47,Hair,Scalp Care,2,77,0.04,6.16,154,147.84,90.84,9.52,47.48,32.12,Card,Completed,3
338,2024-09-18,2024,2024-09,38,60,Customer_0060,Female,30,Madrid,Madrid,Southern Europe,Spain,2024-04-15,4,Product_4,Body,Deodorant,2,50,0.04,4.0,100,96.0,77.36,9.5,9.14,9.52,Bank Transfer,Completed,2
338,2024-09-18,2024,2024-09,38,60,Customer_0060,Female,30,Madrid,Madrid,Southern Europe,Spain,2024-04-15,17,Product_17,Hair,Scalp Care,2,64,0.04,5.12,128,122.88,89.1,9.5,24.28,19.76,Bank Transfer,Completed,2
338,2024-09-18,2024,2024-09,38,60,Customer_0060,Female,30,Madrid,Madrid,Southern Europe,Spain,2024-04-15,37,Product_37,Makeup,Lipstick,4,97,0.1,38.8,388,349.2,184.12,12.0,153.08,43.84,Bank Transfer,Completed,2
338,2024-09-18,2024,2024-09,38,60,Customer_0060,Female,30,Madrid,Madrid,Southern Europe,Spain,2024-04-15,46,Product_46,Makeup,Concealer,2,37,0.04,2.96,74,71.04,88.88,9.5,-27.34,-38.49,Bank Transfer,Completed,2
407,2024-09-18,2024,2024-09,38,257,Customer_0257,Non-binary,56,Caserta,Campania,Southern Europe,Italy,2023-09-06,41,Product_41,Skin,Serum,4,63,0.1,25.2,252,226.8,169.88,13.0,43.92,19.37,Card,Completed,3
622,2024-09-18,2024,2024-09,38,145,Customer_0145,Male,51,Nice,Provence-Alpes-Cote d'Azur,Western Europe,France,2023-06-07,4,Product_4,Body,Deodorant,3,46,0.07,9.66,138,128.34,116.04,10.75,1.55,1.21,Cash on Delivery,Completed,5
622,2024-09-18,2024,2024-09,38,145,Customer_0145,Male,51,Nice,Provence-Alpes-Cote d'Azur,Western Europe,France,2023-06-07,34,Product_34,Hair,Styling,2,102,0.04,8.16,204,195.84,66.74,9.5,119.6,61.07,Cash on Delivery,Completed,5
622,2024-09-18,2024,2024-09,38,145,Customer_0145,Male,51,Nice,Provence-Alpes-Cote d'Azur,Western Europe,France,2023-06-07,45,Product_45,Body,Body Wash,4,82,0.1,32.8,328,295.2,192.24,12.0,90.96,30.81,Cash on Delivery,Completed,5
704,2024-09-18,2024,2024-09,38,46,Customer_0046,Male,55,Bergamo,Lombardy,Southern Europe,Italy,2023-12-25,9,Product_9,Makeup,Eyeshadow,2,89,0.04,7.12,178,170.88,64.7,7.5,98.68,57.75,Bank Transfer,Completed,3
57,2024-09-19,2024,2024-09,38,202,Customer_0202,Male,40,Girona,Catalonia,Southern Europe,Spain,2023-02-18,26,Product_26,Makeup,Mascara,2,78,0.04,6.24,156,149.76,87.56,8.5,53.7,35.86,Cash on Delivery,Completed,2
957,2024-09-19,2024,2024-09,38,137,Customer_0137,Non-binary,36,Annecy,Auvergne-Rhone-Alpes,Western Europe,France,2023-04-15,4,Product_4,Body,Deodorant,4,21,0.1,8.4,84,75.6,154.72,11.0,-90.12,-119.21,Bank Transfer,Completed,3
43,2024-09-20,2024,2024-09,38,92,Customer_0092,Non-binary,49,Granada,Andalusia,Southern Europe,Spain,2023-09-01,4,Product_4,Body,Deodorant,1,12,0.02,0.24,12,11.76,38.68,9.25,-36.17,-307.57,Cash on Delivery,Completed,3
43,2024-09-20,2024,2024-09,38,92,Customer_0092,Non-binary,49,Granada,Andalusia,Southern Europe,Spain,2023-09-01,12,Product_12,Skin,Moisturizer,2,53,0.04,4.24,106,101.76,86.88,10.5,4.38,4.3,Cash on Delivery,Completed,3
43,2024-09-20,2024,2024-09,38,92,Customer_0092,Non-binary,49,Granada,Andalusia,Southern Europe,Spain,2023-09-01,27,Product_27,Makeup,Eyeshadow,2,108,0.04,8.64,216,207.36,87.94,10.5,108.92,52.53,Cash on Delivery,Completed,3
216,2024-09-20,2024,2024-09,38,2,Customer_0002,Non-binary,34,Caserta,Campania,Southern Europe,Italy,2023-02-10,13,Product_13,Skin,Sunscreen,5,84,0.12,50.4,420,0.0,0.0,11.25,0.0,0.0,Bank Transfer,Returned,1
628,2024-09-20,2024,2024-09,38,205,Customer_0205,Male,20,Sale,Rabat-Sale-Kenitra,North Africa,Morocco,2023-10-24,16,Product_16,Makeup,Concealer,2,29,0.04,2.32,58,55.68,106.5,8.4,-59.22,-106.36,Digital Wallet,Completed,2
628,2024-09-20,2024,2024-09,38,205,Customer_0205,Male,20,Sale,Rabat-Sale-Kenitra,North Africa,Morocco,2023-10-24,30,Product_30,Hair,Shampoo,5,59,0.1,29.5,295,265.5,238.3,12.6,14.6,5.5,Digital Wallet,Completed,2
628,2024-09-20,2024,2024-09,38,205,Customer_0205,Male,20,Sale,Rabat-Sale-Kenitra,North Africa,Morocco,2023-10-24,36,Product_36,Skin,Serum,3,22,0.07,4.62,66,61.38,162.21,9.8,-110.63,-180.24,Digital Wallet,Completed,2
628,2024-09-20,2024,2024-09,38,205,Customer_0205,Male,20,Sale,Rabat-Sale-Kenitra,North Africa,Morocco,2023-10-24,40,Product_40,Hair,Styling,4,13,0.1,5.2,52,46.8,200.08,11.2,-164.48,-351.45,Digital Wallet,Completed,2
763,2024-09-20,2024,2024-09,38,233,Customer_0233,Non-binary,52,Granada,Andalusia,Southern Europe,Spain,2023-05-29,34,Product_34,Hair,Styling,2,93,0.04,7.44,186,178.56,66.74,10.5,101.32,56.74,Card,Completed,6
763,2024-09-20,2024,2024-09,38,233,Customer_0233,Non-binary,52,Granada,Andalusia,Southern Europe,Spain,2023-05-29,50,Product_50,Skin,Cleanser,2,34,0.04,2.72,68,65.28,110.0,10.5,-55.22,-84.59,Card,Completed,6
825,2024-09-20,2024,2024-09,38,139,Customer_0139,Male,50,Nice,Provence-Alpes-Cote d'Azur,Western Europe,France,2024-03-08,10,Product_10,Hair,Styling,2,16,0.04,1.28,32,30.72,109.64,8.5,-87.42,-284.57,Card,Completed,1
825,2024-09-20,2024,2024-09,38,139,Customer_0139,Male,50,Nice,Provence-Alpes-Cote d'Azur,Western Europe,France,2024-03-08,18,Product_18,Makeup,Foundation,4,85,0.1,34.0,340,306.0,169.28,11.0,125.72,41.08,Card,Completed,1
825,2024-09-20,2024,2024-09,38,139,Customer_0139,Male,50,Nice,Provence-Alpes-Cote d'Azur,Western Europe,France,2024-03-08,18,Product_18,Makeup,Foundation,3,66,0.07,13.86,198,184.14,126.96,9.75,47.43,25.76,Card,Completed,1
825,2024-09-20,2024,2024-09,38,139,Customer_0139,Male,50,Nice,Provence-Alpes-Cote d'Azur,Western Europe,France,2024-03-08,19,Product_19,Makeup,Lipstick,2,82,0.04,6.56,164,157.44,68.52,8.5,80.42,51.08,Card,Completed,1
825,2024-09-20,2024,2024-09,38,139,Customer_0139,Male,50,Nice,Provence-Alpes-Cote d'Azur,Western Europe,France,2024-03-08,29,Product_29,Makeup,Blush,1,28,0.02,0.56,28,27.44,32.9,7.25,-12.71,-46.32,Card,Completed,1
825,2024-09-20,2024,2024-09,38,139,Customer_0139,Male,50,Nice,Provence-Alpes-Cote d'Azur,Western Europe,France,2024-03-08,38,Product_38,Makeup,Mascara,5,34,0.1,17.0,170,153.0,212.95,12.25,-72.2,-47.19,Card,Completed,1
825,2024-09-20,2024,2024-09,38,139,Customer_0139,Male,50,Nice,Provence-Alpes-Cote d'Azur,Western Europe,France,2024-03-08,47,Product_47,Hair,Scalp Care,4,47,0.1,18.8,188,169.2,181.68,11.0,-23.48,-13.88,Card,Completed,1
825,2024-09-20,2024,2024-09,38,139,Customer_0139,Male,50,Nice,Provence-Alpes-Cote d'Azur,Western Europe,France,2024-03-08,49,Product_49,Makeup,Lipstick,2,38,0.04,3.04,76,72.96,69.34,8.5,-4.88,-6.69,Card,Completed,1
901,2024-09-21,2024,2024-09,38,123,Customer_0123,Female,20,Madrid,Madrid,Southern Europe,Spain,2024-03-14,14,Product_14,Body,Deodorant,2,57,0.04,4.56,114,109.44,82.96,8.5,17.98,16.43,Card,Completed,1
901,2024-09-21,2024,2024-09,38,123,Customer_0123,Female,20,Madrid,Madrid,Southern Europe,Spain,2024-03-14,31,Product_31,Body,Body Lotion,1,42,0.02,0.84,42,41.16,51.68,7.25,-17.77,-43.17,Card,Completed,1
901,2024-09-21,2024,2024-09,38,123,Customer_0123,Female,20,Madrid,Madrid,Southern Europe,Spain,2024-03-14,44,Product_44,Body,Deodorant,5,42,0.1,21.0,210,189.0,183.3,12.25,-6.55,-3.47,Card,Completed,1
21,2024-09-22,2024,2024-09,38,253,Customer_0253,Male,28,Sale,Rabat-Sale-Kenitra,North Africa,Morocco,2023-05-19,22,Product_22,Makeup,Concealer,3,104,0.07,21.84,312,290.16,128.19,10.92,151.05,52.06,Bank Transfer,Completed,3
231,2024-09-22,2024,2024-09,38,116,Customer_0116,Non-binary,53,Annecy,Auvergne-Rhone-Alpes,Western Europe,France,2023-07-16,6,Product_6,Body,Body Lotion,1,41,0.02,0.82,41,40.18,45.17,9.25,-14.24,-35.44,Cash on Delivery,Completed,1
756,2024-09-22,2024,2024-09,38,25,Customer_0025,Male,31,Bergamo,Lombardy,Southern Europe,Italy,2023-01-31,27,Product_27,Makeup,Eyeshadow,5,67,0.1,33.5,335,301.5,219.85,11.25,70.4,23.35,Digital Wallet,Completed,3
756,2024-09-22,2024,2024-09,38,25,Customer_0025,Male,31,Bergamo,Lombardy,Southern Europe,Italy,2023-01-31,42,Product_42,Skin,Moisturizer,2,98,0.04,7.84,196,188.16,79.94,7.5,100.72,53.53,Digital Wallet,Completed,3
155,2024-09-23,2024,2024-09,39,152,Customer_0152,Non-binary,59,Essaouira,Marrakesh-Safi,North Africa,Morocco,2023-09-15,3,Product_3,Hair,Hair Oil,3,43,0.07,9.03,129,119.97,117.51,13.16,-10.7,-8.92,Cash on Delivery,Completed,6
155,2024-09-23,2024,2024-09,39,152,Customer_0152,Non-binary,59,Essaouira,Marrakesh-Safi,North Africa,Morocco,2023-09-15,9,Product_9,Makeup,Eyeshadow,5,42,0.1,21.0,210,189.0,161.75,15.96,11.29,5.97,Cash on Delivery,Completed,6
155,2024-09-23,2024,2024-09,39,152,Customer_0152,Non-binary,59,Essaouira,Marrakesh-Safi,North Africa,Morocco,2023-09-15,43,Product_43,Hair,Conditioner,2,114,0.04,9.12,228,218.88,82.58,11.76,124.54,56.9,Cash on Delivery,Completed,6
365,2024-09-23,2024,2024-09,39,290,Customer_0290,Non-binary,41,Bonn,North Rhine-Westphalia,Central Europe,Germany,2024-04-02,1,Product_1,Body,Body Lotion,1,45,0.02,0.9,45,44.1,45.33,7.25,-8.48,-19.23,Cash on Delivery,Completed,2
584,2024-09-23,2024,2024-09,39,220,Customer_0220,Male,43,Nice,Provence-Alpes-Cote d'Azur,Western Europe,France,2024-01-29,26,Product_26,Makeup,Mascara,4,102,0.1,40.8,408,0.0,0.0,10.0,0.0,0.0,Card,Cancelled,5
584,2024-09-23,2024,2024-09,39,220,Customer_0220,Male,43,Nice,Provence-Alpes-Cote d'Azur,Western Europe,France,2024-01-29,45,Product_45,Body,Body Wash,1,49,0.02,0.98,49,0.0,0.0,6.25,0.0,0.0,Card,Cancelled,5
897,2024-09-23,2024,2024-09,39,196,Customer_0196,Male,39,Girona,Catalonia,Southern Europe,Spain,2023-09-16,19,Product_19,Makeup,Lipstick,1,68,0.02,1.36,68,66.64,34.26,7.25,25.13,37.71,Digital Wallet,Completed,3
897,2024-09-23,2024,2024-09,39,196,Customer_0196,Male,39,Girona,Catalonia,Southern Europe,Spain,2023-09-16,27,Product_27,Makeup,Eyeshadow,4,95,0.1,38.0,380,342.0,175.88,11.0,155.12,45.36,Digital Wallet,Completed,3
897,2024-09-23,2024,2024-09,39,196,Customer_0196,Male,39,Girona,Catalonia,Southern Europe,Spain,2023-09-16,43,Product_43,Hair,Conditioner,2,101,0.04,8.08,202,193.92,82.58,8.5,102.84,53.03,Digital Wallet,Completed,3
137,2024-09-24,2024,2024-09,39,108,Customer_0108,Female,38,Rome,Lazio,Southern Europe,Italy,2023-06-04,7,Product_7,Hair,Conditioner,5,22,0.1,11.0,110,99.0,227.9,12.25,-141.15,-142.58,Digital Wallet,Completed,2
137,2024-09-24,2024,2024-09,39,108,Customer_0108,Female,38,Rome,Lazio,Southern Europe,Italy,2023-06-04,12,Product_12,Skin,Moisturizer,3,50,0.07,10.5,150,139.5,130.32,9.75,-0.57,-0.41,Digital Wallet,Completed,2
137,2024-09-24,2024,2024-09,39,108,Customer_0108,Female,38,Rome,Lazio,Southern Europe,Italy,2023-06-04,26,Product_26,Makeup,Mascara,1,10,0.02,0.2,10,9.8,43.78,7.25,-41.23,-420.71,Digital Wallet,Completed,2
137,2024-09-24,2024,2024-09,39,108,Customer_0108,Female,38,Rome,Lazio,Southern Europe,Italy,2023-06-04,30,Product_30,Hair,Shampoo,1,84,0.02,1.68,84,82.32,47.66,7.25,27.41,33.3,Digital Wallet,Completed,2
137,2024-09-24,2024,2024-09,39,108,Customer_0108,Female,38,Rome,Lazio,Southern Europe,Italy,2023-06-04,42,Product_42,Skin,Moisturizer,4,19,0.1,7.6,76,68.4,159.88,11.0,-102.48,-149.82,Digital Wallet,Completed,2
276,2024-09-25,2024,2024-09,39,46,Customer_0046,Male,55,Bergamo,Lombardy,Southern Europe,Italy,2023-12-25,1,Product_1,Body,Body Lotion,5,59,0.1,29.5,295,265.5,226.65,11.25,27.6,10.4,Bank Transfer,Completed,3
276,2024-09-25,2024,2024-09,39,46,Customer_0046,Male,55,Bergamo,Lombardy,Southern Europe,Italy,2023-12-25,1,Product_1,Body,Body Lotion,3,92,0.07,19.32,276,256.68,135.99,8.75,111.94,43.61,Bank Transfer,Completed,3
276,2024-09-25,2024,2024-09,39,46,Customer_0046,Male,55,Bergamo,Lombardy,Southern Europe,Italy,2023-12-25,20,Product_20,Hair,Hair Mask,5,97,0.1,48.5,485,436.5,247.95,11.25,177.3,40.62,Bank Transfer,Completed,3
276,2024-09-25,2024,2024-09,39,46,Customer_0046,Male,55,Bergamo,Lombardy,Southern Europe,Italy,2023-12-25,35,Product_35,Skin,Cleanser,1,81,0.02,1.62,81,79.38,49.68,6.25,23.45,29.54,Bank Transfer,Completed,3
358,2024-09-25,2024,2024-09,39,279,Customer_0279,Female,46,Madrid,Madrid,Southern Europe,Spain,2024-01-25,1,Product_1,Body,Body Lotion,2,110,0.04,8.8,220,211.2,90.66,9.5,111.04,52.58,Digital Wallet,Completed,2
418,2024-09-25,2024,2024-09,39,179,Customer_0179,Non-binary,43,Granada,Andalusia,Southern Europe,Spain,2023-05-08,20,Product_20,Hair,Hair Mask,4,39,0.1,15.6,156,140.4,198.36,12.0,-69.96,-49.83,Digital Wallet,Completed,5
865,2024-09-25,2024,2024-09,39,89,Customer_0089,Non-binary,28,Essaouira,Marrakesh-Safi,North Africa,Morocco,2024-03-04,18,Product_18,Makeup,Foundation,2,39,0.04,3.12,78,74.88,84.64,9.52,-19.28,-25.75,Bank Transfer,Completed,2
237,2024-09-26,2024,2024-09,39,112,Customer_0112,Male,25,Potsdam,Berlin,Central Europe,Germany,2024-04-25,7,Product_7,Hair,Conditioner,5,100,0.1,50.0,500,450.0,227.9,12.25,209.85,46.63,Digital Wallet,Completed,2
237,2024-09-26,2024,2024-09,39,112,Customer_0112,Male,25,Potsdam,Berlin,Central Europe,Germany,2024-04-25,14,Product_14,Body,Deodorant,3,114,0.07,23.94,342,318.06,124.44,9.75,183.87,57.81,Digital Wallet,Completed,2
484,2024-09-26,2024,2024-09,39,57,Customer_0057,Female,50,Rome,Lazio,Southern Europe,Italy,2023-11-03,3,Product_3,Hair,Hair Oil,2,20,0.04,1.6,40,38.4,78.34,7.5,-47.44,-123.54,Digital Wallet,Completed,1
484,2024-09-26,2024,2024-09,39,57,Customer_0057,Female,50,Rome,Lazio,Southern Europe,Italy,2023-11-03,38,Product_38,Makeup,Mascara,5,56,0.1,28.0,280,252.0,212.95,11.25,27.8,11.03,Digital Wallet,Completed,1
753,2024-09-26,2024,2024-09,39,86,Customer_0086,Non-binary,48,Essaouira,Marrakesh-Safi,North Africa,Morocco,2024-02-17,8,Product_8,Body,Hand Care,1,80,0.02,1.6,80,78.4,46.7,8.12,23.58,30.08,Cash on Delivery,Completed,3
753,2024-09-26,2024,2024-09,39,86,Customer_0086,Non-binary,48,Essaouira,Marrakesh-Safi,North Africa,Morocco,2024-02-17,12,Product_12,Skin,Moisturizer,3,86,0.07,18.06,258,239.94,130.32,10.92,98.7,41.14,Cash on Delivery,Completed,3
753,2024-09-26,2024,2024-09,39,86,Customer_0086,Non-binary,48,Essaouira,Marrakesh-Safi,North Africa,Morocco,2024-02-17,34,Product_34,Hair,Styling,4,63,0.1,25.2,252,226.8,133.48,12.32,81.0,35.71,Cash on Delivery,Completed,3
753,2024-09-26,2024,2024-09,39,86,Customer_0086,Non-binary,48,Essaouira,Marrakesh-Safi,North Africa,Morocco,2024-02-17,42,Product_42,Skin,Moisturizer,4,84,0.1,33.6,336,302.4,159.88,12.32,130.2,43.06,Cash on Delivery,Completed,3
753,2024-09-26,2024,2024-09,39,86,Customer_0086,Non-binary,48,Essaouira,Marrakesh-Safi,North Africa,Morocco,2024-02-17,45,Product_45,Body,Body Wash,1,35,0.02,0.7,35,34.3,48.06,8.12,-21.88,-63.79,Cash on Delivery,Completed,3
504,2024-09-27,2024,2024-09,39,7,Customer_0007,Male,28,Girona,Catalonia,Southern Europe,Spain,2024-04-07,6,Product_6,Body,Body Lotion,1,69,0.02,1.38,69,67.62,45.17,6.25,16.2,23.96,Cash on Delivery,Completed,2
504,2024-09-27,2024,2024-09,39,7,Customer_0007,Male,28,Girona,Catalonia,Southern Europe,Spain,2024-04-07,21,Product_21,Hair,Hair Oil,2,98,0.04,7.84,196,188.16,96.88,7.5,83.78,44.53,Cash on Delivery,Completed,2
504,2024-09-27,2024,2024-09,39,7,Customer_0007,Male,28,Girona,Catalonia,Southern Europe,Spain,2024-04-07,22,Product_22,Makeup,Concealer,3,102,0.07,21.42,306,284.58,128.19,8.75,147.64,51.88,Cash on Delivery,Completed,2
504,2024-09-27,2024,2024-09,39,7,Customer_0007,Male,28,Girona,Catalonia,Southern Europe,Spain,2024-04-07,29,Product_29,Makeup,Blush,3,64,0.07,13.44,192,178.56,98.7,8.75,71.11,39.82,Cash on Delivery,Completed,2
504,2024-09-27,2024,2024-09,39,7,Customer_0007,Male,28,Girona,Catalonia,Southern Europe,Spain,2024-04-07,34,Product_34,Hair,Styling,5,20,0.1,10.0,100,90.0,166.85,11.25,-88.1,-97.89,Cash on Delivery,Completed,2
534,2024-09-27,2024,2024-09,39,126,Customer_0126,Female,41,Paris,Ile-de-France,Western Europe,France,2023-07-24,7,Product_7,Hair,Conditioner,2,28,0.04,2.24,56,53.76,91.16,9.5,-46.9,-87.24,Card,Completed,6
534,2024-09-27,2024,2024-09,39,126,Customer_0126,Female,41,Paris,Ile-de-France,Western Europe,France,2023-07-24,28,Product_28,Hair,Styling,1,83,0.02,1.66,83,81.34,40.29,8.25,32.8,40.32,Card,Completed,6
917,2024-09-27,2024,2024-09,39,115,Customer_0115,Male,46,Bergamo,Lombardy,Southern Europe,Italy,2023-12-22,3,Product_3,Hair,Hair Oil,1,108,0.04,4.32,108,0.0,0.0,7.25,0.0,0.0,Card,Returned,1
917,2024-09-27,2024,2024-09,39,115,Customer_0115,Male,46,Bergamo,Lombardy,Southern Europe,Italy,2023-12-22,11,Product_11,Makeup,Blush,1,93,0.04,3.72,93,0.0,0.0,7.25,0.0,0.0,Card,Returned,1
917,2024-09-27,2024,2024-09,39,115,Customer_0115,Male,46,Bergamo,Lombardy,Southern Europe,Italy,2023-12-22,14,Product_14,Body,Deodorant,1,116,0.04,4.64,116,0.0,0.0,7.25,0.0,0.0,Card,Returned,1
917,2024-09-27,2024,2024-09,39,115,Customer_0115,Male,46,Bergamo,Lombardy,Southern Europe,Italy,2023-12-22,24,Product_24,Hair,Shampoo,2,109,0.06,13.08,218,0.0,0.0,8.5,0.0,0.0,Card,Returned,1
917,2024-09-27,2024,2024-09,39,115,Customer_0115,Male,46,Bergamo,Lombardy,Southern Europe,Italy,2023-12-22,36,Product_36,Skin,Serum,2,85,0.06,10.2,170,0.0,0.0,8.5,0.0,0.0,Card,Returned,1
982,2024-09-27,2024,2024-09,39,150,Customer_0150,Female,45,Casablanca,Casablanca-Settat,North Africa,Morocco,2024-02-07,3,Product_3,Hair,Hair Oil,5,57,0.1,28.5,285,256.5,195.85,14.84,45.81,17.86,Card,Completed,3
982,2024-09-27,2024,2024-09,39,150,Customer_0150,Female,45,Casablanca,Casablanca-Settat,North Africa,Morocco,2024-02-07,36,Product_36,Skin,Serum,2,86,0.04,6.88,172,165.12,108.14,10.64,46.34,28.06,Card,Completed,3
288,2024-09-28,2024,2024-09,39,253,Customer_0253,Male,28,Sale,Rabat-Sale-Kenitra,North Africa,Morocco,2023-05-19,37,Product_37,Makeup,Lipstick,4,108,0.1,43.2,432,0.0,0.0,11.2,0.0,0.0,Digital Wallet,Cancelled,3
557,2024-09-29,2024,2024-09,39,47,Customer_0047,Non-binary,21,Caserta,Campania,Southern Europe,Italy,2024-01-16,40,Product_40,Hair,Styling,1,110,0.04,4.4,110,0.0,0.0,7.25,0.0,0.0,Card,Returned,3
278,2024-09-30,2024,2024-09,40,99,Customer_0099,Female,57,Rome,Lazio,Southern Europe,Italy,2024-01-09,42,Product_42,Skin,Moisturizer,5,35,0.1,17.5,175,157.5,199.85,13.25,-55.6,-35.3,Digital Wallet,Completed,7
278,2024-09-30,2024,2024-09,40,99,Customer_0099,Female,57,Rome,Lazio,Southern Europe,Italy,2024-01-09,48,Product_48,Hair,Shampoo,5,19,0.1,9.5,95,85.5,199.9,13.25,-127.65,-149.3,Digital Wallet,Completed,7
533,2024-09-30,2024,2024-09,40,220,Customer_0220,Male,43,Nice,Provence-Alpes-Cote d'Azur,Western Europe,France,2024-01-29,25,Product_25,Hair,Conditioner,1,109,0.02,2.18,109,106.82,53.57,7.25,46.0,43.06,Digital Wallet,Completed,5
533,2024-09-30,2024,2024-09,40,220,Customer_0220,Male,43,Nice,Provence-Alpes-Cote d'Azur,Western Europe,France,2024-01-29,33,Product_33,Hair,Hair Oil,5,34,0.1,17.0,170,153.0,214.9,12.25,-74.15,-48.46,Digital Wallet,Completed,5
533,2024-09-30,2024,2024-09,40,220,Customer_0220,Male,43,Nice,Provence-Alpes-Cote d'Azur,Western Europe,France,2024-01-29,44,Product_44,Body,Deodorant,3,106,0.07,22.26,318,295.74,109.98,9.75,176.01,59.52,Digital Wallet,Completed,5
573,2024-09-30,2024,2024-09,40,136,Customer_0136,Male,29,Girona,Catalonia,Southern Europe,Spain,2023-07-01,4,Product_4,Body,Deodorant,2,81,0.04,6.48,162,155.52,77.36,8.5,69.66,44.79,Digital Wallet,Completed,3
573,2024-09-30,2024,2024-09,40,136,Customer_0136,Male,29,Girona,Catalonia,Southern Europe,Spain,2023-07-01,13,Product_13,Skin,Sunscreen,2,44,0.04,3.52,88,84.48,91.82,8.5,-15.84,-18.75,Digital Wallet,Completed,3
573,2024-09-30,2024,2024-09,40,136,Customer_0136,Male,29,Girona,Catalonia,Southern Europe,Spain,2023-07-01,30,Product_30,Hair,Shampoo,5,12,0.1,6.0,60,54.0,238.3,12.25,-196.55,-363.98,Digital Wallet,Completed,3
573,2024-09-30,2024,2024-09,40,136,Customer_0136,Male,29,Girona,Catalonia,Southern Europe,Spain,2023-07-01,40,Product_40,Hair,Styling,4,116,0.1,46.4,464,417.6,200.08,11.0,206.52,49.45,Digital Wallet,Completed,3
573,2024-09-30,2024,2024-09,40,136,Customer_0136,Male,29,Girona,Catalonia,Southern Europe,Spain,2023-07-01,44,Product_44,Body,Deodorant,4,48,0.1,19.2,192,172.8,146.64,11.0,15.16,8.77,Digital Wallet,Completed,3
202,2024-10-01,2024,2024-10,40,148,Customer_0148,Male,31,Sale,Rabat-Sale-Kenitra,North Africa,Morocco,2024-04-02,3,Product_3,Hair,Hair Oil,5,74,0.1,37.0,370,333.0,195.85,14.84,122.31,36.73,Bank Transfer,Completed,4
202,2024-10-01,2024,2024-10,40,148,Customer_0148,Male,31,Sale,Rabat-Sale-Kenitra,North Africa,Morocco,2024-04-02,28,Product_28,Hair,Styling,1,94,0.02,1.88,94,92.12,40.29,9.24,42.59,46.23,Bank Transfer,Completed,4
937,2024-10-01,2024,2024-10,40,171,Customer_0171,Female,28,Rome,Lazio,Southern Europe,Italy,2023-07-09,13,Product_13,Skin,Sunscreen,3,74,0.07,15.54,222,206.46,137.73,9.75,58.98,28.57,Card,Completed,1
937,2024-10-01,2024,2024-10,40,171,Customer_0171,Female,28,Rome,Lazio,Southern Europe,Italy,2023-07-09,20,Product_20,Hair,Hair Mask,5,65,0.1,32.5,325,292.5,247.95,12.25,32.3,11.04,Card,Completed,1
937,2024-10-01,2024,2024-10,40,171,Customer_0171,Female,28,Rome,Lazio,Southern Europe,Italy,2023-07-09,28,Product_28,Hair,Styling,4,21,0.1,8.4,84,75.6,161.16,11.0,-96.56,-127.72,Card,Completed,1
799,2024-10-02,2024,2024-10,40,220,Customer_0220,Male,43,Nice,Provence-Alpes-Cote d'Azur,Western Europe,France,2024-01-29,33,Product_33,Hair,Hair Oil,4,86,0.1,34.4,344,309.6,171.92,13.0,124.68,40.27,Cash on Delivery,Completed,5
799,2024-10-02,2024,2024-10,40,220,Customer_0220,Male,43,Nice,Provence-Alpes-Cote d'Azur,Western Europe,France,2024-01-29,35,Product_35,Skin,Cleanser,2,32,0.04,2.56,64,61.44,99.36,10.5,-48.42,-78.81,Cash on Delivery,Completed,5
572,2024-10-03,2024,2024-10,40,90,Customer_0090,Female,35,Rome,Lazio,Southern Europe,Italy,2023-08-23,34,Product_34,Hair,Styling,2,115,0.04,9.2,230,220.8,66.74,7.5,146.56,66.38,Bank Transfer,Completed,4
977,2024-10-03,2024,2024-10,40,198,Customer_0198,Female,53,Munich,Bavaria,Central Europe,Germany,2023-05-02,2,Product_2,Skin,Moisturizer,3,75,0.07,15.75,225,0.0,0.0,9.75,0.0,0.0,Cash on Delivery,Cancelled,4
104,2024-10-04,2024,2024-10,40,5,Customer_0005,Non-binary,55,Caserta,Campania,Southern Europe,Italy,2024-02-05,14,Product_14,Body,Deodorant,1,119,0.02,2.38,119,0.0,0.0,6.25,0.0,0.0,Digital Wallet,Cancelled,6
104,2024-10-04,2024,2024-10,40,5,Customer_0005,Non-binary,55,Caserta,Campania,Southern Europe,Italy,2024-02-05,21,Product_21,Hair,Hair Oil,1,118,0.02,2.36,118,0.0,0.0,6.25,0.0,0.0,Digital Wallet,Cancelled,6
104,2024-10-04,2024,2024-10,40,5,Customer_0005,Non-binary,55,Caserta,Campania,Southern Europe,Italy,2024-02-05,25,Product_25,Hair,Conditioner,1,76,0.02,1.52,76,0.0,0.0,6.25,0.0,0.0,Digital Wallet,Cancelled,6
104,2024-10-04,2024,2024-10,40,5,Customer_0005,Non-binary,55,Caserta,Campania,Southern Europe,Italy,2024-02-05,47,Product_47,Hair,Scalp Care,4,59,0.1,23.6,236,0.0,0.0,10.0,0.0,0.0,Digital Wallet,Cancelled,6
470,2024-10-04,2024,2024-10,40,233,Customer_0233,Non-binary,52,Granada,Andalusia,Southern Europe,Spain,2023-05-29,48,Product_48,Hair,Shampoo,3,55,0.07,11.55,165,153.45,119.94,10.75,22.76,14.83,Cash on Delivery,Completed,6
877,2024-10-05,2024,2024-10,40,145,Customer_0145,Male,51,Nice,Provence-Alpes-Cote d'Azur,Western Europe,France,2023-06-07,18,Product_18,Makeup,Foundation,5,69,0.1,34.5,345,310.5,211.6,12.25,86.65,27.91,Bank Transfer,Completed,5
877,2024-10-05,2024,2024-10,40,145,Customer_0145,Male,51,Nice,Provence-Alpes-Cote d'Azur,Western Europe,France,2023-06-07,47,Product_47,Hair,Scalp Care,2,62,0.04,4.96,124,119.04,90.84,8.5,19.7,16.55,Bank Transfer,Completed,5
84,2024-10-06,2024,2024-10,40,261,Customer_0261,Female,43,Casablanca,Casablanca-Settat,North Africa,Morocco,2023-10-31,11,Product_11,Makeup,Blush,2,97,0.04,7.76,194,186.24,95.44,8.4,82.4,44.24,Digital Wallet,Completed,3
84,2024-10-06,2024,2024-10,40,261,Customer_0261,Female,43,Casablanca,Casablanca-Settat,North Africa,Morocco,2023-10-31,27,Product_27,Makeup,Eyeshadow,2,119,0.04,9.52,238,228.48,87.94,8.4,132.14,57.83,Digital Wallet,Completed,3
84,2024-10-06,2024,2024-10,40,261,Customer_0261,Female,43,Casablanca,Casablanca-Settat,North Africa,Morocco,2023-10-31,47,Product_47,Hair,Scalp Care,5,30,0.1,15.0,150,135.0,227.1,12.6,-104.7,-77.56,Digital Wallet,Completed,3
100,2024-10-07,2024,2024-10,41,227,Customer_0227,Non-binary,51,Granada,Andalusia,Southern Europe,Spain,2023-09-21,11,Product_11,Makeup,Blush,2,33,0.04,2.64,66,0.0,0.0,7.5,0.0,0.0,Cash on Delivery,Cancelled,3
100,2024-10-07,2024,2024-10,41,227,Customer_0227,Non-binary,51,Granada,Andalusia,Southern Europe,Spain,2023-09-21,24,Product_24,Hair,Shampoo,3,62,0.07,13.02,186,0.0,0.0,8.75,0.0,0.0,Cash on Delivery,Cancelled,3
100,2024-10-07,2024,2024-10,41,227,Customer_0227,Non-binary,51,Granada,Andalusia,Southern Europe,Spain,2023-09-21,32,Product_32,Body,Scrub,1,98,0.02,1.96,98,0.0,0.0,6.25,0.0,0.0,Cash on Delivery,Cancelled,3
100,2024-10-07,2024,2024-10,41,227,Customer_0227,Non-binary,51,Granada,Andalusia,Southern Europe,Spain,2023-09-21,38,Product_38,Makeup,Mascara,1,26,0.02,0.52,26,0.0,0.0,6.25,0.0,0.0,Cash on Delivery,Cancelled,3
530,2024-10-07,2024,2024-10,41,173,Customer_0173,Non-binary,42,Essaouira,Marrakesh-Safi,North Africa,Morocco,2024-04-28,3,Product_3,Hair,Hair Oil,2,60,0.04,4.8,120,115.2,78.34,10.64,26.22,22.76,Cash on Delivery,Completed,4
530,2024-10-07,2024,2024-10,41,173,Customer_0173,Non-binary,42,Essaouira,Marrakesh-Safi,North Africa,Morocco,2024-04-28,23,Product_23,Body,Hand Care,4,89,0.1,35.6,356,320.4,169.36,13.44,137.6,42.95,Cash on Delivery,Completed,4
929,2024-10-07,2024,2024-10,41,200,Customer_0200,Non-binary,26,Bonn,North Rhine-Westphalia,Central Europe,Germany,2023-09-20,1,Product_1,Body,Body Lotion,1,50,0.02,1.0,50,49.0,45.33,7.25,-3.58,-7.31,Digital Wallet,Completed,1
929,2024-10-07,2024,2024-10,41,200,Customer_0200,Non-binary,26,Bonn,North Rhine-Westphalia,Central Europe,Germany,2023-09-20,12,Product_12,Skin,Moisturizer,4,77,0.1,30.8,308,277.2,173.76,11.0,92.44,33.35,Digital Wallet,Completed,1
929,2024-10-07,2024,2024-10,41,200,Customer_0200,Non-binary,26,Bonn,North Rhine-Westphalia,Central Europe,Germany,2023-09-20,35,Product_35,Skin,Cleanser,2,97,0.04,7.76,194,186.24,99.36,8.5,78.38,42.09,Digital Wallet,Completed,1
234,2024-10-08,2024,2024-10,41,104,Customer_0104,Non-binary,51,Granada,Andalusia,Southern Europe,Spain,2023-02-05,16,Product_16,Makeup,Concealer,3,50,0.07,10.5,150,139.5,159.75,10.75,-31.0,-22.22,Bank Transfer,Completed,4
234,2024-10-08,2024,2024-10,41,104,Customer_0104,Non-binary,51,Granada,Andalusia,Southern Europe,Spain,2023-02-05,49,Product_49,Makeup,Lipstick,1,40,0.02,0.8,40,39.2,34.67,8.25,-3.72,-9.49,Bank Transfer,Completed,4
718,2024-10-08,2024,2024-10,41,61,Customer_0061,Male,37,Potsdam,Berlin,Central Europe,Germany,2023-11-29,35,Product_35,Skin,Cleanser,2,113,0.04,9.04,226,216.96,99.36,9.5,108.1,49.82,Cash on Delivery,Completed,1
718,2024-10-08,2024,2024-10,41,61,Customer_0061,Male,37,Potsdam,Berlin,Central Europe,Germany,2023-11-29,40,Product_40,Hair,Styling,4,79,0.1,31.6,316,284.4,200.08,12.0,72.32,25.43,Cash on Delivery,Completed,1
786,2024-10-08,2024,2024-10,41,112,Customer_0112,Male,25,Potsdam,Berlin,Central Europe,Germany,2024-04-25,46,Product_46,Makeup,Concealer,4,22,0.12,10.56,88,0.0,0.0,12.0,0.0,0.0,Bank Transfer,Returned,2
904,2024-10-08,2024,2024-10,41,159,Customer_0159,Female,26,Paris,Ile-de-France,Western Europe,France,2023-02-07,4,Product_4,Body,Deodorant,4,117,0.1,46.8,468,421.2,154.72,10.0,256.48,60.89,Cash on Delivery,Completed,1
904,2024-10-08,2024,2024-10,41,159,Customer_0159,Female,26,Paris,Ile-de-France,Western Europe,France,2023-02-07,7,Product_7,Hair,Conditioner,1,96,0.02,1.92,96,94.08,45.58,6.25,42.25,44.91,Cash on Delivery,Completed,1
904,2024-10-08,2024,2024-10,41,159,Customer_0159,Female,26,Paris,Ile-de-France,Western Europe,France,2023-02-07,14,Product_14,Body,Deodorant,5,39,0.1,19.5,195,175.5,207.4,11.25,-43.15,-24.59,Cash on Delivery,Completed,1
389,2024-10-10,2024,2024-10,41,204,Customer_0204,Female,54,Munich,Bavaria,Central Europe,Germany,2023-11-25,21,Product_21,Hair,Hair Oil,4,101,0.12,48.48,404,0.0,0.0,11.0,0.0,0.0,Digital Wallet,Returned,0
768,2024-10-10,2024,2024-10,41,111,Customer_0111,Female,59,Paris,Ile-de-France,Western Europe,France,2023-06-17,14,Product_14,Body,Deodorant,4,62,0.1,24.8,248,223.2,165.92,10.0,47.28,21.18,Cash on Delivery,Completed,3
768,2024-10-10,2024,2024-10,41,111,Customer_0111,Female,59,Paris,Ile-de-France,Western Europe,France,2023-06-17,22,Product_22,Makeup,Concealer,5,15,0.1,7.5,75,67.5,213.65,11.25,-157.4,-233.19,Cash on Delivery,Completed,3
768,2024-10-10,2024,2024-10,41,111,Customer_0111,Female,59,Paris,Ile-de-France,Western Europe,France,2023-06-17,24,Product_24,Hair,Shampoo,2,87,0.04,6.96,174,167.04,75.28,7.5,84.26,50.44,Cash on Delivery,Completed,3
64,2024-10-11,2024,2024-10,41,213,Customer_0213,Female,35,Paris,Ile-de-France,Western Europe,France,2024-04-27,9,Product_9,Makeup,Eyeshadow,4,60,0.1,24.0,240,216.0,129.4,10.0,76.6,35.46,Digital Wallet,Completed,3
64,2024-10-11,2024,2024-10,41,213,Customer_0213,Female,35,Paris,Ile-de-France,Western Europe,France,2024-04-27,48,Product_48,Hair,Shampoo,4,11,0.1,4.4,44,39.6,159.92,10.0,-130.32,-329.09,Digital Wallet,Completed,3
500,2024-10-11,2024,2024-10,41,9,Customer_0009,Female,42,Casablanca,Casablanca-Settat,North Africa,Morocco,2023-08-09,15,Product_15,Makeup,Eyeshadow,2,20,0.04,1.6,40,38.4,107.04,8.4,-77.04,-200.62,Digital Wallet,Completed,2
500,2024-10-11,2024,2024-10,41,9,Customer_0009,Female,42,Casablanca,Casablanca-Settat,North Africa,Morocco,2023-08-09,34,Product_34,Hair,Styling,3,25,0.07,5.25,75,69.75,100.11,9.8,-40.16,-57.58,Digital Wallet,Completed,2
505,2024-10-11,2024,2024-10,41,174,Customer_0174,Female,49,Rome,Lazio,Southern Europe,Italy,2023-08-09,6,Product_6,Body,Body Lotion,5,35,0.1,17.5,175,157.5,225.85,12.25,-80.6,-51.17,Cash on Delivery,Completed,1
505,2024-10-11,2024,2024-10,41,174,Customer_0174,Female,49,Rome,Lazio,Southern Europe,Italy,2023-08-09,19,Product_19,Makeup,Lipstick,5,37,0.1,18.5,185,166.5,171.3,12.25,-17.05,-10.24,Cash on Delivery,Completed,1
505,2024-10-11,2024,2024-10,41,174,Customer_0174,Female,49,Rome,Lazio,Southern Europe,Italy,2023-08-09,33,Product_33,Hair,Hair Oil,3,71,0.07,14.91,213,198.09,128.94,9.75,59.4,29.99,Cash on Delivery,Completed,1
505,2024-10-11,2024,2024-10,41,174,Customer_0174,Female,49,Rome,Lazio,Southern Europe,Italy,2023-08-09,47,Product_47,Hair,Scalp Care,4,10,0.1,4.0,40,36.0,181.68,11.0,-156.68,-435.22,Cash on Delivery,Completed,1
787,2024-10-11,2024,2024-10,41,4,Customer_0004,Male,48,Nice,Provence-Alpes-Cote d'Azur,Western Europe,France,2023-01-03,38,Product_38,Makeup,Mascara,4,113,0.1,45.2,452,406.8,170.36,13.0,223.44,54.93,Cash on Delivery,Completed,4
808,2024-10-11,2024,2024-10,41,26,Customer_0026,Non-binary,38,Granada,Andalusia,Southern Europe,Spain,2023-07-24,40,Product_40,Hair,Styling,4,115,0.1,46.0,460,414.0,200.08,10.0,203.92,49.26,Bank Transfer,Completed,3
132,2024-10-13,2024,2024-10,41,45,Customer_0045,Female,48,Rome,Lazio,Southern Europe,Italy,2023-10-11,36,Product_36,Skin,Serum,3,82,0.07,17.22,246,228.78,162.21,8.75,57.82,25.27,Digital Wallet,Completed,1
749,2024-10-13,2024,2024-10,41,202,Customer_0202,Male,40,Girona,Catalonia,Southern Europe,Spain,2023-02-18,3,Product_3,Hair,Hair Oil,5,110,0.12,66.0,550,0.0,0.0,12.25,0.0,0.0,Cash on Delivery,Returned,2
749,2024-10-13,2024,2024-10,41,202,Customer_0202,Male,40,Girona,Catalonia,Southern Europe,Spain,2023-02-18,12,Product_12,Skin,Moisturizer,5,93,0.12,55.8,465,0.0,0.0,12.25,0.0,0.0,Cash on Delivery,Returned,2
749,2024-10-13,2024,2024-10,41,202,Customer_0202,Male,40,Girona,Catalonia,Southern Europe,Spain,2023-02-18,46,Product_46,Makeup,Concealer,1,93,0.04,3.72,93,0.0,0.0,7.25,0.0,0.0,Cash on Delivery,Returned,2
850,2024-10-13,2024,2024-10,41,60,Customer_0060,Female,30,Madrid,Madrid,Southern Europe,Spain,2024-04-15,13,Product_13,Skin,Sunscreen,2,103,0.06,12.36,206,0.0,0.0,9.5,0.0,0.0,Bank Transfer,Returned,2
850,2024-10-13,2024,2024-10,41,60,Customer_0060,Female,30,Madrid,Madrid,Southern Europe,Spain,2024-04-15,21,Product_21,Hair,Hair Oil,1,75,0.04,3.0,75,0.0,0.0,8.25,0.0,0.0,Bank Transfer,Returned,2
850,2024-10-13,2024,2024-10,41,60,Customer_0060,Female,30,Madrid,Madrid,Southern Europe,Spain,2024-04-15,42,Product_42,Skin,Moisturizer,5,88,0.12,52.8,440,0.0,0.0,13.25,0.0,0.0,Bank Transfer,Returned,2
20,2024-10-14,2024,2024-10,42,22,Customer_0022,Male,51,Bergamo,Lombardy,Southern Europe,Italy,2023-08-04,48,Product_48,Hair,Shampoo,1,94,0.02,1.88,94,92.12,39.98,6.25,45.89,49.82,Bank Transfer,Completed,3
25,2024-10-14,2024,2024-10,42,170,Customer_0170,Non-binary,21,Essaouira,Marrakesh-Safi,North Africa,Morocco,2023-09-07,8,Product_8,Body,Hand Care,2,92,0.04,7.36,184,176.64,93.4,9.52,73.72,41.73,Cash on Delivery,Completed,4
25,2024-10-14,2024,2024-10,42,170,Customer_0170,Non-binary,21,Essaouira,Marrakesh-Safi,North Africa,Morocco,2023-09-07,23,Product_23,Body,Hand Care,3,10,0.07,2.1,30,27.9,127.02,10.92,-110.04,-394.41,Cash on Delivery,Completed,4
25,2024-10-14,2024,2024-10,42,170,Customer_0170,Non-binary,21,Essaouira,Marrakesh-Safi,North Africa,Morocco,2023-09-07,41,Product_41,Skin,Serum,1,82,0.02,1.64,82,80.36,42.47,8.12,29.77,37.05,Cash on Delivery,Completed,4
48,2024-10-14,2024,2024-10,42,50,Customer_0050,Non-binary,42,Annecy,Auvergne-Rhone-Alpes,Western Europe,France,2024-04-04,6,Product_6,Body,Body Lotion,2,59,0.04,4.72,118,113.28,90.34,7.5,15.44,13.63,Bank Transfer,Completed,1
48,2024-10-14,2024,2024-10,42,50,Customer_0050,Non-binary,42,Annecy,Auvergne-Rhone-Alpes,Western Europe,France,2024-04-04,34,Product_34,Hair,Styling,4,38,0.1,15.2,152,136.8,133.48,10.0,-6.68,-4.88,Bank Transfer,Completed,1
230,2024-10-14,2024,2024-10,42,161,Customer_0161,Non-binary,40,Bonn,North Rhine-Westphalia,Central Europe,Germany,2023-12-24,19,Product_19,Makeup,Lipstick,3,32,0.07,6.72,96,89.28,102.78,10.75,-24.25,-27.16,Cash on Delivery,Completed,2
230,2024-10-14,2024,2024-10,42,161,Customer_0161,Non-binary,40,Bonn,North Rhine-Westphalia,Central Europe,Germany,2023-12-24,23,Product_23,Body,Hand Care,2,79,0.04,6.32,158,151.68,84.68,9.5,57.5,37.91,Cash on Delivery,Completed,2
230,2024-10-14,2024,2024-10,42,161,Customer_0161,Non-binary,40,Bonn,North Rhine-Westphalia,Central Europe,Germany,2023-12-24,48,Product_48,Hair,Shampoo,3,87,0.07,18.27,261,242.73,119.94,10.75,112.04,46.16,Cash on Delivery,Completed,2
508,2024-10-14,2024,2024-10,42,170,Customer_0170,Non-binary,21,Essaouira,Marrakesh-Safi,North Africa,Morocco,2023-09-07,4,Product_4,Body,Deodorant,2,114,0.04,9.12,228,0.0,0.0,8.4,0.0,0.0,Bank Transfer,Cancelled,4
508,2024-10-14,2024,2024-10,42,170,Customer_0170,Non-binary,21,Essaouira,Marrakesh-Safi,North Africa,Morocco,2023-09-07,48,Product_48,Hair,Shampoo,3,108,0.07,22.68,324,0.0,0.0,9.8,0.0,0.0,Bank Transfer,Cancelled,4
508,2024-10-14,2024,2024-10,42,170,Customer_0170,Non-binary,21,Essaouira,Marrakesh-Safi,North Africa,Morocco,2023-09-07,48,Product_48,Hair,Shampoo,5,61,0.1,30.5,305,0.0,0.0,12.6,0.0,0.0,Bank Transfer,Cancelled,4
664,2024-10-14,2024,2024-10,42,81,Customer_0081,Female,54,Madrid,Madrid,Southern Europe,Spain,2023-05-15,10,Product_10,Hair,Styling,5,118,0.1,59.0,590,531.0,274.1,11.25,245.65,46.26,Digital Wallet,Completed,4
406,2024-10-15,2024,2024-10,42,96,Customer_0096,Female,36,Munich,Bavaria,Central Europe,Germany,2024-01-31,22,Product_22,Makeup,Concealer,5,79,0.1,39.5,395,0.0,0.0,13.25,0.0,0.0,Bank Transfer,Cancelled,3
582,2024-10-15,2024,2024-10,42,201,Customer_0201,Female,33,Paris,Ile-de-France,Western Europe,France,2024-01-16,28,Product_28,Hair,Styling,5,93,0.1,46.5,465,418.5,201.45,13.25,203.8,48.7,Cash on Delivery,Completed,3
582,2024-10-15,2024,2024-10,42,201,Customer_0201,Female,33,Paris,Ile-de-France,Western Europe,France,2024-01-16,34,Product_34,Hair,Styling,1,17,0.02,0.34,17,16.66,33.37,8.25,-24.96,-149.82,Cash on Delivery,Completed,3
603,2024-10-15,2024,2024-10,42,177,Customer_0177,Female,29,Madrid,Madrid,Southern Europe,Spain,2024-02-27,11,Product_11,Makeup,Blush,2,100,0.04,8.0,200,192.0,95.44,10.5,86.06,44.82,Card,Completed,2
603,2024-10-15,2024,2024-10,42,177,Customer_0177,Female,29,Madrid,Madrid,Southern Europe,Spain,2024-02-27,18,Product_18,Makeup,Foundation,3,85,0.07,17.85,255,237.15,126.96,11.75,98.44,41.51,Card,Completed,2
603,2024-10-15,2024,2024-10,42,177,Customer_0177,Female,29,Madrid,Madrid,Southern Europe,Spain,2024-02-27,25,Product_25,Hair,Conditioner,1,89,0.02,1.78,89,87.22,53.57,9.25,24.4,27.98,Card,Completed,2
847,2024-10-15,2024,2024-10,42,35,Customer_0035,Non-binary,60,Granada,Andalusia,Southern Europe,Spain,2023-11-14,5,Product_5,Skin,Cleanser,5,80,0.1,40.0,400,360.0,278.75,14.25,67.0,18.61,Bank Transfer,Completed,3
832,2024-10-16,2024,2024-10,42,172,Customer_0172,Male,35,Bergamo,Lombardy,Southern Europe,Italy,2023-07-18,2,Product_2,Skin,Moisturizer,2,114,0.04,9.12,228,218.88,82.66,7.5,128.72,58.81,Card,Completed,3
832,2024-10-16,2024,2024-10,42,172,Customer_0172,Male,35,Bergamo,Lombardy,Southern Europe,Italy,2023-07-18,17,Product_17,Hair,Scalp Care,1,102,0.02,2.04,102,99.96,44.55,6.25,49.16,49.18,Card,Completed,3
832,2024-10-16,2024,2024-10,42,172,Customer_0172,Male,35,Bergamo,Lombardy,Southern Europe,Italy,2023-07-18,19,Product_19,Makeup,Lipstick,5,89,0.1,44.5,445,400.5,171.3,11.25,217.95,54.42,Card,Completed,3
832,2024-10-16,2024,2024-10,42,172,Customer_0172,Male,35,Bergamo,Lombardy,Southern Europe,Italy,2023-07-18,20,Product_20,Hair,Hair Mask,1,86,0.02,1.72,86,84.28,49.59,6.25,28.44,33.74,Card,Completed,3
832,2024-10-16,2024,2024-10,42,172,Customer_0172,Male,35,Bergamo,Lombardy,Southern Europe,Italy,2023-07-18,25,Product_25,Hair,Conditioner,4,97,0.1,38.8,388,349.2,214.28,10.0,124.92,35.77,Card,Completed,3
938,2024-10-16,2024,2024-10,42,133,Customer_0133,Male,49,Potsdam,Berlin,Central Europe,Germany,2023-05-31,9,Product_9,Makeup,Eyeshadow,3,41,0.09,11.07,123,0.0,0.0,10.75,0.0,0.0,Cash on Delivery,Returned,5
938,2024-10-16,2024,2024-10,42,133,Customer_0133,Male,49,Potsdam,Berlin,Central Europe,Germany,2023-05-31,11,Product_11,Makeup,Blush,5,40,0.12,24.0,200,0.0,0.0,13.25,0.0,0.0,Cash on Delivery,Returned,5
938,2024-10-16,2024,2024-10,42,133,Customer_0133,Male,49,Potsdam,Berlin,Central Europe,Germany,2023-05-31,33,Product_33,Hair,Hair Oil,1,92,0.04,3.68,92,0.0,0.0,8.25,0.0,0.0,Cash on Delivery,Returned,5
938,2024-10-16,2024,2024-10,42,133,Customer_0133,Male,49,Potsdam,Berlin,Central Europe,Germany,2023-05-31,41,Product_41,Skin,Serum,4,66,0.12,31.68,264,0.0,0.0,12.0,0.0,0.0,Cash on Delivery,Returned,5
44,2024-10-17,2024,2024-10,42,264,Customer_0264,Female,23,Paris,Ile-de-France,Western Europe,France,2023-01-02,3,Product_3,Hair,Hair Oil,2,112,0.04,8.96,224,215.04,78.34,7.5,129.2,60.08,Card,Completed,4
44,2024-10-17,2024,2024-10,42,264,Customer_0264,Female,23,Paris,Ile-de-France,Western Europe,France,2023-01-02,26,Product_26,Makeup,Mascara,5,103,0.1,51.5,515,463.5,218.9,11.25,233.35,50.35,Card,Completed,4
44,2024-10-17,2024,2024-10,42,264,Customer_0264,Female,23,Paris,Ile-de-France,Western Europe,France,2023-01-02,34,Product_34,Hair,Styling,2,14,0.04,1.12,28,26.88,66.74,7.5,-47.36,-176.19,Card,Completed,4
194,2024-10-17,2024,2024-10,42,97,Customer_0097,Male,43,Girona,Catalonia,Southern Europe,Spain,2023-12-17,23,Product_23,Body,Hand Care,3,80,0.07,16.8,240,223.2,127.02,10.75,85.43,38.28,Cash on Delivery,Completed,2
194,2024-10-17,2024,2024-10,42,97,Customer_0097,Male,43,Girona,Catalonia,Southern Europe,Spain,2023-12-17,28,Product_28,Hair,Styling,1,50,0.02,1.0,50,49.0,40.29,8.25,0.46,0.94,Cash on Delivery,Completed,2
895,2024-10-17,2024,2024-10,42,289,Customer_0289,Male,34,Bergamo,Lombardy,Southern Europe,Italy,2023-05-28,5,Product_5,Skin,Cleanser,1,95,0.04,3.8,95,0.0,0.0,9.25,0.0,0.0,Card,Returned,4
895,2024-10-17,2024,2024-10,42,289,Customer_0289,Male,34,Bergamo,Lombardy,Southern Europe,Italy,2023-05-28,20,Product_20,Hair,Hair Mask,1,75,0.04,3.0,75,0.0,0.0,9.25,0.0,0.0,Card,Returned,4
895,2024-10-17,2024,2024-10,42,289,Customer_0289,Male,34,Bergamo,Lombardy,Southern Europe,Italy,2023-05-28,25,Product_25,Hair,Conditioner,3,26,0.09,7.02,78,0.0,0.0,11.75,0.0,0.0,Card,Returned,4
895,2024-10-17,2024,2024-10,42,289,Customer_0289,Male,34,Bergamo,Lombardy,Southern Europe,Italy,2023-05-28,41,Product_41,Skin,Serum,4,80,0.12,38.4,320,0.0,0.0,13.0,0.0,0.0,Card,Returned,4
945,2024-10-17,2024,2024-10,42,29,Customer_0029,Non-binary,59,Bonn,North Rhine-Westphalia,Central Europe,Germany,2023-07-26,27,Product_27,Makeup,Eyeshadow,2,74,0.04,5.92,148,142.08,87.94,8.5,45.64,32.12,Bank Transfer,Completed,2
945,2024-10-17,2024,2024-10,42,29,Customer_0029,Non-binary,59,Bonn,North Rhine-Westphalia,Central Europe,Germany,2023-07-26,31,Product_31,Body,Body Lotion,3,82,0.07,17.22,246,228.78,155.04,9.75,63.99,27.97,Bank Transfer,Completed,2
945,2024-10-17,2024,2024-10,42,29,Customer_0029,Non-binary,59,Bonn,North Rhine-Westphalia,Central Europe,Germany,2023-07-26,45,Product_45,Body,Body Wash,2,57,0.04,4.56,114,109.44,96.12,8.5,4.82,4.4,Bank Transfer,Completed,2
945,2024-10-17,2024,2024-10,42,29,Customer_0029,Non-binary,59,Bonn,North Rhine-Westphalia,Central Europe,Germany,2023-07-26,49,Product_49,Makeup,Lipstick,1,69,0.02,1.38,69,67.62,34.67,7.25,25.7,38.01,Bank Transfer,Completed,2
151,2024-10-18,2024,2024-10,42,165,Customer_0165,Female,27,Rome,Lazio,Southern Europe,Italy,2023-04-05,1,Product_1,Body,Body Lotion,4,77,0.1,30.8,308,277.2,181.32,13.0,82.88,29.9,Card,Completed,4
151,2024-10-18,2024,2024-10,42,165,Customer_0165,Female,27,Rome,Lazio,Southern Europe,Italy,2023-04-05,31,Product_31,Body,Body Lotion,3,105,0.07,22.05,315,292.95,155.04,11.75,126.16,43.07,Card,Completed,4
930,2024-10-18,2024,2024-10,42,23,Customer_0023,Non-binary,58,Granada,Andalusia,Southern Europe,Spain,2023-04-02,22,Product_22,Makeup,Concealer,1,33,0.02,0.66,33,32.34,42.73,8.25,-18.64,-57.64,Digital Wallet,Completed,3
930,2024-10-18,2024,2024-10,42,23,Customer_0023,Non-binary,58,Granada,Andalusia,Southern Europe,Spain,2023-04-02,23,Product_23,Body,Hand Care,1,29,0.02,0.58,29,28.42,42.34,8.25,-22.17,-78.01,Digital Wallet,Completed,3
76,2024-10-19,2024,2024-10,42,9,Customer_0009,Female,42,Casablanca,Casablanca-Settat,North Africa,Morocco,2023-08-09,10,Product_10,Hair,Styling,3,119,0.07,24.99,357,0.0,0.0,9.8,0.0,0.0,Digital Wallet,Cancelled,2
76,2024-10-19,2024,2024-10,42,9,Customer_0009,Female,42,Casablanca,Casablanca-Settat,North Africa,Morocco,2023-08-09,26,Product_26,Makeup,Mascara,5,23,0.1,11.5,115,0.0,0.0,12.6,0.0,0.0,Digital Wallet,Cancelled,2
112,2024-10-19,2024,2024-10,42,63,Customer_0063,Female,51,Madrid,Madrid,Southern Europe,Spain,2024-03-03,2,Product_2,Skin,Moisturizer,1,35,0.02,0.7,35,34.3,41.33,6.25,-13.28,-38.72,Cash on Delivery,Completed,6
112,2024-10-19,2024,2024-10,42,63,Customer_0063,Female,51,Madrid,Madrid,Southern Europe,Spain,2024-03-03,33,Product_33,Hair,Hair Oil,2,83,0.04,6.64,166,159.36,85.96,7.5,65.9,41.35,Cash on Delivery,Completed,6
112,2024-10-19,2024,2024-10,42,63,Customer_0063,Female,51,Madrid,Madrid,Southern Europe,Spain,2024-03-03,37,Product_37,Makeup,Lipstick,5,29,0.1,14.5,145,130.5,230.15,11.25,-110.9,-84.98,Cash on Delivery,Completed,6
112,2024-10-19,2024,2024-10,42,63,Customer_0063,Female,51,Madrid,Madrid,Southern Europe,Spain,2024-03-03,45,Product_45,Body,Body Wash,2,73,0.04,5.84,146,140.16,96.12,7.5,36.54,26.07,Cash on Delivery,Completed,6
258,2024-10-19,2024,2024-10,42,51,Customer_0051,Female,49,Munich,Bavaria,Central Europe,Germany,2024-02-03,25,Product_25,Hair,Conditioner,2,19,0.04,1.52,38,36.48,107.14,9.5,-80.16,-219.74,Digital Wallet,Completed,4
258,2024-10-19,2024,2024-10,42,51,Customer_0051,Female,49,Munich,Bavaria,Central Europe,Germany,2024-02-03,39,Product_39,Hair,Hair Oil,4,62,0.1,24.8,248,223.2,143.16,12.0,68.04,30.48,Digital Wallet,Completed,4
301,2024-10-19,2024,2024-10,42,151,Customer_0151,Male,52,Potsdam,Berlin,Central Europe,Germany,2023-06-06,17,Product_17,Hair,Scalp Care,4,29,0.1,11.6,116,104.4,178.2,11.0,-84.8,-81.23,Card,Completed,3
301,2024-10-19,2024,2024-10,42,151,Customer_0151,Male,52,Potsdam,Berlin,Central Europe,Germany,2023-06-06,50,Product_50,Skin,Cleanser,4,108,0.1,43.2,432,388.8,220.0,11.0,157.8,40.59,Card,Completed,3
309,2024-10-19,2024,2024-10,42,39,Customer_0039,Female,47,Casablanca,Casablanca-Settat,North Africa,Morocco,2024-02-15,34,Product_34,Hair,Styling,2,74,0.04,5.92,148,142.08,66.74,9.52,65.82,46.33,Card,Completed,8
309,2024-10-19,2024,2024-10,42,39,Customer_0039,Female,47,Casablanca,Casablanca-Settat,North Africa,Morocco,2024-02-15,42,Product_42,Skin,Moisturizer,4,107,0.1,42.8,428,385.2,159.88,12.32,213.0,55.3,Card,Completed,8
688,2024-10-19,2024,2024-10,42,195,Customer_0195,Female,32,Madrid,Madrid,Southern Europe,Spain,2023-06-07,9,Product_9,Makeup,Eyeshadow,3,58,0.07,12.18,174,0.0,0.0,8.75,0.0,0.0,Cash on Delivery,Cancelled,1
688,2024-10-19,2024,2024-10,42,195,Customer_0195,Female,32,Madrid,Madrid,Southern Europe,Spain,2023-06-07,25,Product_25,Hair,Conditioner,3,59,0.07,12.39,177,0.0,0.0,8.75,0.0,0.0,Cash on Delivery,Cancelled,1
688,2024-10-19,2024,2024-10,42,195,Customer_0195,Female,32,Madrid,Madrid,Southern Europe,Spain,2023-06-07,41,Product_41,Skin,Serum,5,17,0.1,8.5,85,0.0,0.0,11.25,0.0,0.0,Cash on Delivery,Cancelled,1
727,2024-10-19,2024,2024-10,42,127,Customer_0127,Male,48,Bergamo,Lombardy,Southern Europe,Italy,2023-01-29,29,Product_29,Makeup,Blush,3,103,0.07,21.63,309,287.37,98.7,11.75,176.92,61.57,Bank Transfer,Completed,4
784,2024-10-19,2024,2024-10,42,198,Customer_0198,Female,53,Munich,Bavaria,Central Europe,Germany,2023-05-02,2,Product_2,Skin,Moisturizer,2,32,0.04,2.56,64,61.44,82.66,7.5,-28.72,-46.74,Bank Transfer,Completed,4
784,2024-10-19,2024,2024-10,42,198,Customer_0198,Female,53,Munich,Bavaria,Central Europe,Germany,2023-05-02,17,Product_17,Hair,Scalp Care,1,17,0.02,0.34,17,16.66,44.55,6.25,-34.14,-204.92,Bank Transfer,Completed,4
914,2024-10-19,2024,2024-10,42,173,Customer_0173,Non-binary,42,Essaouira,Marrakesh-Safi,North Africa,Morocco,2024-04-28,2,Product_2,Skin,Moisturizer,1,17,0.02,0.34,17,16.66,41.33,9.24,-33.91,-203.54,Cash on Delivery,Completed,4
914,2024-10-19,2024,2024-10,42,173,Customer_0173,Non-binary,42,Essaouira,Marrakesh-Safi,North Africa,Morocco,2024-04-28,21,Product_21,Hair,Hair Oil,4,101,0.1,40.4,404,363.6,193.76,13.44,156.4,43.01,Cash on Delivery,Completed,4
914,2024-10-19,2024,2024-10,42,173,Customer_0173,Non-binary,42,Essaouira,Marrakesh-Safi,North Africa,Morocco,2024-04-28,49,Product_49,Makeup,Lipstick,5,20,0.1,10.0,100,90.0,173.35,14.84,-98.19,-109.1,Cash on Delivery,Completed,4
993,2024-10-19,2024,2024-10,42,257,Customer_0257,Non-binary,56,Caserta,Campania,Southern Europe,Italy,2023-09-06,13,Product_13,Skin,Sunscreen,2,110,0.04,8.8,220,211.2,91.82,8.5,110.88,52.5,Bank Transfer,Completed,3
993,2024-10-19,2024,2024-10,42,257,Customer_0257,Non-binary,56,Caserta,Campania,Southern Europe,Italy,2023-09-06,20,Product_20,Hair,Hair Mask,4,28,0.1,11.2,112,100.8,198.36,11.0,-108.56,-107.7,Bank Transfer,Completed,3
993,2024-10-19,2024,2024-10,42,257,Customer_0257,Non-binary,56,Caserta,Campania,Southern Europe,Italy,2023-09-06,23,Product_23,Body,Hand Care,4,58,0.1,23.2,232,208.8,169.36,11.0,28.44,13.62,Bank Transfer,Completed,3
993,2024-10-19,2024,2024-10,42,257,Customer_0257,Non-binary,56,Caserta,Campania,Southern Europe,Italy,2023-09-06,36,Product_36,Skin,Serum,1,86,0.02,1.72,86,84.28,54.07,7.25,22.96,27.24,Bank Transfer,Completed,3
814,2024-10-20,2024,2024-10,42,212,Customer_0212,Non-binary,28,Essaouira,Marrakesh-Safi,North Africa,Morocco,2023-08-09,6,Product_6,Body,Body Lotion,2,96,0.04,7.68,192,184.32,90.34,10.64,83.34,45.21,Bank Transfer,Completed,2
814,2024-10-20,2024,2024-10,42,212,Customer_0212,Non-binary,28,Essaouira,Marrakesh-Safi,North Africa,Morocco,2023-08-09,8,Product_8,Body,Hand Care,4,107,0.1,42.8,428,385.2,186.8,13.44,184.96,48.02,Bank Transfer,Completed,2
161,2024-10-21,2024,2024-10,43,52,Customer_0052,Male,56,Nice,Provence-Alpes-Cote d'Azur,Western Europe,France,2023-01-21,13,Product_13,Skin,Sunscreen,5,80,0.1,40.0,400,360.0,229.55,12.25,118.2,32.83,Digital Wallet,Completed,2
161,2024-10-21,2024,2024-10,43,52,Customer_0052,Male,56,Nice,Provence-Alpes-Cote d'Azur,Western Europe,France,2023-01-21,16,Product_16,Makeup,Concealer,3,90,0.07,18.9,270,251.1,159.75,9.75,81.6,32.5,Digital Wallet,Completed,2
161,2024-10-21,2024,2024-10,43,52,Customer_0052,Male,56,Nice,Provence-Alpes-Cote d'Azur,Western Europe,France,2023-01-21,35,Product_35,Skin,Cleanser,1,95,0.02,1.9,95,93.1,49.68,7.25,36.17,38.85,Digital Wallet,Completed,2
312,2024-10-21,2024,2024-10,43,26,Customer_0026,Non-binary,38,Granada,Andalusia,Southern Europe,Spain,2023-07-24,28,Product_28,Hair,Styling,4,104,0.1,41.6,416,374.4,161.16,10.0,203.24,54.28,Bank Transfer,Completed,3
446,2024-10-21,2024,2024-10,43,227,Customer_0227,Non-binary,51,Granada,Andalusia,Southern Europe,Spain,2023-09-21,5,Product_5,Skin,Cleanser,1,77,0.02,1.54,77,75.46,55.75,8.25,11.46,15.19,Digital Wallet,Completed,3
446,2024-10-21,2024,2024-10,43,227,Customer_0227,Non-binary,51,Granada,Andalusia,Southern Europe,Spain,2023-09-21,8,Product_8,Body,Hand Care,1,85,0.02,1.7,85,83.3,46.7,8.25,28.35,34.03,Digital Wallet,Completed,3
446,2024-10-21,2024,2024-10,43,227,Customer_0227,Non-binary,51,Granada,Andalusia,Southern Europe,Spain,2023-09-21,16,Product_16,Makeup,Concealer,5,62,0.1,31.0,310,279.0,266.25,13.25,-0.5,-0.18,Digital Wallet,Completed,3
446,2024-10-21,2024,2024-10,43,227,Customer_0227,Non-binary,51,Granada,Andalusia,Southern Europe,Spain,2023-09-21,19,Product_19,Makeup,Lipstick,5,23,0.1,11.5,115,103.5,171.3,13.25,-81.05,-78.31,Digital Wallet,Completed,3
156,2024-10-22,2024,2024-10,43,160,Customer_0160,Male,33,Nice,Provence-Alpes-Cote d'Azur,Western Europe,France,2023-05-11,16,Product_16,Makeup,Concealer,4,53,0.1,21.2,212,190.8,213.0,10.0,-32.2,-16.88,Card,Completed,4
156,2024-10-22,2024,2024-10,43,160,Customer_0160,Male,33,Nice,Provence-Alpes-Cote d'Azur,Western Europe,France,2023-05-11,17,Product_17,Hair,Scalp Care,1,108,0.02,2.16,108,105.84,44.55,6.25,55.04,52.0,Card,Completed,4
156,2024-10-22,2024,2024-10,43,160,Customer_0160,Male,33,Nice,Provence-Alpes-Cote d'Azur,Western Europe,France,2023-05-11,25,Product_25,Hair,Conditioner,4,52,0.1,20.8,208,187.2,214.28,10.0,-37.08,-19.81,Card,Completed,4
156,2024-10-22,2024,2024-10,43,160,Customer_0160,Male,33,Nice,Provence-Alpes-Cote d'Azur,Western Europe,France,2023-05-11,36,Product_36,Skin,Serum,3,105,0.07,22.05,315,292.95,162.21,8.75,121.99,41.64,Card,Completed,4
185,2024-10-22,2024,2024-10,43,184,Customer_0184,Male,37,Nice,Provence-Alpes-Cote d'Azur,Western Europe,France,2024-04-21,2,Product_2,Skin,Moisturizer,5,69,0.1,34.5,345,310.5,206.65,12.25,91.6,29.5,Digital Wallet,Completed,2
185,2024-10-22,2024,2024-10,43,184,Customer_0184,Male,37,Nice,Provence-Alpes-Cote d'Azur,Western Europe,France,2024-04-21,16,Product_16,Makeup,Concealer,4,28,0.1,11.2,112,100.8,213.0,11.0,-123.2,-122.22,Digital Wallet,Completed,2
185,2024-10-22,2024,2024-10,43,184,Customer_0184,Male,37,Nice,Provence-Alpes-Cote d'Azur,Western Europe,France,2024-04-21,33,Product_33,Hair,Hair Oil,4,66,0.1,26.4,264,237.6,171.92,11.0,54.68,23.01,Digital Wallet,Completed,2
644,2024-10-23,2024,2024-10,43,251,Customer_0251,Non-binary,55,Essaouira,Marrakesh-Safi,North Africa,Morocco,2024-04-10,1,Product_1,Body,Body Lotion,1,111,0.04,4.44,111,0.0,0.0,7.0,0.0,0.0,Cash on Delivery,Returned,2
644,2024-10-23,2024,2024-10,43,251,Customer_0251,Non-binary,55,Essaouira,Marrakesh-Safi,North Africa,Morocco,2024-04-10,17,Product_17,Hair,Scalp Care,5,102,0.12,61.2,510,0.0,0.0,12.6,0.0,0.0,Cash on Delivery,Returned,2
644,2024-10-23,2024,2024-10,43,251,Customer_0251,Non-binary,55,Essaouira,Marrakesh-Safi,North Africa,Morocco,2024-04-10,25,Product_25,Hair,Conditioner,4,10,0.12,4.8,40,0.0,0.0,11.2,0.0,0.0,Cash on Delivery,Returned,2
723,2024-10-24,2024,2024-10,43,113,Customer_0113,Non-binary,32,Granada,Andalusia,Southern Europe,Spain,2024-04-12,21,Product_21,Hair,Hair Oil,4,15,0.1,6.0,60,54.0,193.76,13.0,-152.76,-282.89,Card,Completed,6
804,2024-10-25,2024,2024-10,43,94,Customer_0094,Male,22,Potsdam,Berlin,Central Europe,Germany,2024-04-25,1,Product_1,Body,Body Lotion,2,30,0.04,2.4,60,57.6,90.66,7.5,-40.56,-70.42,Bank Transfer,Completed,2
804,2024-10-25,2024,2024-10,43,94,Customer_0094,Male,22,Potsdam,Berlin,Central Europe,Germany,2024-04-25,13,Product_13,Skin,Sunscreen,1,72,0.02,1.44,72,70.56,45.91,6.25,18.4,26.08,Bank Transfer,Completed,2
804,2024-10-25,2024,2024-10,43,94,Customer_0094,Male,22,Potsdam,Berlin,Central Europe,Germany,2024-04-25,16,Product_16,Makeup,Concealer,3,26,0.07,5.46,78,72.54,159.75,8.75,-95.96,-132.29,Bank Transfer,Completed,2
804,2024-10-25,2024,2024-10,43,94,Customer_0094,Male,22,Potsdam,Berlin,Central Europe,Germany,2024-04-25,31,Product_31,Body,Body Lotion,1,67,0.02,1.34,67,65.66,51.68,6.25,7.73,11.77,Bank Transfer,Completed,2
915,2024-10-26,2024,2024-10,43,130,Customer_0130,Male,28,Girona,Catalonia,Southern Europe,Spain,2023-07-26,7,Product_7,Hair,Conditioner,3,43,0.07,9.03,129,119.97,136.74,11.75,-28.52,-23.77,Digital Wallet,Completed,4
915,2024-10-26,2024,2024-10,43,130,Customer_0130,Male,28,Girona,Catalonia,Southern Europe,Spain,2023-07-26,14,Product_14,Body,Deodorant,5,98,0.1,49.0,490,441.0,207.4,14.25,219.35,49.74,Digital Wallet,Completed,4
255,2024-10-27,2024,2024-10,43,158,Customer_0158,Non-binary,60,Caserta,Campania,Southern Europe,Italy,2024-01-02,19,Product_19,Makeup,Lipstick,5,78,0.1,39.0,390,351.0,171.3,14.25,165.45,47.14,Digital Wallet,Completed,4
393,2024-10-27,2024,2024-10,43,289,Customer_0289,Male,34,Bergamo,Lombardy,Southern Europe,Italy,2023-05-28,7,Product_7,Hair,Conditioner,1,92,0.02,1.84,92,90.16,45.58,7.25,37.33,41.4,Bank Transfer,Completed,4
393,2024-10-27,2024,2024-10,43,289,Customer_0289,Male,34,Bergamo,Lombardy,Southern Europe,Italy,2023-05-28,34,Product_34,Hair,Styling,2,80,0.04,6.4,160,153.6,66.74,8.5,78.36,51.02,Bank Transfer,Completed,4
580,2024-10-27,2024,2024-10,43,192,Customer_0192,Female,52,Rome,Lazio,Southern Europe,Italy,2023-08-10,39,Product_39,Hair,Hair Oil,5,10,0.1,5.0,50,0.0,0.0,11.25,0.0,0.0,Card,Cancelled,4
580,2024-10-27,2024,2024-10,43,192,Customer_0192,Female,52,Rome,Lazio,Southern Europe,Italy,2023-08-10,45,Product_45,Body,Body Wash,2,109,0.04,8.72,218,0.0,0.0,7.5,0.0,0.0,Card,Cancelled,4
652,2024-10-27,2024,2024-10,43,192,Customer_0192,Female,52,Rome,Lazio,Southern Europe,Italy,2023-08-10,21,Product_21,Hair,Hair Oil,4,27,0.1,10.8,108,97.2,193.76,10.0,-106.56,-109.63,Card,Completed,4
652,2024-10-27,2024,2024-10,43,192,Customer_0192,Female,52,Rome,Lazio,Southern Europe,Italy,2023-08-10,29,Product_29,Makeup,Blush,4,90,0.1,36.0,360,324.0,131.6,10.0,182.4,56.3,Card,Completed,4
747,2024-10-27,2024,2024-10,43,119,Customer_0119,Non-binary,33,Granada,Andalusia,Southern Europe,Spain,2024-01-11,46,Product_46,Makeup,Concealer,1,47,0.02,0.94,47,46.06,44.44,9.25,-7.63,-16.57,Bank Transfer,Completed,2
818,2024-10-27,2024,2024-10,43,140,Customer_0140,Non-binary,57,Essaouira,Marrakesh-Safi,North Africa,Morocco,2024-02-05,37,Product_37,Makeup,Lipstick,2,89,0.04,7.12,178,170.88,92.06,10.64,68.18,39.9,Bank Transfer,Completed,2
50,2024-10-28,2024,2024-10,44,54,Customer_0054,Female,29,Casablanca,Casablanca-Settat,North Africa,Morocco,2023-06-12,15,Product_15,Makeup,Eyeshadow,2,43,0.04,3.44,86,82.56,107.04,10.64,-35.12,-42.54,Card,Completed,5
50,2024-10-28,2024,2024-10,44,54,Customer_0054,Female,29,Casablanca,Casablanca-Settat,North Africa,Morocco,2023-06-12,25,Product_25,Hair,Conditioner,3,115,0.07,24.15,345,320.85,160.71,12.04,148.1,46.16,Card,Completed,5
50,2024-10-28,2024,2024-10,44,54,Customer_0054,Female,29,Casablanca,Casablanca-Settat,North Africa,Morocco,2023-06-12,50,Product_50,Skin,Cleanser,1,51,0.02,1.02,51,49.98,55.0,9.24,-14.26,-28.53,Card,Completed,5
282,2024-10-28,2024,2024-10,44,181,Customer_0181,Male,57,Girona,Catalonia,Southern Europe,Spain,2023-10-27,34,Product_34,Hair,Styling,4,68,0.1,27.2,272,244.8,133.48,12.0,99.32,40.57,Cash on Delivery,Completed,1
282,2024-10-28,2024,2024-10,44,181,Customer_0181,Male,57,Girona,Catalonia,Southern Europe,Spain,2023-10-27,46,Product_46,Makeup,Concealer,2,26,0.04,2.08,52,49.92,88.88,9.5,-48.46,-97.08,Cash on Delivery,Completed,1
314,2024-10-28,2024,2024-10,44,36,Customer_0036,Female,26,Rome,Lazio,Southern Europe,Italy,2024-01-03,16,Product_16,Makeup,Concealer,3,68,0.07,14.28,204,189.72,159.75,10.75,19.22,10.13,Bank Transfer,Completed,4
314,2024-10-28,2024,2024-10,44,36,Customer_0036,Female,26,Rome,Lazio,Southern Europe,Italy,2024-01-03,16,Product_16,Makeup,Concealer,2,65,0.04,5.2,130,124.8,106.5,9.5,8.8,7.05,Bank Transfer,Completed,4
314,2024-10-28,2024,2024-10,44,36,Customer_0036,Female,26,Rome,Lazio,Southern Europe,Italy,2024-01-03,28,Product_28,Hair,Styling,2,24,0.04,1.92,48,46.08,80.58,9.5,-44.0,-95.49,Bank Transfer,Completed,4
314,2024-10-28,2024,2024-10,44,36,Customer_0036,Female,26,Rome,Lazio,Southern Europe,Italy,2024-01-03,31,Product_31,Body,Body Lotion,1,90,0.02,1.8,90,88.2,51.68,8.25,28.27,32.05,Bank Transfer,Completed,4
314,2024-10-28,2024,2024-10,44,36,Customer_0036,Female,26,Rome,Lazio,Southern Europe,Italy,2024-01-03,31,Product_31,Body,Body Lotion,4,89,0.1,35.6,356,320.4,206.72,12.0,101.68,31.74,Bank Transfer,Completed,4
846,2024-10-28,2024,2024-10,44,76,Customer_0076,Male,60,Girona,Catalonia,Southern Europe,Spain,2023-02-07,13,Product_13,Skin,Sunscreen,3,103,0.07,21.63,309,287.37,137.73,10.75,138.89,48.33,Bank Transfer,Completed,4
921,2024-10-28,2024,2024-10,44,299,Customer_0299,Non-binary,22,Annecy,Auvergne-Rhone-Alpes,Western Europe,France,2023-03-02,21,Product_21,Hair,Hair Oil,2,94,0.04,7.52,188,180.48,96.88,8.5,75.1,41.61,Card,Completed,2
921,2024-10-28,2024,2024-10,44,299,Customer_0299,Non-binary,22,Annecy,Auvergne-Rhone-Alpes,Western Europe,France,2023-03-02,49,Product_49,Makeup,Lipstick,2,102,0.04,8.16,204,195.84,69.34,8.5,118.0,60.25,Card,Completed,2
68,2024-10-29,2024,2024-10,44,280,Customer_0280,Male,53,Bergamo,Lombardy,Southern Europe,Italy,2023-01-31,14,Product_14,Body,Deodorant,5,31,0.1,15.5,155,139.5,207.4,11.25,-79.15,-56.74,Card,Completed,2
68,2024-10-29,2024,2024-10,44,280,Customer_0280,Male,53,Bergamo,Lombardy,Southern Europe,Italy,2023-01-31,28,Product_28,Hair,Styling,3,105,0.07,22.05,315,292.95,120.87,8.75,163.33,55.75,Card,Completed,2
68,2024-10-29,2024,2024-10,44,280,Customer_0280,Male,53,Bergamo,Lombardy,Southern Europe,Italy,2023-01-31,47,Product_47,Hair,Scalp Care,5,10,0.1,5.0,50,45.0,227.1,11.25,-193.35,-429.67,Card,Completed,2
210,2024-10-29,2024,2024-10,44,99,Customer_0099,Female,57,Rome,Lazio,Southern Europe,Italy,2024-01-09,17,Product_17,Hair,Scalp Care,2,110,0.04,8.8,220,211.2,89.1,9.5,112.6,53.31,Digital Wallet,Completed,7
210,2024-10-29,2024,2024-10,44,99,Customer_0099,Female,57,Rome,Lazio,Southern Europe,Italy,2024-01-09,20,Product_20,Hair,Hair Mask,5,85,0.1,42.5,425,382.5,247.95,13.25,121.3,31.71,Digital Wallet,Completed,7
210,2024-10-29,2024,2024-10,44,99,Customer_0099,Female,57,Rome,Lazio,Southern Europe,Italy,2024-01-09,44,Product_44,Body,Deodorant,2,93,0.04,7.44,186,178.56,73.32,9.5,95.74,53.62,Digital Wallet,Completed,7
519,2024-10-29,2024,2024-10,44,292,Customer_0292,Male,55,Potsdam,Berlin,Central Europe,Germany,2023-12-27,4,Product_4,Body,Deodorant,2,45,0.04,3.6,90,86.4,77.36,10.5,-1.46,-1.69,Cash on Delivery,Completed,3
519,2024-10-29,2024,2024-10,44,292,Customer_0292,Male,55,Potsdam,Berlin,Central Europe,Germany,2023-12-27,14,Product_14,Body,Deodorant,5,56,0.1,28.0,280,252.0,207.4,14.25,30.35,12.04,Cash on Delivery,Completed,3
519,2024-10-29,2024,2024-10,44,292,Customer_0292,Male,55,Potsdam,Berlin,Central Europe,Germany,2023-12-27,49,Product_49,Makeup,Lipstick,1,107,0.02,2.14,107,104.86,34.67,9.25,60.94,58.12,Cash on Delivery,Completed,3
926,2024-10-29,2024,2024-10,44,254,Customer_0254,Non-binary,35,Bonn,North Rhine-Westphalia,Central Europe,Germany,2023-08-09,7,Product_7,Hair,Conditioner,5,101,0.1,50.5,505,454.5,227.9,13.25,213.35,46.94,Card,Completed,3
926,2024-10-29,2024,2024-10,44,254,Customer_0254,Non-binary,35,Bonn,North Rhine-Westphalia,Central Europe,Germany,2023-08-09,35,Product_35,Skin,Cleanser,4,30,0.1,12.0,120,108.0,198.72,12.0,-102.72,-95.11,Card,Completed,3
416,2024-10-30,2024,2024-10,44,163,Customer_0163,Male,54,Girona,Catalonia,Southern Europe,Spain,2023-07-27,23,Product_23,Body,Hand Care,2,35,0.04,2.8,70,0.0,0.0,7.5,0.0,0.0,Cash on Delivery,Cancelled,2
416,2024-10-30,2024,2024-10,44,163,Customer_0163,Male,54,Girona,Catalonia,Southern Europe,Spain,2023-07-27,28,Product_28,Hair,Styling,5,47,0.1,23.5,235,0.0,0.0,11.25,0.0,0.0,Cash on Delivery,Cancelled,2
853,2024-10-30,2024,2024-10,44,270,Customer_0270,Female,24,Madrid,Madrid,Southern Europe,Spain,2023-09-17,37,Product_37,Makeup,Lipstick,2,110,0.04,8.8,220,211.2,92.06,8.5,110.64,52.39,Cash on Delivery,Completed,1
853,2024-10-30,2024,2024-10,44,270,Customer_0270,Female,24,Madrid,Madrid,Southern Europe,Spain,2023-09-17,50,Product_50,Skin,Cleanser,2,56,0.04,4.48,112,107.52,110.0,8.5,-10.98,-10.21,Cash on Delivery,Completed,1
906,2024-10-30,2024,2024-10,44,216,Customer_0216,Female,56,Rome,Lazio,Southern Europe,Italy,2023-01-08,15,Product_15,Makeup,Eyeshadow,2,92,0.06,11.04,184,0.0,0.0,9.5,0.0,0.0,Bank Transfer,Returned,2
906,2024-10-30,2024,2024-10,44,216,Customer_0216,Female,56,Rome,Lazio,Southern Europe,Italy,2023-01-08,29,Product_29,Makeup,Blush,5,34,0.12,20.4,170,0.0,0.0,13.25,0.0,0.0,Bank Transfer,Returned,2
913,2024-10-30,2024,2024-10,44,47,Customer_0047,Non-binary,21,Caserta,Campania,Southern Europe,Italy,2024-01-16,6,Product_6,Body,Body Lotion,3,20,0.07,4.2,60,55.8,135.51,9.75,-89.46,-160.32,Card,Completed,3
913,2024-10-30,2024,2024-10,44,47,Customer_0047,Non-binary,21,Caserta,Campania,Southern Europe,Italy,2024-01-16,14,Product_14,Body,Deodorant,1,79,0.02,1.58,79,77.42,41.48,7.25,28.69,37.06,Card,Completed,3
913,2024-10-30,2024,2024-10,44,47,Customer_0047,Non-binary,21,Caserta,Campania,Southern Europe,Italy,2024-01-16,31,Product_31,Body,Body Lotion,1,85,0.02,1.7,85,83.3,51.68,7.25,24.37,29.26,Card,Completed,3
1,2024-10-31,2024,2024-10,44,103,Customer_0103,Male,44,Bergamo,Lombardy,Southern Europe,Italy,2023-03-22,13,Product_13,Skin,Sunscreen,4,58,0.1,23.2,232,208.8,183.64,11.0,14.16,6.78,Card,Completed,2
205,2024-10-31,2024,2024-10,44,39,Customer_0039,Female,47,Casablanca,Casablanca-Settat,North Africa,Morocco,2024-02-15,12,Product_12,Skin,Moisturizer,3,13,0.07,2.73,39,36.27,130.32,10.92,-104.97,-289.41,Card,Completed,8
205,2024-10-31,2024,2024-10,44,39,Customer_0039,Female,47,Casablanca,Casablanca-Settat,North Africa,Morocco,2024-02-15,13,Product_13,Skin,Sunscreen,2,84,0.04,6.72,168,161.28,91.82,9.52,59.94,37.17,Card,Completed,8
205,2024-10-31,2024,2024-10,44,39,Customer_0039,Female,47,Casablanca,Casablanca-Settat,North Africa,Morocco,2024-02-15,20,Product_20,Hair,Hair Mask,3,45,0.07,9.45,135,125.55,148.77,10.92,-34.14,-27.19,Card,Completed,8
205,2024-10-31,2024,2024-10,44,39,Customer_0039,Female,47,Casablanca,Casablanca-Settat,North Africa,Morocco,2024-02-15,44,Product_44,Body,Deodorant,1,71,0.02,1.42,71,69.58,36.66,8.12,24.8,35.64,Card,Completed,8
305,2024-10-31,2024,2024-10,44,104,Customer_0104,Non-binary,51,Granada,Andalusia,Southern Europe,Spain,2023-02-05,23,Product_23,Body,Hand Care,3,23,0.07,4.83,69,0.0,0.0,9.75,0.0,0.0,Digital Wallet,Cancelled,4
683,2024-10-31,2024,2024-10,44,95,Customer_0095,Non-binary,29,Granada,Andalusia,Southern Europe,Spain,2023-11-23,40,Product_40,Hair,Styling,2,68,0.04,5.44,136,130.56,100.04,10.5,20.02,15.33,Bank Transfer,Completed,3
893,2024-10-31,2024,2024-10,44,38,Customer_0038,Non-binary,40,Essaouira,Marrakesh-Safi,North Africa,Morocco,2024-05-03,10,Product_10,Hair,Styling,2,18,0.04,1.44,36,34.56,109.64,9.52,-84.6,-244.79,Cash on Delivery,Completed,5
893,2024-10-31,2024,2024-10,44,38,Customer_0038,Non-binary,40,Essaouira,Marrakesh-Safi,North Africa,Morocco,2024-05-03,32,Product_32,Body,Scrub,1,99,0.02,1.98,99,97.02,40.0,8.12,48.9,50.4,Cash on Delivery,Completed,5
483,2024-11-01,2024,2024-11,44,144,Customer_0144,Female,44,Paris,Ile-de-France,Western Europe,France,2023-06-22,38,Product_38,Makeup,Mascara,2,67,0.07,9.38,134,124.62,85.18,10.5,28.94,23.22,Cash on Delivery,Completed,7
483,2024-11-01,2024,2024-11,44,144,Customer_0144,Female,44,Paris,Ile-de-France,Western Europe,France,2023-06-22,42,Product_42,Skin,Moisturizer,4,61,0.13,31.72,244,212.28,159.88,13.0,39.4,18.56,Cash on Delivery,Completed,7
807,2024-11-01,2024,2024-11,44,203,Customer_0203,Non-binary,47,Granada,Andalusia,Southern Europe,Spain,2024-01-12,13,Product_13,Skin,Sunscreen,3,20,0.1,6.0,60,54.0,137.73,11.75,-95.48,-176.81,Bank Transfer,Completed,3
807,2024-11-01,2024,2024-11,44,203,Customer_0203,Non-binary,47,Granada,Andalusia,Southern Europe,Spain,2024-01-12,13,Product_13,Skin,Sunscreen,2,68,0.07,9.52,136,126.48,91.82,10.5,24.16,19.1,Bank Transfer,Completed,3
807,2024-11-01,2024,2024-11,44,203,Customer_0203,Non-binary,47,Granada,Andalusia,Southern Europe,Spain,2024-01-12,24,Product_24,Hair,Shampoo,1,24,0.05,1.2,24,22.8,37.64,9.25,-24.09,-105.66,Bank Transfer,Completed,3
149,2024-11-02,2024,2024-11,44,198,Customer_0198,Female,53,Munich,Bavaria,Central Europe,Germany,2023-05-02,12,Product_12,Skin,Moisturizer,3,38,0.1,11.4,114,102.6,130.32,9.75,-37.47,-36.52,Cash on Delivery,Completed,4
665,2024-11-02,2024,2024-11,44,133,Customer_0133,Male,49,Potsdam,Berlin,Central Europe,Germany,2023-05-31,13,Product_13,Skin,Sunscreen,4,46,0.13,23.92,184,160.08,183.64,11.0,-34.56,-21.59,Bank Transfer,Completed,5
665,2024-11-02,2024,2024-11,44,133,Customer_0133,Male,49,Potsdam,Berlin,Central Europe,Germany,2023-05-31,35,Product_35,Skin,Cleanser,1,73,0.05,3.65,73,69.35,49.68,7.25,12.42,17.91,Bank Transfer,Completed,5
665,2024-11-02,2024,2024-11,44,133,Customer_0133,Male,49,Potsdam,Berlin,Central Europe,Germany,2023-05-31,48,Product_48,Hair,Shampoo,3,115,0.1,34.5,345,310.5,119.94,9.75,180.81,58.23,Bank Transfer,Completed,5
819,2024-11-03,2024,2024-11,44,47,Customer_0047,Non-binary,21,Caserta,Campania,Southern Europe,Italy,2024-01-16,17,Product_17,Hair,Scalp Care,4,48,0.13,24.96,192,167.04,178.2,13.0,-24.16,-14.46,Bank Transfer,Completed,3
139,2024-11-04,2024,2024-11,45,286,Customer_0286,Male,54,Girona,Catalonia,Southern Europe,Spain,2023-10-06,9,Product_9,Makeup,Eyeshadow,5,56,0.13,36.4,280,243.6,161.75,14.25,67.6,27.75,Digital Wallet,Completed,6
139,2024-11-04,2024,2024-11,45,286,Customer_0286,Male,54,Girona,Catalonia,Southern Europe,Spain,2023-10-06,15,Product_15,Makeup,Eyeshadow,3,52,0.1,15.6,156,140.4,160.56,11.75,-31.91,-22.73,Digital Wallet,Completed,6
139,2024-11-04,2024,2024-11,45,286,Customer_0286,Male,54,Girona,Catalonia,Southern Europe,Spain,2023-10-06,38,Product_38,Makeup,Mascara,1,25,0.05,1.25,25,23.75,42.59,9.25,-28.09,-118.27,Digital Wallet,Completed,6
541,2024-11-04,2024,2024-11,45,134,Customer_0134,Non-binary,56,Caserta,Campania,Southern Europe,Italy,2023-08-28,1,Product_1,Body,Body Lotion,5,72,0.13,46.8,360,0.0,0.0,12.25,0.0,0.0,Cash on Delivery,Cancelled,4
541,2024-11-04,2024,2024-11,45,134,Customer_0134,Non-binary,56,Caserta,Campania,Southern Europe,Italy,2023-08-28,4,Product_4,Body,Deodorant,5,107,0.13,69.55,535,0.0,0.0,12.25,0.0,0.0,Cash on Delivery,Cancelled,4
541,2024-11-04,2024,2024-11,45,134,Customer_0134,Non-binary,56,Caserta,Campania,Southern Europe,Italy,2023-08-28,23,Product_23,Body,Hand Care,3,73,0.1,21.9,219,0.0,0.0,9.75,0.0,0.0,Cash on Delivery,Cancelled,4
541,2024-11-04,2024,2024-11,45,134,Customer_0134,Non-binary,56,Caserta,Campania,Southern Europe,Italy,2023-08-28,41,Product_41,Skin,Serum,4,73,0.13,37.96,292,0.0,0.0,11.0,0.0,0.0,Cash on Delivery,Cancelled,4
662,2024-11-04,2024,2024-11,45,106,Customer_0106,Male,24,Nice,Provence-Alpes-Cote d'Azur,Western Europe,France,2023-05-09,13,Product_13,Skin,Sunscreen,5,117,0.13,76.05,585,508.95,229.55,13.25,266.15,52.29,Card,Completed,2
662,2024-11-04,2024,2024-11,45,106,Customer_0106,Male,24,Nice,Provence-Alpes-Cote d'Azur,Western Europe,France,2023-05-09,18,Product_18,Makeup,Foundation,2,103,0.07,14.42,206,191.58,84.64,9.5,97.44,50.86,Card,Completed,2
662,2024-11-04,2024,2024-11,45,106,Customer_0106,Male,24,Nice,Provence-Alpes-Cote d'Azur,Western Europe,France,2023-05-09,27,Product_27,Makeup,Eyeshadow,3,12,0.1,3.6,36,32.4,131.91,10.75,-110.26,-340.31,Card,Completed,2
662,2024-11-04,2024,2024-11,45,106,Customer_0106,Male,24,Nice,Provence-Alpes-Cote d'Azur,Western Europe,France,2023-05-09,41,Product_41,Skin,Serum,4,30,0.13,15.6,120,104.4,169.88,12.0,-77.48,-74.21,Card,Completed,2
164,2024-11-05,2024,2024-11,45,113,Customer_0113,Non-binary,32,Granada,Andalusia,Southern Europe,Spain,2024-04-12,25,Product_25,Hair,Conditioner,2,90,0.07,12.6,180,167.4,107.14,7.5,52.76,31.52,Digital Wallet,Completed,6
164,2024-11-05,2024,2024-11,45,113,Customer_0113,Non-binary,32,Granada,Andalusia,Southern Europe,Spain,2024-04-12,32,Product_32,Body,Scrub,5,31,0.13,20.15,155,134.85,200.0,11.25,-76.4,-56.66,Digital Wallet,Completed,6
164,2024-11-05,2024,2024-11,45,113,Customer_0113,Non-binary,32,Granada,Andalusia,Southern Europe,Spain,2024-04-12,41,Product_41,Skin,Serum,2,53,0.07,7.42,106,98.58,84.94,7.5,6.14,6.23,Digital Wallet,Completed,6
329,2024-11-05,2024,2024-11,45,150,Customer_0150,Female,45,Casablanca,Casablanca-Settat,North Africa,Morocco,2024-02-07,4,Product_4,Body,Deodorant,2,14,0.07,1.96,28,26.04,77.36,9.52,-60.84,-233.64,Cash on Delivery,Completed,3
593,2024-11-05,2024,2024-11,45,286,Customer_0286,Male,54,Girona,Catalonia,Southern Europe,Spain,2023-10-06,5,Product_5,Skin,Cleanser,1,84,0.05,4.2,84,79.8,55.75,7.25,16.8,21.05,Cash on Delivery,Completed,6
593,2024-11-05,2024,2024-11,45,286,Customer_0286,Male,54,Girona,Catalonia,Southern Europe,Spain,2023-10-06,22,Product_22,Makeup,Concealer,3,91,0.1,27.3,273,245.7,128.19,9.75,107.76,43.86,Cash on Delivery,Completed,6
593,2024-11-05,2024,2024-11,45,286,Customer_0286,Male,54,Girona,Catalonia,Southern Europe,Spain,2023-10-06,40,Product_40,Hair,Styling,5,75,0.13,48.75,375,326.25,250.1,12.25,63.9,19.59,Cash on Delivery,Completed,6
883,2024-11-05,2024,2024-11,45,134,Customer_0134,Non-binary,56,Caserta,Campania,Southern Europe,Italy,2023-08-28,16,Product_16,Makeup,Concealer,2,39,0.07,5.46,78,72.54,106.5,10.5,-44.46,-61.29,Digital Wallet,Completed,4
883,2024-11-05,2024,2024-11,45,134,Customer_0134,Non-binary,56,Caserta,Campania,Southern Europe,Italy,2023-08-28,30,Product_30,Hair,Shampoo,2,46,0.07,6.44,92,85.56,95.32,10.5,-20.26,-23.68,Digital Wallet,Completed,4
883,2024-11-05,2024,2024-11,45,134,Customer_0134,Non-binary,56,Caserta,Campania,Southern Europe,Italy,2023-08-28,40,Product_40,Hair,Styling,3,107,0.1,32.1,321,288.9,150.06,11.75,127.09,43.99,Digital Wallet,Completed,4
970,2024-11-05,2024,2024-11,45,128,Customer_0128,Non-binary,55,Caserta,Campania,Southern Europe,Italy,2024-03-20,44,Product_44,Body,Deodorant,4,47,0.13,24.44,188,0.0,0.0,12.0,0.0,0.0,Bank Transfer,Cancelled,2
54,2024-11-06,2024,2024-11,45,218,Customer_0218,Non-binary,29,Bonn,North Rhine-Westphalia,Central Europe,Germany,2024-04-12,13,Product_13,Skin,Sunscreen,2,70,0.07,9.8,140,130.2,91.82,9.5,28.88,22.18,Card,Completed,4
54,2024-11-06,2024,2024-11,45,218,Customer_0218,Non-binary,29,Bonn,North Rhine-Westphalia,Central Europe,Germany,2024-04-12,14,Product_14,Body,Deodorant,4,100,0.13,52.0,400,348.0,165.92,12.0,170.08,48.87,Card,Completed,4
54,2024-11-06,2024,2024-11,45,218,Customer_0218,Non-binary,29,Bonn,North Rhine-Westphalia,Central Europe,Germany,2024-04-12,46,Product_46,Makeup,Concealer,3,10,0.1,3.0,30,27.0,133.32,10.75,-117.07,-433.59,Card,Completed,4
209,2024-11-06,2024,2024-11,45,298,Customer_0298,Male,56,Sale,Rabat-Sale-Kenitra,North Africa,Morocco,2023-12-06,47,Product_47,Hair,Scalp Care,3,110,0.1,33.0,330,297.0,136.26,10.92,149.82,50.44,Cash on Delivery,Completed,1
270,2024-11-06,2024,2024-11,45,192,Customer_0192,Female,52,Rome,Lazio,Southern Europe,Italy,2023-08-10,10,Product_10,Hair,Styling,5,100,0.13,65.0,500,435.0,274.1,13.25,147.65,33.94,Bank Transfer,Completed,4
834,2024-11-06,2024,2024-11,45,168,Customer_0168,Female,48,Paris,Ile-de-France,Western Europe,France,2024-04-22,11,Product_11,Makeup,Blush,3,47,0.1,14.1,141,126.9,143.16,10.75,-27.01,-21.28,Bank Transfer,Completed,3
834,2024-11-06,2024,2024-11,45,168,Customer_0168,Female,48,Paris,Ile-de-France,Western Europe,France,2024-04-22,14,Product_14,Body,Deodorant,4,101,0.13,52.52,404,351.48,165.92,12.0,173.56,49.38,Bank Transfer,Completed,3
834,2024-11-06,2024,2024-11,45,168,Customer_0168,Female,48,Paris,Ile-de-France,Western Europe,France,2024-04-22,18,Product_18,Makeup,Foundation,2,33,0.07,4.62,66,61.38,84.64,9.5,-32.76,-53.37,Bank Transfer,Completed,3
834,2024-11-06,2024,2024-11,45,168,Customer_0168,Female,48,Paris,Ile-de-France,Western Europe,France,2024-04-22,42,Product_42,Skin,Moisturizer,5,76,0.13,49.4,380,330.6,199.85,13.25,117.5,35.54,Bank Transfer,Completed,3
171,2024-11-07,2024,2024-11,45,130,Customer_0130,Male,28,Girona,Catalonia,Southern Europe,Spain,2023-07-26,5,Product_5,Skin,Cleanser,4,114,0.13,59.28,456,396.72,223.0,13.0,160.72,40.51,Digital Wallet,Completed,4
171,2024-11-07,2024,2024-11,45,130,Customer_0130,Male,28,Girona,Catalonia,Southern Europe,Spain,2023-07-26,21,Product_21,Hair,Hair Oil,1,36,0.05,1.8,36,34.2,48.44,9.25,-23.49,-68.68,Digital Wallet,Completed,4
171,2024-11-07,2024,2024-11,45,130,Customer_0130,Male,28,Girona,Catalonia,Southern Europe,Spain,2023-07-26,31,Product_31,Body,Body Lotion,2,84,0.07,11.76,168,156.24,103.36,10.5,42.38,27.12,Digital Wallet,Completed,4
672,2024-11-07,2024,2024-11,45,262,Customer_0262,Male,50,Sale,Rabat-Sale-Kenitra,North Africa,Morocco,2023-10-03,14,Product_14,Body,Deodorant,3,34,0.1,10.2,102,91.8,124.44,9.8,-42.44,-46.23,Bank Transfer,Completed,2
672,2024-11-07,2024,2024-11,45,262,Customer_0262,Male,50,Sale,Rabat-Sale-Kenitra,North Africa,Morocco,2023-10-03,30,Product_30,Hair,Shampoo,3,45,0.1,13.5,135,121.5,142.98,9.8,-31.28,-25.74,Bank Transfer,Completed,2
777,2024-11-07,2024,2024-11,45,180,Customer_0180,Female,50,Rome,Lazio,Southern Europe,Italy,2023-04-03,29,Product_29,Makeup,Blush,3,36,0.1,10.8,108,97.2,98.7,9.75,-11.25,-11.57,Digital Wallet,Completed,5
964,2024-11-07,2024,2024-11,45,25,Customer_0025,Male,31,Bergamo,Lombardy,Southern Europe,Italy,2023-01-31,15,Product_15,Makeup,Eyeshadow,4,94,0.15,56.4,376,0.0,0.0,10.0,0.0,0.0,Digital Wallet,Returned,3
964,2024-11-07,2024,2024-11,45,25,Customer_0025,Male,31,Bergamo,Lombardy,Southern Europe,Italy,2023-01-31,42,Product_42,Skin,Moisturizer,4,87,0.15,52.2,348,0.0,0.0,10.0,0.0,0.0,Digital Wallet,Returned,3
30,2024-11-08,2024,2024-11,45,51,Customer_0051,Female,49,Munich,Bavaria,Central Europe,Germany,2024-02-03,41,Product_41,Skin,Serum,2,64,0.07,8.96,128,119.04,84.94,9.5,24.6,20.67,Digital Wallet,Completed,4
640,2024-11-09,2024,2024-11,45,268,Customer_0268,Male,51,Nice,Provence-Alpes-Cote d'Azur,Western Europe,France,2023-05-10,26,Product_26,Makeup,Mascara,5,19,0.15,14.25,95,0.0,0.0,11.25,0.0,0.0,Card,Returned,2
640,2024-11-09,2024,2024-11,45,268,Customer_0268,Male,51,Nice,Provence-Alpes-Cote d'Azur,Western Europe,France,2023-05-10,42,Product_42,Skin,Moisturizer,4,88,0.15,52.8,352,0.0,0.0,10.0,0.0,0.0,Card,Returned,2
387,2024-11-11,2024,2024-11,46,94,Customer_0094,Male,22,Potsdam,Berlin,Central Europe,Germany,2024-04-25,2,Product_2,Skin,Moisturizer,2,56,0.07,7.84,112,104.16,82.66,10.5,11.0,10.56,Digital Wallet,Completed,2
387,2024-11-11,2024,2024-11,46,94,Customer_0094,Male,22,Potsdam,Berlin,Central Europe,Germany,2024-04-25,15,Product_15,Makeup,Eyeshadow,5,52,0.13,33.8,260,226.2,267.6,14.25,-55.65,-24.6,Digital Wallet,Completed,2
387,2024-11-11,2024,2024-11,46,94,Customer_0094,Male,22,Potsdam,Berlin,Central Europe,Germany,2024-04-25,22,Product_22,Makeup,Concealer,2,14,0.07,1.96,28,26.04,85.46,10.5,-69.92,-268.51,Digital Wallet,Completed,2
387,2024-11-11,2024,2024-11,46,94,Customer_0094,Male,22,Potsdam,Berlin,Central Europe,Germany,2024-04-25,25,Product_25,Hair,Conditioner,3,100,0.1,30.0,300,270.0,160.71,11.75,97.54,36.13,Digital Wallet,Completed,2
551,2024-11-11,2024,2024-11,46,252,Customer_0252,Female,21,Munich,Bavaria,Central Europe,Germany,2023-12-28,1,Product_1,Body,Body Lotion,2,56,0.07,7.84,112,104.16,90.66,10.5,3.0,2.88,Cash on Delivery,Completed,5
731,2024-11-11,2024,2024-11,46,28,Customer_0028,Male,52,Sale,Rabat-Sale-Kenitra,North Africa,Morocco,2024-02-04,36,Product_36,Skin,Serum,2,12,0.07,1.68,24,22.32,108.14,11.76,-97.58,-437.19,Cash on Delivery,Completed,4
731,2024-11-11,2024,2024-11,46,28,Customer_0028,Male,52,Sale,Rabat-Sale-Kenitra,North Africa,Morocco,2024-02-04,45,Product_45,Body,Body Wash,2,100,0.07,14.0,200,186.0,96.12,11.76,78.12,42.0,Cash on Delivery,Completed,4
891,2024-11-11,2024,2024-11,46,231,Customer_0231,Female,38,Casablanca,Casablanca-Settat,North Africa,Morocco,2024-02-18,27,Product_27,Makeup,Eyeshadow,2,53,0.07,7.42,106,98.58,87.94,11.76,-1.12,-1.14,Bank Transfer,Completed,5
891,2024-11-11,2024,2024-11,46,231,Customer_0231,Female,38,Casablanca,Casablanca-Settat,North Africa,Morocco,2024-02-18,32,Product_32,Body,Scrub,3,34,0.1,10.2,102,91.8,120.0,13.16,-41.36,-45.05,Bank Transfer,Completed,5
891,2024-11-11,2024,2024-11,46,231,Customer_0231,Female,38,Casablanca,Casablanca-Settat,North Africa,Morocco,2024-02-18,40,Product_40,Hair,Styling,4,23,0.13,11.96,92,80.04,200.08,14.56,-134.6,-168.17,Bank Transfer,Completed,5
891,2024-11-11,2024,2024-11,46,231,Customer_0231,Female,38,Casablanca,Casablanca-Settat,North Africa,Morocco,2024-02-18,45,Product_45,Body,Body Wash,1,95,0.05,4.75,95,90.25,48.06,10.36,31.83,35.27,Bank Transfer,Completed,5
619,2024-11-12,2024,2024-11,46,165,Customer_0165,Female,27,Rome,Lazio,Southern Europe,Italy,2023-04-05,2,Product_2,Skin,Moisturizer,2,49,0.07,6.86,98,91.14,82.66,10.5,-2.02,-2.22,Card,Completed,4
619,2024-11-12,2024,2024-11,46,165,Customer_0165,Female,27,Rome,Lazio,Southern Europe,Italy,2023-04-05,25,Product_25,Hair,Conditioner,5,69,0.13,44.85,345,300.15,267.85,14.25,18.05,6.01,Card,Completed,4
619,2024-11-12,2024,2024-11,46,165,Customer_0165,Female,27,Rome,Lazio,Southern Europe,Italy,2023-04-05,29,Product_29,Makeup,Blush,4,24,0.13,12.48,96,83.52,131.6,13.0,-61.08,-73.13,Card,Completed,4
619,2024-11-12,2024,2024-11,46,165,Customer_0165,Female,27,Rome,Lazio,Southern Europe,Italy,2023-04-05,29,Product_29,Makeup,Blush,3,81,0.1,24.3,243,218.7,98.7,11.75,108.25,49.5,Card,Completed,4
619,2024-11-12,2024,2024-11,46,165,Customer_0165,Female,27,Rome,Lazio,Southern Europe,Italy,2023-04-05,44,Product_44,Body,Deodorant,2,67,0.07,9.38,134,124.62,73.32,10.5,40.8,32.74,Card,Completed,4
212,2024-11-13,2024,2024-11,46,252,Customer_0252,Female,21,Munich,Bavaria,Central Europe,Germany,2023-12-28,4,Product_4,Body,Deodorant,3,77,0.1,23.1,231,207.9,116.04,8.75,83.11,39.98,Card,Completed,5
212,2024-11-13,2024,2024-11,46,252,Customer_0252,Female,21,Munich,Bavaria,Central Europe,Germany,2023-12-28,8,Product_8,Body,Hand Care,2,91,0.07,12.74,182,169.26,93.4,7.5,68.36,40.39,Card,Completed,5
212,2024-11-13,2024,2024-11,46,252,Customer_0252,Female,21,Munich,Bavaria,Central Europe,Germany,2023-12-28,29,Product_29,Makeup,Blush,4,40,0.13,20.8,160,139.2,131.6,10.0,-2.4,-1.72,Card,Completed,5
284,2024-11-13,2024,2024-11,46,99,Customer_0099,Female,57,Rome,Lazio,Southern Europe,Italy,2024-01-09,23,Product_23,Body,Hand Care,2,59,0.07,8.26,118,109.74,84.68,7.5,17.56,16.0,Cash on Delivery,Completed,7
395,2024-11-13,2024,2024-11,46,222,Customer_0222,Female,57,Madrid,Madrid,Southern Europe,Spain,2023-07-10,29,Product_29,Makeup,Blush,2,63,0.07,8.82,126,117.18,65.8,10.5,40.88,34.89,Digital Wallet,Completed,2
632,2024-11-13,2024,2024-11,46,95,Customer_0095,Non-binary,29,Granada,Andalusia,Southern Europe,Spain,2023-11-23,9,Product_9,Makeup,Eyeshadow,4,80,0.13,41.6,320,0.0,0.0,10.0,0.0,0.0,Cash on Delivery,Cancelled,3
632,2024-11-13,2024,2024-11,46,95,Customer_0095,Non-binary,29,Granada,Andalusia,Southern Europe,Spain,2023-11-23,40,Product_40,Hair,Styling,1,71,0.05,3.55,71,0.0,0.0,6.25,0.0,0.0,Cash on Delivery,Cancelled,3
632,2024-11-13,2024,2024-11,46,95,Customer_0095,Non-binary,29,Granada,Andalusia,Southern Europe,Spain,2023-11-23,43,Product_43,Hair,Conditioner,5,95,0.13,61.75,475,0.0,0.0,11.25,0.0,0.0,Cash on Delivery,Cancelled,3
634,2024-11-13,2024,2024-11,46,39,Customer_0039,Female,47,Casablanca,Casablanca-Settat,North Africa,Morocco,2024-02-15,34,Product_34,Hair,Styling,1,99,0.05,4.95,99,94.05,33.37,9.24,51.44,54.69,Digital Wallet,Completed,8
730,2024-11-13,2024,2024-11,46,14,Customer_0014,Non-binary,36,Caserta,Campania,Southern Europe,Italy,2023-01-04,31,Product_31,Body,Body Lotion,1,39,0.05,1.95,39,37.05,51.68,8.25,-22.88,-61.75,Card,Completed,2
14,2024-11-14,2024,2024-11,46,150,Customer_0150,Female,45,Casablanca,Casablanca-Settat,North Africa,Morocco,2024-02-07,10,Product_10,Hair,Styling,5,52,0.13,33.8,260,226.2,274.1,14.84,-62.74,-27.74,Card,Completed,3
14,2024-11-14,2024,2024-11,46,150,Customer_0150,Female,45,Casablanca,Casablanca-Settat,North Africa,Morocco,2024-02-07,22,Product_22,Makeup,Concealer,4,35,0.13,18.2,140,121.8,170.92,13.44,-62.56,-51.36,Card,Completed,3
313,2024-11-14,2024,2024-11,46,13,Customer_0013,Male,29,Bergamo,Lombardy,Southern Europe,Italy,2024-02-10,12,Product_12,Skin,Moisturizer,2,91,0.07,12.74,182,169.26,86.88,8.5,73.88,43.65,Bank Transfer,Completed,5
313,2024-11-14,2024,2024-11,46,13,Customer_0013,Male,29,Bergamo,Lombardy,Southern Europe,Italy,2024-02-10,17,Product_17,Hair,Scalp Care,2,71,0.07,9.94,142,132.06,89.1,8.5,34.46,26.09,Bank Transfer,Completed,5
313,2024-11-14,2024,2024-11,46,13,Customer_0013,Male,29,Bergamo,Lombardy,Southern Europe,Italy,2024-02-10,38,Product_38,Makeup,Mascara,1,113,0.05,5.65,113,107.35,42.59,7.25,57.51,53.57,Bank Transfer,Completed,5
313,2024-11-14,2024,2024-11,46,13,Customer_0013,Male,29,Bergamo,Lombardy,Southern Europe,Italy,2024-02-10,45,Product_45,Body,Body Wash,3,67,0.1,20.1,201,180.9,144.18,9.75,26.97,14.91,Bank Transfer,Completed,5
465,2024-11-14,2024,2024-11,46,217,Customer_0217,Male,22,Bergamo,Lombardy,Southern Europe,Italy,2023-02-01,1,Product_1,Body,Body Lotion,1,37,0.05,1.85,37,35.15,45.33,7.25,-17.43,-49.59,Bank Transfer,Completed,4
465,2024-11-14,2024,2024-11,46,217,Customer_0217,Male,22,Bergamo,Lombardy,Southern Europe,Italy,2023-02-01,3,Product_3,Hair,Hair Oil,2,67,0.07,9.38,134,124.62,78.34,8.5,37.78,30.32,Bank Transfer,Completed,4
465,2024-11-14,2024,2024-11,46,217,Customer_0217,Male,22,Bergamo,Lombardy,Southern Europe,Italy,2023-02-01,49,Product_49,Makeup,Lipstick,1,51,0.05,2.55,51,48.45,34.67,7.25,6.53,13.48,Bank Transfer,Completed,4
563,2024-11-14,2024,2024-11,46,259,Customer_0259,Male,29,Girona,Catalonia,Southern Europe,Spain,2024-03-15,8,Product_8,Body,Hand Care,4,12,0.13,6.24,48,0.0,0.0,13.0,0.0,0.0,Bank Transfer,Cancelled,5
563,2024-11-14,2024,2024-11,46,259,Customer_0259,Male,29,Girona,Catalonia,Southern Europe,Spain,2024-03-15,49,Product_49,Makeup,Lipstick,5,54,0.13,35.1,270,0.0,0.0,14.25,0.0,0.0,Bank Transfer,Cancelled,5
529,2024-11-15,2024,2024-11,46,126,Customer_0126,Female,41,Paris,Ile-de-France,Western Europe,France,2023-07-24,21,Product_21,Hair,Hair Oil,5,47,0.13,30.55,235,204.45,242.2,12.25,-50.0,-24.46,Cash on Delivery,Completed,6
529,2024-11-15,2024,2024-11,46,126,Customer_0126,Female,41,Paris,Ile-de-France,Western Europe,France,2023-07-24,22,Product_22,Makeup,Concealer,2,33,0.07,4.62,66,61.38,85.46,8.5,-32.58,-53.08,Cash on Delivery,Completed,6
574,2024-11-15,2024,2024-11,46,186,Customer_0186,Female,51,Munich,Bavaria,Central Europe,Germany,2023-01-29,17,Product_17,Hair,Scalp Care,3,68,0.1,20.4,204,0.0,0.0,10.75,0.0,0.0,Card,Cancelled,1
574,2024-11-15,2024,2024-11,46,186,Customer_0186,Female,51,Munich,Bavaria,Central Europe,Germany,2023-01-29,34,Product_34,Hair,Styling,3,34,0.1,10.2,102,0.0,0.0,10.75,0.0,0.0,Card,Cancelled,1
574,2024-11-15,2024,2024-11,46,186,Customer_0186,Female,51,Munich,Bavaria,Central Europe,Germany,2023-01-29,44,Product_44,Body,Deodorant,3,109,0.1,32.7,327,0.0,0.0,10.75,0.0,0.0,Card,Cancelled,1
574,2024-11-15,2024,2024-11,46,186,Customer_0186,Female,51,Munich,Bavaria,Central Europe,Germany,2023-01-29,46,Product_46,Makeup,Concealer,3,40,0.1,12.0,120,0.0,0.0,10.75,0.0,0.0,Card,Cancelled,1
574,2024-11-15,2024,2024-11,46,186,Customer_0186,Female,51,Munich,Bavaria,Central Europe,Germany,2023-01-29,48,Product_48,Hair,Shampoo,5,70,0.13,45.5,350,0.0,0.0,13.25,0.0,0.0,Card,Cancelled,1
29,2024-11-16,2024,2024-11,46,175,Customer_0175,Male,56,Bergamo,Lombardy,Southern Europe,Italy,2023-01-24,34,Product_34,Hair,Styling,3,16,0.1,4.8,48,43.2,100.11,9.75,-66.66,-154.31,Card,Completed,1
29,2024-11-16,2024,2024-11,46,175,Customer_0175,Male,56,Bergamo,Lombardy,Southern Europe,Italy,2023-01-24,47,Product_47,Hair,Scalp Care,2,96,0.07,13.44,192,178.56,90.84,8.5,79.22,44.37,Card,Completed,1
32,2024-11-18,2024,2024-11,47,244,Customer_0244,Male,47,Bergamo,Lombardy,Southern Europe,Italy,2023-07-15,10,Product_10,Hair,Styling,3,74,0.1,22.2,222,199.8,164.46,8.75,26.59,13.31,Card,Completed,2
32,2024-11-18,2024,2024-11,47,244,Customer_0244,Male,47,Bergamo,Lombardy,Southern Europe,Italy,2023-07-15,32,Product_32,Body,Scrub,5,41,0.13,26.65,205,178.35,200.0,11.25,-32.9,-18.45,Card,Completed,2
367,2024-11-18,2024,2024-11,47,126,Customer_0126,Female,41,Paris,Ile-de-France,Western Europe,France,2023-07-24,7,Product_7,Hair,Conditioner,4,89,0.13,46.28,356,309.72,182.32,13.0,114.4,36.94,Digital Wallet,Completed,6
367,2024-11-18,2024,2024-11,47,126,Customer_0126,Female,41,Paris,Ile-de-France,Western Europe,France,2023-07-24,20,Product_20,Hair,Hair Mask,4,85,0.13,44.2,340,295.8,198.36,13.0,84.44,28.55,Digital Wallet,Completed,6
367,2024-11-18,2024,2024-11,47,126,Customer_0126,Female,41,Paris,Ile-de-France,Western Europe,France,2023-07-24,27,Product_27,Makeup,Eyeshadow,1,90,0.05,4.5,90,85.5,43.97,9.25,32.28,37.75,Digital Wallet,Completed,6
399,2024-11-18,2024,2024-11,47,246,Customer_0246,Female,20,Munich,Bavaria,Central Europe,Germany,2023-09-06,12,Product_12,Skin,Moisturizer,4,86,0.13,44.72,344,299.28,173.76,13.0,112.52,37.6,Digital Wallet,Completed,2
399,2024-11-18,2024,2024-11,47,246,Customer_0246,Female,20,Munich,Bavaria,Central Europe,Germany,2023-09-06,18,Product_18,Makeup,Foundation,2,15,0.07,2.1,30,27.9,84.64,10.5,-67.24,-241.0,Digital Wallet,Completed,2
299,2024-11-19,2024,2024-11,47,114,Customer_0114,Female,39,Casablanca,Casablanca-Settat,North Africa,Morocco,2023-05-22,8,Product_8,Body,Hand Care,4,104,0.15,62.4,416,0.0,0.0,14.56,0.0,0.0,Digital Wallet,Returned,1
299,2024-11-19,2024,2024-11,47,114,Customer_0114,Female,39,Casablanca,Casablanca-Settat,North Africa,Morocco,2023-05-22,36,Product_36,Skin,Serum,2,41,0.09,7.38,82,0.0,0.0,11.76,0.0,0.0,Digital Wallet,Returned,1
474,2024-11-19,2024,2024-11,47,206,Customer_0206,Non-binary,27,Granada,Andalusia,Southern Europe,Spain,2023-12-28,1,Product_1,Body,Body Lotion,4,29,0.13,15.08,116,100.92,181.32,12.0,-92.4,-91.56,Card,Completed,2
474,2024-11-19,2024,2024-11,47,206,Customer_0206,Non-binary,27,Granada,Andalusia,Southern Europe,Spain,2023-12-28,4,Product_4,Body,Deodorant,3,19,0.1,5.7,57,51.3,116.04,10.75,-75.49,-147.15,Card,Completed,2
870,2024-11-19,2024,2024-11,47,288,Customer_0288,Female,27,Paris,Ile-de-France,Western Europe,France,2024-02-20,8,Product_8,Body,Hand Care,3,89,0.1,26.7,267,240.3,140.1,10.75,89.45,37.22,Bank Transfer,Completed,3
870,2024-11-19,2024,2024-11,47,288,Customer_0288,Female,27,Paris,Ile-de-France,Western Europe,France,2024-02-20,12,Product_12,Skin,Moisturizer,4,112,0.13,58.24,448,389.76,173.76,12.0,204.0,52.34,Bank Transfer,Completed,3
934,2024-11-19,2024,2024-11,47,210,Customer_0210,Female,55,Casablanca,Casablanca-Settat,North Africa,Morocco,2023-05-07,21,Product_21,Hair,Hair Oil,5,18,0.13,11.7,90,78.3,242.2,14.84,-178.74,-228.28,Card,Completed,2
934,2024-11-19,2024,2024-11,47,210,Customer_0210,Female,55,Casablanca,Casablanca-Settat,North Africa,Morocco,2023-05-07,37,Product_37,Makeup,Lipstick,4,39,0.13,20.28,156,135.72,184.12,13.44,-61.84,-45.56,Card,Completed,2
728,2024-11-20,2024,2024-11,47,56,Customer_0056,Non-binary,43,Caserta,Campania,Southern Europe,Italy,2023-04-07,21,Product_21,Hair,Hair Oil,5,18,0.13,11.7,90,78.3,242.2,11.25,-175.15,-223.69,Card,Completed,2
728,2024-11-20,2024,2024-11,47,56,Customer_0056,Non-binary,43,Caserta,Campania,Southern Europe,Italy,2023-04-07,22,Product_22,Makeup,Concealer,2,73,0.07,10.22,146,135.78,85.46,7.5,42.82,31.54,Card,Completed,2
728,2024-11-20,2024,2024-11,47,56,Customer_0056,Non-binary,43,Caserta,Campania,Southern Europe,Italy,2023-04-07,24,Product_24,Hair,Shampoo,4,20,0.13,10.4,80,69.6,150.56,10.0,-90.96,-130.69,Card,Completed,2
728,2024-11-20,2024,2024-11,47,56,Customer_0056,Non-binary,43,Caserta,Campania,Southern Europe,Italy,2023-04-07,46,Product_46,Makeup,Concealer,2,65,0.07,9.1,130,120.9,88.88,7.5,24.52,20.28,Card,Completed,2
794,2024-11-20,2024,2024-11,47,40,Customer_0040,Male,54,Sale,Rabat-Sale-Kenitra,North Africa,Morocco,2023-09-04,2,Product_2,Skin,Moisturizer,5,13,0.13,8.45,65,56.55,206.65,14.84,-164.94,-291.67,Bank Transfer,Completed,1
794,2024-11-20,2024,2024-11,47,40,Customer_0040,Male,54,Sale,Rabat-Sale-Kenitra,North Africa,Morocco,2023-09-04,13,Product_13,Skin,Sunscreen,5,64,0.13,41.6,320,278.4,229.55,14.84,34.01,12.22,Bank Transfer,Completed,1
794,2024-11-20,2024,2024-11,47,40,Customer_0040,Male,54,Sale,Rabat-Sale-Kenitra,North Africa,Morocco,2023-09-04,23,Product_23,Body,Hand Care,1,74,0.05,3.7,74,70.3,42.34,9.24,18.72,26.63,Bank Transfer,Completed,1
794,2024-11-20,2024,2024-11,47,40,Customer_0040,Male,54,Sale,Rabat-Sale-Kenitra,North Africa,Morocco,2023-09-04,25,Product_25,Hair,Conditioner,1,33,0.05,1.65,33,31.35,53.57,9.24,-31.46,-100.35,Bank Transfer,Completed,1
114,2024-11-21,2024,2024-11,47,241,Customer_0241,Male,26,Sale,Rabat-Sale-Kenitra,North Africa,Morocco,2024-01-22,17,Product_17,Hair,Scalp Care,5,30,0.13,19.5,150,130.5,222.75,14.84,-107.09,-82.06,Cash on Delivery,Completed,1
114,2024-11-21,2024,2024-11,47,241,Customer_0241,Male,26,Sale,Rabat-Sale-Kenitra,North Africa,Morocco,2024-01-22,31,Product_31,Body,Body Lotion,3,113,0.1,33.9,339,305.1,155.04,12.04,138.02,45.24,Cash on Delivery,Completed,1
461,2024-11-21,2024,2024-11,47,286,Customer_0286,Male,54,Girona,Catalonia,Southern Europe,Spain,2023-10-06,17,Product_17,Hair,Scalp Care,4,30,0.13,15.6,120,104.4,178.2,11.0,-84.8,-81.23,Cash on Delivery,Completed,6
738,2024-11-21,2024,2024-11,47,3,Customer_0003,Female,41,Madrid,Madrid,Southern Europe,Spain,2023-10-23,14,Product_14,Body,Deodorant,2,90,0.07,12.6,180,167.4,82.96,9.5,74.94,44.77,Digital Wallet,Completed,1
920,2024-11-21,2024,2024-11,47,282,Customer_0282,Female,26,Paris,Ile-de-France,Western Europe,France,2024-05-06,14,Product_14,Body,Deodorant,1,109,0.07,7.63,109,0.0,0.0,6.25,0.0,0.0,Bank Transfer,Returned,2
920,2024-11-21,2024,2024-11,47,282,Customer_0282,Female,26,Paris,Ile-de-France,Western Europe,France,2024-05-06,33,Product_33,Hair,Hair Oil,4,19,0.15,11.4,76,0.0,0.0,10.0,0.0,0.0,Bank Transfer,Returned,2
920,2024-11-21,2024,2024-11,47,282,Customer_0282,Female,26,Paris,Ile-de-France,Western Europe,France,2024-05-06,48,Product_48,Hair,Shampoo,3,73,0.12,26.28,219,0.0,0.0,8.75,0.0,0.0,Bank Transfer,Returned,2
382,2024-11-23,2024,2024-11,47,185,Customer_0185,Non-binary,44,Annecy,Auvergne-Rhone-Alpes,Western Europe,France,2023-06-07,16,Product_16,Makeup,Concealer,3,40,0.1,12.0,120,108.0,159.75,10.75,-62.5,-57.87,Cash on Delivery,Completed,1
382,2024-11-23,2024,2024-11,47,185,Customer_0185,Non-binary,44,Annecy,Auvergne-Rhone-Alpes,Western Europe,France,2023-06-07,18,Product_18,Makeup,Foundation,1,32,0.05,1.6,32,30.4,42.32,8.25,-20.17,-66.35,Cash on Delivery,Completed,1
629,2024-11-23,2024,2024-11,47,260,Customer_0260,Non-binary,36,Caserta,Campania,Southern Europe,Italy,2024-03-11,6,Product_6,Body,Body Lotion,3,88,0.1,26.4,264,237.6,135.51,9.75,92.34,38.86,Digital Wallet,Completed,2
629,2024-11-23,2024,2024-11,47,260,Customer_0260,Non-binary,36,Caserta,Campania,Southern Europe,Italy,2024-03-11,10,Product_10,Hair,Styling,3,37,0.1,11.1,111,99.9,164.46,9.75,-74.31,-74.38,Digital Wallet,Completed,2
844,2024-11-23,2024,2024-11,47,236,Customer_0236,Non-binary,32,Essaouira,Marrakesh-Safi,North Africa,Morocco,2023-01-02,7,Product_7,Hair,Conditioner,1,99,0.05,4.95,99,94.05,45.58,7.0,41.47,44.09,Card,Completed,3
844,2024-11-23,2024,2024-11,47,236,Customer_0236,Non-binary,32,Essaouira,Marrakesh-Safi,North Africa,Morocco,2023-01-02,12,Product_12,Skin,Moisturizer,4,59,0.13,30.68,236,205.32,173.76,11.2,20.36,9.92,Card,Completed,3
844,2024-11-23,2024,2024-11,47,236,Customer_0236,Non-binary,32,Essaouira,Marrakesh-Safi,North Africa,Morocco,2023-01-02,30,Product_30,Hair,Shampoo,5,41,0.13,26.65,205,178.35,238.3,12.6,-72.55,-40.68,Card,Completed,3
905,2024-11-23,2024,2024-11,47,228,Customer_0228,Female,58,Munich,Bavaria,Central Europe,Germany,2023-10-12,35,Product_35,Skin,Cleanser,4,23,0.13,11.96,92,80.04,198.72,11.0,-129.68,-162.02,Digital Wallet,Completed,2
905,2024-11-23,2024,2024-11,47,228,Customer_0228,Female,58,Munich,Bavaria,Central Europe,Germany,2023-10-12,44,Product_44,Body,Deodorant,4,119,0.13,61.88,476,414.12,146.64,11.0,256.48,61.93,Digital Wallet,Completed,2
361,2024-11-24,2024,2024-11,47,58,Customer_0058,Male,57,Sale,Rabat-Sale-Kenitra,North Africa,Morocco,2023-12-05,20,Product_20,Hair,Hair Mask,4,119,0.13,61.88,476,414.12,198.36,12.32,203.44,49.13,Cash on Delivery,Completed,4
361,2024-11-24,2024,2024-11,47,58,Customer_0058,Male,57,Sale,Rabat-Sale-Kenitra,North Africa,Morocco,2023-12-05,20,Product_20,Hair,Hair Mask,1,17,0.05,0.85,17,16.15,49.59,8.12,-41.56,-257.34,Cash on Delivery,Completed,4
56,2024-11-25,2024,2024-11,48,162,Customer_0162,Female,47,Rome,Lazio,Southern Europe,Italy,2023-09-12,1,Product_1,Body,Body Lotion,4,98,0.13,50.96,392,341.04,181.32,10.0,149.72,43.9,Bank Transfer,Completed,2
56,2024-11-25,2024,2024-11,48,162,Customer_0162,Female,47,Rome,Lazio,Southern Europe,Italy,2023-09-12,24,Product_24,Hair,Shampoo,3,42,0.1,12.6,126,113.4,112.92,8.75,-8.27,-7.29,Bank Transfer,Completed,2
207,2024-11-25,2024,2024-11,48,267,Customer_0267,Female,44,Madrid,Madrid,Southern Europe,Spain,2024-02-15,2,Product_2,Skin,Moisturizer,2,95,0.07,13.3,190,0.0,0.0,10.5,0.0,0.0,Bank Transfer,Cancelled,2
207,2024-11-25,2024,2024-11,48,267,Customer_0267,Female,44,Madrid,Madrid,Southern Europe,Spain,2024-02-15,7,Product_7,Hair,Conditioner,3,70,0.1,21.0,210,0.0,0.0,11.75,0.0,0.0,Bank Transfer,Cancelled,2
207,2024-11-25,2024,2024-11,48,267,Customer_0267,Female,44,Madrid,Madrid,Southern Europe,Spain,2024-02-15,14,Product_14,Body,Deodorant,3,26,0.1,7.8,78,0.0,0.0,11.75,0.0,0.0,Bank Transfer,Cancelled,2
207,2024-11-25,2024,2024-11,48,267,Customer_0267,Female,44,Madrid,Madrid,Southern Europe,Spain,2024-02-15,18,Product_18,Makeup,Foundation,2,68,0.07,9.52,136,0.0,0.0,10.5,0.0,0.0,Bank Transfer,Cancelled,2
207,2024-11-25,2024,2024-11,48,267,Customer_0267,Female,44,Madrid,Madrid,Southern Europe,Spain,2024-02-15,35,Product_35,Skin,Cleanser,1,99,0.05,4.95,99,0.0,0.0,9.25,0.0,0.0,Bank Transfer,Cancelled,2
207,2024-11-25,2024,2024-11,48,267,Customer_0267,Female,44,Madrid,Madrid,Southern Europe,Spain,2024-02-15,41,Product_41,Skin,Serum,2,48,0.07,6.72,96,0.0,0.0,10.5,0.0,0.0,Bank Transfer,Cancelled,2
207,2024-11-25,2024,2024-11,48,267,Customer_0267,Female,44,Madrid,Madrid,Southern Europe,Spain,2024-02-15,50,Product_50,Skin,Cleanser,2,60,0.07,8.4,120,0.0,0.0,10.5,0.0,0.0,Bank Transfer,Cancelled,2
331,2024-11-25,2024,2024-11,48,180,Customer_0180,Female,50,Rome,Lazio,Southern Europe,Italy,2023-04-03,5,Product_5,Skin,Cleanser,3,67,0.1,20.1,201,180.9,167.25,11.75,1.9,1.05,Cash on Delivery,Completed,5
331,2024-11-25,2024,2024-11,48,180,Customer_0180,Female,50,Rome,Lazio,Southern Europe,Italy,2023-04-03,8,Product_8,Body,Hand Care,5,89,0.13,57.85,445,387.15,233.5,14.25,139.4,36.01,Cash on Delivery,Completed,5
331,2024-11-25,2024,2024-11,48,180,Customer_0180,Female,50,Rome,Lazio,Southern Europe,Italy,2023-04-03,33,Product_33,Hair,Hair Oil,3,60,0.1,18.0,180,162.0,128.94,11.75,21.31,13.15,Cash on Delivery,Completed,5
331,2024-11-25,2024,2024-11,48,180,Customer_0180,Female,50,Rome,Lazio,Southern Europe,Italy,2023-04-03,37,Product_37,Makeup,Lipstick,2,113,0.07,15.82,226,210.18,92.06,10.5,107.62,51.2,Cash on Delivery,Completed,5
331,2024-11-25,2024,2024-11,48,180,Customer_0180,Female,50,Rome,Lazio,Southern Europe,Italy,2023-04-03,37,Product_37,Makeup,Lipstick,3,18,0.1,5.4,54,48.6,138.09,11.75,-101.24,-208.31,Cash on Delivery,Completed,5
331,2024-11-25,2024,2024-11,48,180,Customer_0180,Female,50,Rome,Lazio,Southern Europe,Italy,2023-04-03,47,Product_47,Hair,Scalp Care,1,24,0.05,1.2,24,22.8,45.42,9.25,-31.87,-139.78,Cash on Delivery,Completed,5
900,2024-11-25,2024,2024-11,48,5,Customer_0005,Non-binary,55,Caserta,Campania,Southern Europe,Italy,2024-02-05,18,Product_18,Makeup,Foundation,1,77,0.05,3.85,77,73.15,42.32,6.25,24.58,33.6,Digital Wallet,Completed,6
900,2024-11-25,2024,2024-11,48,5,Customer_0005,Non-binary,55,Caserta,Campania,Southern Europe,Italy,2024-02-05,37,Product_37,Makeup,Lipstick,1,32,0.05,1.6,32,30.4,46.03,6.25,-21.88,-71.97,Digital Wallet,Completed,6
880,2024-11-26,2024,2024-11,48,104,Customer_0104,Non-binary,51,Granada,Andalusia,Southern Europe,Spain,2023-02-05,9,Product_9,Makeup,Eyeshadow,3,18,0.1,5.4,54,48.6,97.05,8.75,-57.2,-117.7,Card,Completed,4
880,2024-11-26,2024,2024-11,48,104,Customer_0104,Non-binary,51,Granada,Andalusia,Southern Europe,Spain,2023-02-05,31,Product_31,Body,Body Lotion,3,55,0.1,16.5,165,148.5,155.04,8.75,-15.29,-10.3,Card,Completed,4
373,2024-11-27,2024,2024-11,48,189,Customer_0189,Female,31,Munich,Bavaria,Central Europe,Germany,2023-06-03,23,Product_23,Body,Hand Care,2,80,0.07,11.2,160,148.8,84.68,8.5,55.62,37.38,Bank Transfer,Completed,3
682,2024-11-27,2024,2024-11,48,183,Customer_0183,Female,30,Rome,Lazio,Southern Europe,Italy,2023-02-24,11,Product_11,Makeup,Blush,2,114,0.07,15.96,228,0.0,0.0,9.5,0.0,0.0,Digital Wallet,Cancelled,0
682,2024-11-27,2024,2024-11,48,183,Customer_0183,Female,30,Rome,Lazio,Southern Europe,Italy,2023-02-24,38,Product_38,Makeup,Mascara,2,114,0.07,15.96,228,0.0,0.0,9.5,0.0,0.0,Digital Wallet,Cancelled,0
757,2024-11-27,2024,2024-11,48,145,Customer_0145,Male,51,Nice,Provence-Alpes-Cote d'Azur,Western Europe,France,2023-06-07,3,Product_3,Hair,Hair Oil,1,21,0.05,1.05,21,19.95,39.17,7.25,-26.47,-132.68,Bank Transfer,Completed,5
757,2024-11-27,2024,2024-11,48,145,Customer_0145,Male,51,Nice,Provence-Alpes-Cote d'Azur,Western Europe,France,2023-06-07,4,Product_4,Body,Deodorant,4,74,0.13,38.48,296,257.52,154.72,11.0,91.8,35.65,Bank Transfer,Completed,5
318,2024-11-28,2024,2024-11,48,142,Customer_0142,Male,30,Potsdam,Berlin,Central Europe,Germany,2024-03-15,2,Product_2,Skin,Moisturizer,5,55,0.13,35.75,275,239.25,206.65,13.25,19.35,8.09,Card,Completed,2
318,2024-11-28,2024,2024-11,48,142,Customer_0142,Male,30,Potsdam,Berlin,Central Europe,Germany,2024-03-15,6,Product_6,Body,Body Lotion,4,24,0.13,12.48,96,83.52,180.68,12.0,-109.16,-130.7,Card,Completed,2
318,2024-11-28,2024,2024-11,48,142,Customer_0142,Male,30,Potsdam,Berlin,Central Europe,Germany,2024-03-15,45,Product_45,Body,Body Wash,3,91,0.1,27.3,273,245.7,144.18,10.75,90.77,36.94,Card,Completed,2
725,2024-11-29,2024,2024-11,48,180,Customer_0180,Female,50,Rome,Lazio,Southern Europe,Italy,2023-04-03,45,Product_45,Body,Body Wash,5,38,0.13,24.7,190,165.3,240.3,12.25,-87.25,-52.78,Digital Wallet,Completed,5
939,2024-11-29,2024,2024-11,48,293,Customer_0293,Non-binary,21,Bonn,North Rhine-Westphalia,Central Europe,Germany,2023-11-04,23,Product_23,Body,Hand Care,1,82,0.05,4.1,82,77.9,42.34,9.25,26.31,33.77,Card,Completed,3
939,2024-11-29,2024,2024-11,48,293,Customer_0293,Non-binary,21,Bonn,North Rhine-Westphalia,Central Europe,Germany,2023-11-04,49,Product_49,Makeup,Lipstick,5,76,0.13,49.4,380,330.6,173.35,14.25,143.0,43.25,Card,Completed,3
238,2024-11-30,2024,2024-11,48,99,Customer_0099,Female,57,Rome,Lazio,Southern Europe,Italy,2024-01-09,26,Product_26,Makeup,Mascara,4,42,0.13,21.84,168,146.16,175.12,12.0,-40.96,-28.02,Digital Wallet,Completed,7
703,2024-11-30,2024,2024-11,48,12,Customer_0012,Female,22,Paris,Ile-de-France,Western Europe,France,2024-03-11,31,Product_31,Body,Body Lotion,3,10,0.1,3.0,30,27.0,155.04,11.75,-139.79,-517.74,Cash on Delivery,Completed,3
820,2024-12-01,2024,2024-12,48,1,Customer_0001,Male,27,Girona,Catalonia,Southern Europe,Spain,2023-05-15,26,Product_26,Makeup,Mascara,4,47,0.13,24.44,188,163.56,175.12,10.0,-21.56,-13.18,Digital Wallet,Completed,8
925,2024-12-01,2024,2024-12,48,11,Customer_0011,Non-binary,56,Essaouira,Marrakesh-Safi,North Africa,Morocco,2024-01-03,11,Product_11,Makeup,Blush,5,52,0.13,33.8,260,226.2,238.6,13.72,-26.12,-11.55,Card,Completed,1
925,2024-12-01,2024,2024-12,48,11,Customer_0011,Non-binary,56,Essaouira,Marrakesh-Safi,North Africa,Morocco,2024-01-03,11,Product_11,Makeup,Blush,2,40,0.07,5.6,80,74.4,95.44,9.52,-30.56,-41.08,Card,Completed,1
925,2024-12-01,2024,2024-12,48,11,Customer_0011,Non-binary,56,Essaouira,Marrakesh-Safi,North Africa,Morocco,2024-01-03,14,Product_14,Body,Deodorant,3,119,0.1,35.7,357,321.3,124.44,10.92,185.94,57.87,Card,Completed,1
925,2024-12-01,2024,2024-12,48,11,Customer_0011,Non-binary,56,Essaouira,Marrakesh-Safi,North Africa,Morocco,2024-01-03,15,Product_15,Makeup,Eyeshadow,1,98,0.05,4.9,98,93.1,53.52,8.12,31.46,33.79,Card,Completed,1
925,2024-12-01,2024,2024-12,48,11,Customer_0011,Non-binary,56,Essaouira,Marrakesh-Safi,North Africa,Morocco,2024-01-03,28,Product_28,Hair,Styling,2,44,0.07,6.16,88,81.84,80.58,9.52,-8.26,-10.09,Card,Completed,1
925,2024-12-01,2024,2024-12,48,11,Customer_0011,Non-binary,56,Essaouira,Marrakesh-Safi,North Africa,Morocco,2024-01-03,34,Product_34,Hair,Styling,5,82,0.13,53.3,410,356.7,166.85,13.72,176.13,49.38,Card,Completed,1
925,2024-12-01,2024,2024-12,48,11,Customer_0011,Non-binary,56,Essaouira,Marrakesh-Safi,North Africa,Morocco,2024-01-03,38,Product_38,Makeup,Mascara,4,28,0.13,14.56,112,97.44,170.36,12.32,-85.24,-87.48,Card,Completed,1
925,2024-12-01,2024,2024-12,48,11,Customer_0011,Non-binary,56,Essaouira,Marrakesh-Safi,North Africa,Morocco,2024-01-03,44,Product_44,Body,Deodorant,5,84,0.13,54.6,420,365.4,183.3,13.72,168.38,46.08,Card,Completed,1
925,2024-12-01,2024,2024-12,48,11,Customer_0011,Non-binary,56,Essaouira,Marrakesh-Safi,North Africa,Morocco,2024-01-03,49,Product_49,Makeup,Lipstick,3,102,0.1,30.6,306,275.4,104.01,10.92,160.47,58.27,Card,Completed,1
179,2024-12-02,2024,2024-12,49,172,Customer_0172,Male,35,Bergamo,Lombardy,Southern Europe,Italy,2023-07-18,38,Product_38,Makeup,Mascara,1,96,0.05,4.8,96,91.2,42.59,9.25,39.36,43.16,Cash on Delivery,Completed,3
179,2024-12-02,2024,2024-12,49,172,Customer_0172,Male,35,Bergamo,Lombardy,Southern Europe,Italy,2023-07-18,47,Product_47,Hair,Scalp Care,5,21,0.13,13.65,105,91.35,227.1,14.25,-150.0,-164.2,Cash on Delivery,Completed,3
515,2024-12-02,2024,2024-12,49,136,Customer_0136,Male,29,Girona,Catalonia,Southern Europe,Spain,2023-07-01,6,Product_6,Body,Body Lotion,4,117,0.13,60.84,468,407.16,180.68,13.0,213.48,52.43,Cash on Delivery,Completed,3
515,2024-12-02,2024,2024-12,49,136,Customer_0136,Male,29,Girona,Catalonia,Southern Europe,Spain,2023-07-01,12,Product_12,Skin,Moisturizer,5,95,0.13,61.75,475,413.25,217.2,14.25,181.8,43.99,Cash on Delivery,Completed,3
515,2024-12-02,2024,2024-12,49,136,Customer_0136,Male,29,Girona,Catalonia,Southern Europe,Spain,2023-07-01,44,Product_44,Body,Deodorant,4,51,0.13,26.52,204,177.48,146.64,13.0,17.84,10.05,Cash on Delivery,Completed,3
351,2024-12-03,2024,2024-12,49,145,Customer_0145,Male,51,Nice,Provence-Alpes-Cote d'Azur,Western Europe,France,2023-06-07,38,Product_38,Makeup,Mascara,5,97,0.13,63.05,485,0.0,0.0,14.25,0.0,0.0,Card,Cancelled,5
575,2024-12-03,2024,2024-12,49,178,Customer_0178,Male,36,Nice,Provence-Alpes-Cote d'Azur,Western Europe,France,2023-11-20,9,Product_9,Makeup,Eyeshadow,1,109,0.05,5.45,109,0.0,0.0,9.25,0.0,0.0,Digital Wallet,Cancelled,2
575,2024-12-03,2024,2024-12,49,178,Customer_0178,Male,36,Nice,Provence-Alpes-Cote d'Azur,Western Europe,France,2023-11-20,13,Product_13,Skin,Sunscreen,5,22,0.13,14.3,110,0.0,0.0,14.25,0.0,0.0,Digital Wallet,Cancelled,2
575,2024-12-03,2024,2024-12,49,178,Customer_0178,Male,36,Nice,Provence-Alpes-Cote d'Azur,Western Europe,France,2023-11-20,35,Product_35,Skin,Cleanser,2,90,0.07,12.6,180,0.0,0.0,10.5,0.0,0.0,Digital Wallet,Cancelled,2
215,2024-12-04,2024,2024-12,49,60,Customer_0060,Female,30,Madrid,Madrid,Southern Europe,Spain,2024-04-15,11,Product_11,Makeup,Blush,1,31,0.05,1.55,31,29.45,47.72,9.25,-27.52,-93.45,Cash on Delivery,Completed,2
215,2024-12-04,2024,2024-12,49,60,Customer_0060,Female,30,Madrid,Madrid,Southern Europe,Spain,2024-04-15,12,Product_12,Skin,Moisturizer,2,81,0.07,11.34,162,150.66,86.88,10.5,53.28,35.36,Cash on Delivery,Completed,2
215,2024-12-04,2024,2024-12,49,60,Customer_0060,Female,30,Madrid,Madrid,Southern Europe,Spain,2024-04-15,25,Product_25,Hair,Conditioner,2,100,0.07,14.0,200,186.0,107.14,10.5,68.36,36.75,Cash on Delivery,Completed,2
215,2024-12-04,2024,2024-12,49,60,Customer_0060,Female,30,Madrid,Madrid,Southern Europe,Spain,2024-04-15,26,Product_26,Makeup,Mascara,3,42,0.1,12.6,126,113.4,131.34,11.75,-29.69,-26.18,Cash on Delivery,Completed,2
878,2024-12-04,2024,2024-12,49,225,Customer_0225,Female,37,Casablanca,Casablanca-Settat,North Africa,Morocco,2023-03-02,49,Product_49,Makeup,Lipstick,1,21,0.05,1.05,21,0.0,0.0,9.24,0.0,0.0,Cash on Delivery,Cancelled,1
293,2024-12-05,2024,2024-12,49,281,Customer_0281,Non-binary,60,Annecy,Auvergne-Rhone-Alpes,Western Europe,France,2023-05-18,40,Product_40,Hair,Styling,3,19,0.1,5.7,57,0.0,0.0,9.75,0.0,0.0,Bank Transfer,Cancelled,0
559,2024-12-05,2024,2024-12,49,14,Customer_0014,Non-binary,36,Caserta,Campania,Southern Europe,Italy,2023-01-04,1,Product_1,Body,Body Lotion,2,104,0.09,18.72,208,0.0,0.0,10.5,0.0,0.0,Digital Wallet,Returned,2
559,2024-12-05,2024,2024-12,49,14,Customer_0014,Non-binary,36,Caserta,Campania,Southern Europe,Italy,2023-01-04,6,Product_6,Body,Body Lotion,1,64,0.07,4.48,64,0.0,0.0,9.25,0.0,0.0,Digital Wallet,Returned,2
559,2024-12-05,2024,2024-12,49,14,Customer_0014,Non-binary,36,Caserta,Campania,Southern Europe,Italy,2023-01-04,13,Product_13,Skin,Sunscreen,2,92,0.09,16.56,184,0.0,0.0,10.5,0.0,0.0,Digital Wallet,Returned,2
815,2024-12-05,2024,2024-12,49,225,Customer_0225,Female,37,Casablanca,Casablanca-Settat,North Africa,Morocco,2023-03-02,3,Product_3,Hair,Hair Oil,5,99,0.13,64.35,495,0.0,0.0,15.96,0.0,0.0,Card,Cancelled,1
815,2024-12-05,2024,2024-12,49,225,Customer_0225,Female,37,Casablanca,Casablanca-Settat,North Africa,Morocco,2023-03-02,9,Product_9,Makeup,Eyeshadow,5,79,0.13,51.35,395,0.0,0.0,15.96,0.0,0.0,Card,Cancelled,1
823,2024-12-06,2024,2024-12,49,38,Customer_0038,Non-binary,40,Essaouira,Marrakesh-Safi,North Africa,Morocco,2024-05-03,6,Product_6,Body,Body Lotion,3,116,0.1,34.8,348,313.2,135.51,13.16,164.53,52.53,Digital Wallet,Completed,5
82,2024-12-07,2024,2024-12,49,163,Customer_0163,Male,54,Girona,Catalonia,Southern Europe,Spain,2023-07-27,11,Product_11,Makeup,Blush,5,68,0.13,44.2,340,0.0,0.0,13.25,0.0,0.0,Digital Wallet,Cancelled,2
82,2024-12-07,2024,2024-12,49,163,Customer_0163,Male,54,Girona,Catalonia,Southern Europe,Spain,2023-07-27,17,Product_17,Hair,Scalp Care,1,78,0.05,3.9,78,0.0,0.0,8.25,0.0,0.0,Digital Wallet,Cancelled,2
82,2024-12-07,2024,2024-12,49,163,Customer_0163,Male,54,Girona,Catalonia,Southern Europe,Spain,2023-07-27,22,Product_22,Makeup,Concealer,5,91,0.13,59.15,455,0.0,0.0,13.25,0.0,0.0,Digital Wallet,Cancelled,2
82,2024-12-07,2024,2024-12,49,163,Customer_0163,Male,54,Girona,Catalonia,Southern Europe,Spain,2023-07-27,39,Product_39,Hair,Hair Oil,5,76,0.13,49.4,380,0.0,0.0,13.25,0.0,0.0,Digital Wallet,Cancelled,2
129,2024-12-07,2024,2024-12,49,284,Customer_0284,Non-binary,40,Essaouira,Marrakesh-Safi,North Africa,Morocco,2023-08-22,19,Product_19,Makeup,Lipstick,3,67,0.1,20.1,201,180.9,102.78,10.92,67.2,37.15,Digital Wallet,Completed,2
129,2024-12-07,2024,2024-12,49,284,Customer_0284,Non-binary,40,Essaouira,Marrakesh-Safi,North Africa,Morocco,2023-08-22,23,Product_23,Body,Hand Care,5,23,0.13,14.95,115,100.05,211.7,13.72,-125.37,-125.31,Digital Wallet,Completed,2
129,2024-12-07,2024,2024-12,49,284,Customer_0284,Non-binary,40,Essaouira,Marrakesh-Safi,North Africa,Morocco,2023-08-22,29,Product_29,Makeup,Blush,2,41,0.07,5.74,82,76.26,65.8,9.52,0.94,1.23,Digital Wallet,Completed,2
129,2024-12-07,2024,2024-12,49,284,Customer_0284,Non-binary,40,Essaouira,Marrakesh-Safi,North Africa,Morocco,2023-08-22,44,Product_44,Body,Deodorant,1,115,0.05,5.75,115,109.25,36.66,8.12,64.47,59.01,Digital Wallet,Completed,2
919,2024-12-08,2024,2024-12,49,292,Customer_0292,Male,55,Potsdam,Berlin,Central Europe,Germany,2023-12-27,6,Product_6,Body,Body Lotion,4,58,0.13,30.16,232,201.84,180.68,13.0,8.16,4.04,Cash on Delivery,Completed,3
919,2024-12-08,2024,2024-12,49,292,Customer_0292,Male,55,Potsdam,Berlin,Central Europe,Germany,2023-12-27,36,Product_36,Skin,Serum,2,111,0.07,15.54,222,206.46,108.14,10.5,87.82,42.54,Cash on Delivery,Completed,3
306,2024-12-09,2024,2024-12,50,299,Customer_0299,Non-binary,22,Annecy,Auvergne-Rhone-Alpes,Western Europe,France,2023-03-02,31,Product_31,Body,Body Lotion,2,39,0.07,5.46,78,72.54,103.36,9.5,-40.32,-55.58,Digital Wallet,Completed,2
315,2024-12-09,2024,2024-12,50,173,Customer_0173,Non-binary,42,Essaouira,Marrakesh-Safi,North Africa,Morocco,2024-04-28,14,Product_14,Body,Deodorant,1,86,0.05,4.3,86,81.7,41.48,10.36,29.86,36.55,Card,Completed,4
315,2024-12-09,2024,2024-12,50,173,Customer_0173,Non-binary,42,Essaouira,Marrakesh-Safi,North Africa,Morocco,2024-04-28,16,Product_16,Makeup,Concealer,1,103,0.05,5.15,103,97.85,53.25,10.36,34.24,34.99,Card,Completed,4
315,2024-12-09,2024,2024-12,50,173,Customer_0173,Non-binary,42,Essaouira,Marrakesh-Safi,North Africa,Morocco,2024-04-28,35,Product_35,Skin,Cleanser,1,114,0.05,5.7,114,108.3,49.68,10.36,48.26,44.56,Card,Completed,4
315,2024-12-09,2024,2024-12,50,173,Customer_0173,Non-binary,42,Essaouira,Marrakesh-Safi,North Africa,Morocco,2024-04-28,38,Product_38,Makeup,Mascara,5,31,0.13,20.15,155,134.85,212.95,15.96,-94.06,-69.75,Card,Completed,4
458,2024-12-09,2024,2024-12,50,13,Customer_0013,Male,29,Bergamo,Lombardy,Southern Europe,Italy,2024-02-10,5,Product_5,Skin,Cleanser,5,67,0.13,43.55,335,291.45,278.75,13.25,-0.55,-0.19,Cash on Delivery,Completed,5
458,2024-12-09,2024,2024-12,50,13,Customer_0013,Male,29,Bergamo,Lombardy,Southern Europe,Italy,2024-02-10,7,Product_7,Hair,Conditioner,4,109,0.13,56.68,436,379.32,182.32,12.0,185.0,48.77,Cash on Delivery,Completed,5
458,2024-12-09,2024,2024-12,50,13,Customer_0013,Male,29,Bergamo,Lombardy,Southern Europe,Italy,2024-02-10,16,Product_16,Makeup,Concealer,2,86,0.07,12.04,172,159.96,106.5,9.5,43.96,27.48,Cash on Delivery,Completed,5
566,2024-12-09,2024,2024-12,50,224,Customer_0224,Non-binary,30,Annecy,Auvergne-Rhone-Alpes,Western Europe,France,2023-06-12,8,Product_8,Body,Hand Care,5,25,0.13,16.25,125,108.75,233.5,13.25,-138.0,-126.9,Bank Transfer,Completed,3
566,2024-12-09,2024,2024-12,50,224,Customer_0224,Non-binary,30,Annecy,Auvergne-Rhone-Alpes,Western Europe,France,2023-06-12,32,Product_32,Body,Scrub,1,29,0.05,1.45,29,27.55,40.0,8.25,-20.7,-75.14,Bank Transfer,Completed,3
566,2024-12-09,2024,2024-12,50,224,Customer_0224,Non-binary,30,Annecy,Auvergne-Rhone-Alpes,Western Europe,France,2023-06-12,50,Product_50,Skin,Cleanser,2,60,0.07,8.4,120,111.6,110.0,9.5,-7.9,-7.08,Bank Transfer,Completed,3
882,2024-12-09,2024,2024-12,50,198,Customer_0198,Female,53,Munich,Bavaria,Central Europe,Germany,2023-05-02,26,Product_26,Makeup,Mascara,1,35,0.05,1.75,35,33.25,43.78,8.25,-18.78,-56.48,Card,Completed,4
882,2024-12-09,2024,2024-12,50,198,Customer_0198,Female,53,Munich,Bavaria,Central Europe,Germany,2023-05-02,35,Product_35,Skin,Cleanser,4,57,0.13,29.64,228,198.36,198.72,12.0,-12.36,-6.23,Card,Completed,4
421,2024-12-10,2024,2024-12,50,65,Customer_0065,Non-binary,24,Annecy,Auvergne-Rhone-Alpes,Western Europe,France,2023-08-31,11,Product_11,Makeup,Blush,4,74,0.13,38.48,296,257.52,190.88,11.0,55.64,21.61,Bank Transfer,Completed,3
421,2024-12-10,2024,2024-12,50,65,Customer_0065,Non-binary,24,Annecy,Auvergne-Rhone-Alpes,Western Europe,France,2023-08-31,21,Product_21,Hair,Hair Oil,2,60,0.07,8.4,120,111.6,96.88,8.5,6.22,5.57,Bank Transfer,Completed,3
421,2024-12-10,2024,2024-12,50,65,Customer_0065,Non-binary,24,Annecy,Auvergne-Rhone-Alpes,Western Europe,France,2023-08-31,30,Product_30,Hair,Shampoo,1,17,0.05,0.85,17,16.15,47.66,7.25,-38.76,-240.0,Bank Transfer,Completed,3
421,2024-12-10,2024,2024-12,50,65,Customer_0065,Non-binary,24,Annecy,Auvergne-Rhone-Alpes,Western Europe,France,2023-08-31,37,Product_37,Makeup,Lipstick,1,18,0.05,0.9,18,17.1,46.03,7.25,-36.18,-211.58,Bank Transfer,Completed,3
740,2024-12-10,2024,2024-12,50,238,Customer_0238,Male,46,Girona,Catalonia,Southern Europe,Spain,2024-02-29,20,Product_20,Hair,Hair Mask,5,107,0.13,69.55,535,465.45,247.95,11.25,206.25,44.31,Bank Transfer,Completed,3
740,2024-12-10,2024,2024-12,50,238,Customer_0238,Male,46,Girona,Catalonia,Southern Europe,Spain,2024-02-29,24,Product_24,Hair,Shampoo,3,32,0.1,9.6,96,86.4,112.92,8.75,-35.27,-40.82,Bank Transfer,Completed,3
740,2024-12-10,2024,2024-12,50,238,Customer_0238,Male,46,Girona,Catalonia,Southern Europe,Spain,2024-02-29,41,Product_41,Skin,Serum,5,79,0.13,51.35,395,343.65,212.35,11.25,120.05,34.93,Bank Transfer,Completed,3
845,2024-12-10,2024,2024-12,50,137,Customer_0137,Non-binary,36,Annecy,Auvergne-Rhone-Alpes,Western Europe,France,2023-04-15,33,Product_33,Hair,Hair Oil,1,64,0.05,3.2,64,60.8,42.98,7.25,10.57,17.38,Bank Transfer,Completed,3
955,2024-12-10,2024,2024-12,50,55,Customer_0055,Male,36,Bergamo,Lombardy,Southern Europe,Italy,2024-05-04,2,Product_2,Skin,Moisturizer,1,61,0.05,3.05,61,57.95,41.33,9.25,7.37,12.72,Bank Transfer,Completed,2
955,2024-12-10,2024,2024-12,50,55,Customer_0055,Male,36,Bergamo,Lombardy,Southern Europe,Italy,2024-05-04,29,Product_29,Makeup,Blush,5,13,0.13,8.45,65,56.55,164.5,14.25,-122.2,-216.09,Bank Transfer,Completed,2
404,2024-12-12,2024,2024-12,50,250,Customer_0250,Male,48,Potsdam,Berlin,Central Europe,Germany,2023-06-07,1,Product_1,Body,Body Lotion,5,66,0.13,42.9,330,287.1,226.65,11.25,49.2,17.14,Bank Transfer,Completed,2
404,2024-12-12,2024,2024-12,50,250,Customer_0250,Male,48,Potsdam,Berlin,Central Europe,Germany,2023-06-07,7,Product_7,Hair,Conditioner,5,19,0.13,12.35,95,82.65,227.9,11.25,-156.5,-189.35,Bank Transfer,Completed,2
404,2024-12-12,2024,2024-12,50,250,Customer_0250,Male,48,Potsdam,Berlin,Central Europe,Germany,2023-06-07,11,Product_11,Makeup,Blush,3,70,0.1,21.0,210,189.0,143.16,8.75,37.09,19.62,Bank Transfer,Completed,2
404,2024-12-12,2024,2024-12,50,250,Customer_0250,Male,48,Potsdam,Berlin,Central Europe,Germany,2023-06-07,25,Product_25,Hair,Conditioner,5,94,0.13,61.1,470,408.9,267.85,11.25,129.8,31.74,Bank Transfer,Completed,2
992,2024-12-12,2024,2024-12,50,49,Customer_0049,Male,35,Girona,Catalonia,Southern Europe,Spain,2024-01-28,6,Product_6,Body,Body Lotion,5,111,0.13,72.15,555,482.85,225.85,11.25,245.75,50.9,Digital Wallet,Completed,4
992,2024-12-12,2024,2024-12,50,49,Customer_0049,Male,35,Girona,Catalonia,Southern Europe,Spain,2024-01-28,7,Product_7,Hair,Conditioner,3,106,0.1,31.8,318,286.2,136.74,8.75,140.71,49.16,Digital Wallet,Completed,4
992,2024-12-12,2024,2024-12,50,49,Customer_0049,Male,35,Girona,Catalonia,Southern Europe,Spain,2024-01-28,17,Product_17,Hair,Scalp Care,5,78,0.13,50.7,390,339.3,222.75,11.25,105.3,31.03,Digital Wallet,Completed,4
992,2024-12-12,2024,2024-12,50,49,Customer_0049,Male,35,Girona,Catalonia,Southern Europe,Spain,2024-01-28,47,Product_47,Hair,Scalp Care,1,74,0.05,3.7,74,70.3,45.42,6.25,18.63,26.5,Digital Wallet,Completed,4
631,2024-12-13,2024,2024-12,50,34,Customer_0034,Male,53,Sale,Rabat-Sale-Kenitra,North Africa,Morocco,2024-01-03,7,Product_7,Hair,Conditioner,4,115,0.13,59.8,460,400.2,182.32,14.56,203.32,50.8,Digital Wallet,Completed,2
631,2024-12-13,2024,2024-12,50,34,Customer_0034,Male,53,Sale,Rabat-Sale-Kenitra,North Africa,Morocco,2024-01-03,31,Product_31,Body,Body Lotion,5,24,0.13,15.6,120,104.4,258.4,15.96,-169.96,-162.8,Digital Wallet,Completed,2
631,2024-12-13,2024,2024-12,50,34,Customer_0034,Male,53,Sale,Rabat-Sale-Kenitra,North Africa,Morocco,2024-01-03,34,Product_34,Hair,Styling,5,106,0.13,68.9,530,461.1,166.85,15.96,278.29,60.35,Digital Wallet,Completed,2
631,2024-12-13,2024,2024-12,50,34,Customer_0034,Male,53,Sale,Rabat-Sale-Kenitra,North Africa,Morocco,2024-01-03,42,Product_42,Skin,Moisturizer,5,16,0.13,10.4,80,69.6,199.85,15.96,-146.21,-210.07,Digital Wallet,Completed,2
27,2024-12-14,2024,2024-12,50,271,Customer_0271,Male,31,Nice,Provence-Alpes-Cote d'Azur,Western Europe,France,2023-08-29,17,Product_17,Hair,Scalp Care,1,109,0.05,5.45,109,103.55,44.55,9.25,49.75,48.04,Bank Transfer,Completed,3
27,2024-12-14,2024,2024-12,50,271,Customer_0271,Male,31,Nice,Provence-Alpes-Cote d'Azur,Western Europe,France,2023-08-29,45,Product_45,Body,Body Wash,3,82,0.1,24.6,246,221.4,144.18,11.75,65.47,29.57,Bank Transfer,Completed,3
265,2024-12-14,2024,2024-12,50,97,Customer_0097,Male,43,Girona,Catalonia,Southern Europe,Spain,2023-12-17,9,Product_9,Makeup,Eyeshadow,1,46,0.07,3.22,46,0.0,0.0,7.25,0.0,0.0,Bank Transfer,Returned,2
265,2024-12-14,2024,2024-12,50,97,Customer_0097,Male,43,Girona,Catalonia,Southern Europe,Spain,2023-12-17,35,Product_35,Skin,Cleanser,5,82,0.15,61.5,410,0.0,0.0,12.25,0.0,0.0,Bank Transfer,Returned,2
327,2024-12-14,2024,2024-12,50,190,Customer_0190,Male,38,Girona,Catalonia,Southern Europe,Spain,2023-10-20,27,Product_27,Makeup,Eyeshadow,1,112,0.05,5.6,112,0.0,0.0,9.25,0.0,0.0,Digital Wallet,Cancelled,4
327,2024-12-14,2024,2024-12,50,190,Customer_0190,Male,38,Girona,Catalonia,Southern Europe,Spain,2023-10-20,34,Product_34,Hair,Styling,2,17,0.07,2.38,34,0.0,0.0,10.5,0.0,0.0,Digital Wallet,Cancelled,4
327,2024-12-14,2024,2024-12,50,190,Customer_0190,Male,38,Girona,Catalonia,Southern Europe,Spain,2023-10-20,36,Product_36,Skin,Serum,4,105,0.13,54.6,420,0.0,0.0,13.0,0.0,0.0,Digital Wallet,Cancelled,4
396,2024-12-14,2024,2024-12,50,23,Customer_0023,Non-binary,58,Granada,Andalusia,Southern Europe,Spain,2023-04-02,50,Product_50,Skin,Cleanser,1,111,0.05,5.55,111,105.45,55.0,6.25,44.2,41.92,Cash on Delivery,Completed,3
548,2024-12-14,2024,2024-12,50,80,Customer_0080,Non-binary,47,Essaouira,Marrakesh-Safi,North Africa,Morocco,2023-09-14,3,Product_3,Hair,Hair Oil,1,60,0.05,3.0,60,0.0,0.0,7.0,0.0,0.0,Card,Cancelled,0
548,2024-12-14,2024,2024-12,50,80,Customer_0080,Non-binary,47,Essaouira,Marrakesh-Safi,North Africa,Morocco,2023-09-14,17,Product_17,Hair,Scalp Care,4,94,0.13,48.88,376,0.0,0.0,11.2,0.0,0.0,Card,Cancelled,0
758,2024-12-15,2024,2024-12,50,13,Customer_0013,Male,29,Bergamo,Lombardy,Southern Europe,Italy,2024-02-10,1,Product_1,Body,Body Lotion,3,95,0.1,28.5,285,256.5,135.99,10.75,109.76,42.79,Cash on Delivery,Completed,5
758,2024-12-15,2024,2024-12,50,13,Customer_0013,Male,29,Bergamo,Lombardy,Southern Europe,Italy,2024-02-10,5,Product_5,Skin,Cleanser,2,40,0.07,5.6,80,74.4,111.5,9.5,-46.6,-62.63,Cash on Delivery,Completed,5
758,2024-12-15,2024,2024-12,50,13,Customer_0013,Male,29,Bergamo,Lombardy,Southern Europe,Italy,2024-02-10,14,Product_14,Body,Deodorant,4,77,0.13,40.04,308,267.96,165.92,12.0,90.04,33.6,Cash on Delivery,Completed,5
758,2024-12-15,2024,2024-12,50,13,Customer_0013,Male,29,Bergamo,Lombardy,Southern Europe,Italy,2024-02-10,32,Product_32,Body,Scrub,1,77,0.05,3.85,77,73.15,40.0,8.25,24.9,34.04,Cash on Delivery,Completed,5
956,2024-12-15,2024,2024-12,50,149,Customer_0149,Non-binary,38,Bonn,North Rhine-Westphalia,Central Europe,Germany,2023-11-07,19,Product_19,Makeup,Lipstick,4,48,0.13,24.96,192,167.04,137.04,10.0,20.0,11.97,Digital Wallet,Completed,2
958,2024-12-16,2024,2024-12,51,202,Customer_0202,Male,40,Girona,Catalonia,Southern Europe,Spain,2023-02-18,18,Product_18,Makeup,Foundation,3,86,0.1,25.8,258,232.2,126.96,10.75,94.49,40.69,Card,Completed,2
958,2024-12-16,2024,2024-12,51,202,Customer_0202,Male,40,Girona,Catalonia,Southern Europe,Spain,2023-02-18,50,Product_50,Skin,Cleanser,2,84,0.07,11.76,168,156.24,110.0,9.5,36.74,23.52,Card,Completed,2
671,2024-12-17,2024,2024-12,51,34,Customer_0034,Male,53,Sale,Rabat-Sale-Kenitra,North Africa,Morocco,2024-01-03,18,Product_18,Makeup,Foundation,5,70,0.13,45.5,350,0.0,0.0,15.96,0.0,0.0,Digital Wallet,Cancelled,2
413,2024-12-18,2024,2024-12,51,160,Customer_0160,Male,33,Nice,Provence-Alpes-Cote d'Azur,Western Europe,France,2023-05-11,12,Product_12,Skin,Moisturizer,2,109,0.07,15.26,218,0.0,0.0,8.5,0.0,0.0,Digital Wallet,Cancelled,4
413,2024-12-18,2024,2024-12,51,160,Customer_0160,Male,33,Nice,Provence-Alpes-Cote d'Azur,Western Europe,France,2023-05-11,42,Product_42,Skin,Moisturizer,3,10,0.1,3.0,30,0.0,0.0,9.75,0.0,0.0,Digital Wallet,Cancelled,4
600,2024-12-18,2024,2024-12,51,146,Customer_0146,Non-binary,58,Essaouira,Marrakesh-Safi,North Africa,Morocco,2023-06-21,37,Product_37,Makeup,Lipstick,2,67,0.09,12.06,134,0.0,0.0,8.4,0.0,0.0,Bank Transfer,Returned,1
681,2024-12-18,2024,2024-12,51,151,Customer_0151,Male,52,Potsdam,Berlin,Central Europe,Germany,2023-06-06,6,Product_6,Body,Body Lotion,2,28,0.07,3.92,56,52.08,90.34,8.5,-46.76,-89.78,Card,Completed,3
681,2024-12-18,2024,2024-12,51,151,Customer_0151,Male,52,Potsdam,Berlin,Central Europe,Germany,2023-06-06,16,Product_16,Makeup,Concealer,2,62,0.07,8.68,124,115.32,106.5,8.5,0.32,0.28,Card,Completed,3
681,2024-12-18,2024,2024-12,51,151,Customer_0151,Male,52,Potsdam,Berlin,Central Europe,Germany,2023-06-06,20,Product_20,Hair,Hair Mask,1,114,0.05,5.7,114,108.3,49.59,7.25,51.46,47.52,Card,Completed,3
681,2024-12-18,2024,2024-12,51,151,Customer_0151,Male,52,Potsdam,Berlin,Central Europe,Germany,2023-06-06,43,Product_43,Hair,Conditioner,4,72,0.13,37.44,288,250.56,165.16,11.0,74.4,29.69,Card,Completed,3
456,2024-12-19,2024,2024-12,51,268,Customer_0268,Male,51,Nice,Provence-Alpes-Cote d'Azur,Western Europe,France,2023-05-10,5,Product_5,Skin,Cleanser,1,114,0.05,5.7,114,108.3,55.75,6.25,46.3,42.75,Card,Completed,2
456,2024-12-19,2024,2024-12,51,268,Customer_0268,Male,51,Nice,Provence-Alpes-Cote d'Azur,Western Europe,France,2023-05-10,8,Product_8,Body,Hand Care,2,15,0.07,2.1,30,27.9,93.4,7.5,-73.0,-261.65,Card,Completed,2
456,2024-12-19,2024,2024-12,51,268,Customer_0268,Male,51,Nice,Provence-Alpes-Cote d'Azur,Western Europe,France,2023-05-10,17,Product_17,Hair,Scalp Care,4,77,0.13,40.04,308,267.96,178.2,10.0,79.76,29.77,Card,Completed,2
456,2024-12-19,2024,2024-12,51,268,Customer_0268,Male,51,Nice,Provence-Alpes-Cote d'Azur,Western Europe,France,2023-05-10,22,Product_22,Makeup,Concealer,5,117,0.13,76.05,585,508.95,213.65,11.25,284.05,55.81,Card,Completed,2
700,2024-12-19,2024,2024-12,51,1,Customer_0001,Male,27,Girona,Catalonia,Southern Europe,Spain,2023-05-15,9,Product_9,Makeup,Eyeshadow,3,29,0.1,8.7,87,78.3,97.05,8.75,-27.5,-35.12,Digital Wallet,Completed,8
700,2024-12-19,2024,2024-12,51,1,Customer_0001,Male,27,Girona,Catalonia,Southern Europe,Spain,2023-05-15,31,Product_31,Body,Body Lotion,5,69,0.13,44.85,345,300.15,258.4,11.25,30.5,10.16,Digital Wallet,Completed,8
700,2024-12-19,2024,2024-12,51,1,Customer_0001,Male,27,Girona,Catalonia,Southern Europe,Spain,2023-05-15,43,Product_43,Hair,Conditioner,1,20,0.05,1.0,20,19.0,41.29,6.25,-28.54,-150.21,Digital Wallet,Completed,8
81,2024-12-20,2024,2024-12,51,81,Customer_0081,Female,54,Madrid,Madrid,Southern Europe,Spain,2023-05-15,2,Product_2,Skin,Moisturizer,1,89,0.05,4.45,89,84.55,41.33,7.25,35.97,42.54,Bank Transfer,Completed,4
898,2024-12-20,2024,2024-12,51,86,Customer_0086,Non-binary,48,Essaouira,Marrakesh-Safi,North Africa,Morocco,2024-02-17,2,Product_2,Skin,Moisturizer,2,34,0.07,4.76,68,63.24,82.66,10.64,-30.06,-47.53,Card,Completed,3
898,2024-12-20,2024,2024-12,51,86,Customer_0086,Non-binary,48,Essaouira,Marrakesh-Safi,North Africa,Morocco,2024-02-17,19,Product_19,Makeup,Lipstick,4,82,0.13,42.64,328,285.36,137.04,13.44,134.88,47.27,Card,Completed,3
119,2024-12-21,2024,2024-12,51,237,Customer_0237,Female,39,Rome,Lazio,Southern Europe,Italy,2023-06-27,1,Product_1,Body,Body Lotion,4,85,0.13,44.2,340,295.8,181.32,13.0,101.48,34.31,Card,Completed,3
424,2024-12-21,2024,2024-12,51,44,Customer_0044,Non-binary,41,Annecy,Auvergne-Rhone-Alpes,Western Europe,France,2023-02-04,44,Product_44,Body,Deodorant,2,65,0.07,9.1,130,120.9,73.32,7.5,40.08,33.15,Card,Completed,3
441,2024-12-21,2024,2024-12,51,217,Customer_0217,Male,22,Bergamo,Lombardy,Southern Europe,Italy,2023-02-01,8,Product_8,Body,Hand Care,2,72,0.07,10.08,144,133.92,93.4,8.5,32.02,23.91,Bank Transfer,Completed,4
441,2024-12-21,2024,2024-12,51,217,Customer_0217,Male,22,Bergamo,Lombardy,Southern Europe,Italy,2023-02-01,45,Product_45,Body,Body Wash,5,43,0.13,27.95,215,187.05,240.3,12.25,-65.5,-35.02,Bank Transfer,Completed,4
658,2024-12-21,2024,2024-12,51,249,Customer_0249,Female,41,Rome,Lazio,Southern Europe,Italy,2023-06-02,11,Product_11,Makeup,Blush,3,114,0.1,34.2,342,307.8,143.16,10.75,153.89,50.0,Cash on Delivery,Completed,3
658,2024-12-21,2024,2024-12,51,249,Customer_0249,Female,41,Rome,Lazio,Southern Europe,Italy,2023-06-02,45,Product_45,Body,Body Wash,5,46,0.13,29.9,230,200.1,240.3,13.25,-53.45,-26.71,Cash on Delivery,Completed,3
658,2024-12-21,2024,2024-12,51,249,Customer_0249,Female,41,Rome,Lazio,Southern Europe,Italy,2023-06-02,48,Product_48,Hair,Shampoo,5,45,0.13,29.25,225,195.75,199.9,13.25,-17.4,-8.89,Cash on Delivery,Completed,3
363,2024-12-22,2024,2024-12,51,1,Customer_0001,Male,27,Girona,Catalonia,Southern Europe,Spain,2023-05-15,39,Product_39,Hair,Hair Oil,2,18,0.07,2.52,36,33.48,71.58,10.5,-48.6,-145.16,Card,Completed,8
363,2024-12-22,2024,2024-12,51,1,Customer_0001,Male,27,Girona,Catalonia,Southern Europe,Spain,2023-05-15,50,Product_50,Skin,Cleanser,2,15,0.07,2.1,30,27.9,110.0,10.5,-92.6,-331.9,Card,Completed,8
520,2024-12-22,2024,2024-12,51,70,Customer_0070,Male,59,Sale,Rabat-Sale-Kenitra,North Africa,Morocco,2023-08-03,13,Product_13,Skin,Sunscreen,5,94,0.13,61.1,470,408.9,229.55,12.6,166.75,40.78,Bank Transfer,Completed,2
520,2024-12-22,2024,2024-12,51,70,Customer_0070,Male,59,Sale,Rabat-Sale-Kenitra,North Africa,Morocco,2023-08-03,30,Product_30,Hair,Shampoo,1,91,0.05,4.55,91,86.45,47.66,7.0,31.79,36.77,Bank Transfer,Completed,2
520,2024-12-22,2024,2024-12,51,70,Customer_0070,Male,59,Sale,Rabat-Sale-Kenitra,North Africa,Morocco,2023-08-03,50,Product_50,Skin,Cleanser,4,115,0.13,59.8,460,400.2,220.0,11.2,169.0,42.23,Bank Transfer,Completed,2
828,2024-12-23,2024,2024-12,52,178,Customer_0178,Male,36,Nice,Provence-Alpes-Cote d'Azur,Western Europe,France,2023-11-20,11,Product_11,Makeup,Blush,4,79,0.13,41.08,316,274.92,190.88,10.0,74.04,26.93,Bank Transfer,Completed,2
828,2024-12-23,2024,2024-12,52,178,Customer_0178,Male,36,Nice,Provence-Alpes-Cote d'Azur,Western Europe,France,2023-11-20,18,Product_18,Makeup,Foundation,2,91,0.07,12.74,182,169.26,84.64,7.5,77.12,45.56,Bank Transfer,Completed,2
828,2024-12-23,2024,2024-12,52,178,Customer_0178,Male,36,Nice,Provence-Alpes-Cote d'Azur,Western Europe,France,2023-11-20,27,Product_27,Makeup,Eyeshadow,4,71,0.13,36.92,284,247.08,175.88,10.0,61.2,24.77,Bank Transfer,Completed,2
18,2024-12-24,2024,2024-12,52,277,Customer_0277,Male,32,Potsdam,Berlin,Central Europe,Germany,2023-07-19,18,Product_18,Makeup,Foundation,4,70,0.13,36.4,280,243.6,169.28,12.0,62.32,25.58,Cash on Delivery,Completed,6
101,2024-12-24,2024,2024-12,52,101,Customer_0101,Non-binary,30,Bonn,North Rhine-Westphalia,Central Europe,Germany,2024-01-10,19,Product_19,Makeup,Lipstick,3,54,0.1,16.2,162,145.8,102.78,9.75,33.27,22.82,Bank Transfer,Completed,4
101,2024-12-24,2024,2024-12,52,101,Customer_0101,Non-binary,30,Bonn,North Rhine-Westphalia,Central Europe,Germany,2024-01-10,22,Product_22,Makeup,Concealer,3,106,0.1,31.8,318,286.2,128.19,9.75,148.26,51.8,Bank Transfer,Completed,4
101,2024-12-24,2024,2024-12,52,101,Customer_0101,Non-binary,30,Bonn,North Rhine-Westphalia,Central Europe,Germany,2024-01-10,27,Product_27,Makeup,Eyeshadow,4,28,0.13,14.56,112,97.44,175.88,11.0,-89.44,-91.79,Bank Transfer,Completed,4
292,2024-12-24,2024,2024-12,52,18,Customer_0018,Female,23,Casablanca,Casablanca-Settat,North Africa,Morocco,2023-01-26,50,Product_50,Skin,Cleanser,2,10,0.07,1.4,20,18.6,110.0,8.4,-99.8,-536.56,Bank Transfer,Completed,1
611,2024-12-24,2024,2024-12,52,105,Customer_0105,Female,58,Paris,Ile-de-France,Western Europe,France,2023-03-08,46,Product_46,Makeup,Concealer,2,89,0.07,12.46,178,165.54,88.88,10.5,66.16,39.97,Card,Completed,1
624,2024-12-24,2024,2024-12,52,78,Customer_0078,Female,33,Madrid,Madrid,Southern Europe,Spain,2023-07-14,10,Product_10,Hair,Styling,2,53,0.07,7.42,106,98.58,109.64,7.5,-18.56,-18.83,Bank Transfer,Completed,3
624,2024-12-24,2024,2024-12,52,78,Customer_0078,Female,33,Madrid,Madrid,Southern Europe,Spain,2023-07-14,43,Product_43,Hair,Conditioner,2,98,0.07,13.72,196,182.28,82.58,7.5,92.2,50.58,Bank Transfer,Completed,3
618,2024-12-25,2024,2024-12,52,53,Customer_0053,Non-binary,22,Annecy,Auvergne-Rhone-Alpes,Western Europe,France,2023-11-04,30,Product_30,Hair,Shampoo,3,28,0.1,8.4,84,75.6,142.98,10.75,-78.13,-103.35,Cash on Delivery,Completed,5
673,2024-12-26,2024,2024-12,52,53,Customer_0053,Non-binary,22,Annecy,Auvergne-Rhone-Alpes,Western Europe,France,2023-11-04,18,Product_18,Makeup,Foundation,2,44,0.07,6.16,88,81.84,84.64,8.5,-11.3,-13.81,Bank Transfer,Completed,5
759,2024-12-26,2024,2024-12,52,212,Customer_0212,Non-binary,28,Essaouira,Marrakesh-Safi,North Africa,Morocco,2023-08-09,37,Product_37,Makeup,Lipstick,4,93,0.13,48.36,372,0.0,0.0,14.56,0.0,0.0,Cash on Delivery,Cancelled,2
855,2024-12-26,2024,2024-12,52,291,Customer_0291,Female,48,Casablanca,Casablanca-Settat,North Africa,Morocco,2023-01-29,41,Product_41,Skin,Serum,3,64,0.1,19.2,192,172.8,127.41,13.16,32.23,18.65,Bank Transfer,Completed,2
855,2024-12-26,2024,2024-12,52,291,Customer_0291,Female,48,Casablanca,Casablanca-Settat,North Africa,Morocco,2023-01-29,44,Product_44,Body,Deodorant,1,42,0.05,2.1,42,39.9,36.66,10.36,-7.12,-17.84,Bank Transfer,Completed,2
855,2024-12-26,2024,2024-12,52,291,Customer_0291,Female,48,Casablanca,Casablanca-Settat,North Africa,Morocco,2023-01-29,49,Product_49,Makeup,Lipstick,5,19,0.13,12.35,95,82.65,173.35,15.96,-106.66,-129.05,Bank Transfer,Completed,2
128,2024-12-27,2024,2024-12,52,86,Customer_0086,Non-binary,48,Essaouira,Marrakesh-Safi,North Africa,Morocco,2024-02-17,27,Product_27,Makeup,Eyeshadow,4,23,0.13,11.96,92,80.04,175.88,11.2,-107.04,-133.73,Bank Transfer,Completed,3
128,2024-12-27,2024,2024-12,52,86,Customer_0086,Non-binary,48,Essaouira,Marrakesh-Safi,North Africa,Morocco,2024-02-17,31,Product_31,Body,Body Lotion,5,84,0.13,54.6,420,365.4,258.4,12.6,94.4,25.83,Bank Transfer,Completed,3
128,2024-12-27,2024,2024-12,52,86,Customer_0086,Non-binary,48,Essaouira,Marrakesh-Safi,North Africa,Morocco,2024-02-17,35,Product_35,Skin,Cleanser,5,34,0.13,22.1,170,147.9,248.4,12.6,-113.1,-76.47,Bank Transfer,Completed,3
646,2024-12-27,2024,2024-12,52,255,Customer_0255,Female,42,Paris,Ile-de-France,Western Europe,France,2023-09-30,14,Product_14,Body,Deodorant,5,63,0.13,40.95,315,0.0,0.0,13.25,0.0,0.0,Digital Wallet,Cancelled,1
973,2024-12-27,2024,2024-12,52,182,Customer_0182,Non-binary,23,Caserta,Campania,Southern Europe,Italy,2023-05-13,40,Product_40,Hair,Styling,2,45,0.07,6.3,90,83.7,100.04,8.5,-24.84,-29.68,Cash on Delivery,Completed,2
973,2024-12-27,2024,2024-12,52,182,Customer_0182,Non-binary,23,Caserta,Campania,Southern Europe,Italy,2023-05-13,50,Product_50,Skin,Cleanser,1,78,0.05,3.9,78,74.1,55.0,7.25,11.85,15.99,Cash on Delivery,Completed,2
147,2024-12-28,2024,2024-12,52,233,Customer_0233,Non-binary,52,Granada,Andalusia,Southern Europe,Spain,2023-05-29,20,Product_20,Hair,Hair Mask,3,112,0.1,33.6,336,302.4,148.77,11.75,141.88,46.92,Card,Completed,6
147,2024-12-28,2024,2024-12,52,233,Customer_0233,Non-binary,52,Granada,Andalusia,Southern Europe,Spain,2023-05-29,45,Product_45,Body,Body Wash,3,84,0.1,25.2,252,226.8,144.18,11.75,70.87,31.25,Card,Completed,6
419,2024-12-28,2024,2024-12,52,101,Customer_0101,Non-binary,30,Bonn,North Rhine-Westphalia,Central Europe,Germany,2024-01-10,28,Product_28,Hair,Styling,1,111,0.05,5.55,111,105.45,40.29,9.25,55.91,53.02,Card,Completed,4
419,2024-12-28,2024,2024-12,52,101,Customer_0101,Non-binary,30,Bonn,North Rhine-Westphalia,Central Europe,Germany,2024-01-10,38,Product_38,Makeup,Mascara,1,67,0.05,3.35,67,63.65,42.59,9.25,11.81,18.55,Card,Completed,4
437,2024-12-28,2024,2024-12,52,105,Customer_0105,Female,58,Paris,Ile-de-France,Western Europe,France,2023-03-08,38,Product_38,Makeup,Mascara,1,86,0.07,6.02,86,0.0,0.0,7.25,0.0,0.0,Bank Transfer,Returned,1
437,2024-12-28,2024,2024-12,52,105,Customer_0105,Female,58,Paris,Ile-de-France,Western Europe,France,2023-03-08,39,Product_39,Hair,Hair Oil,1,56,0.07,3.92,56,0.0,0.0,7.25,0.0,0.0,Bank Transfer,Returned,1
83,2024-12-29,2024,2024-12,52,289,Customer_0289,Male,34,Bergamo,Lombardy,Southern Europe,Italy,2023-05-28,19,Product_19,Makeup,Lipstick,4,46,0.13,23.92,184,160.08,137.04,13.0,10.04,6.27,Card,Completed,4
83,2024-12-29,2024,2024-12,52,289,Customer_0289,Male,34,Bergamo,Lombardy,Southern Europe,Italy,2023-05-28,29,Product_29,Makeup,Blush,3,34,0.1,10.2,102,91.8,98.7,11.75,-18.65,-20.32,Card,Completed,4
261,2024-12-29,2024,2024-12,52,27,Customer_0027,Female,45,Casablanca,Casablanca-Settat,North Africa,Morocco,2024-02-23,49,Product_49,Makeup,Lipstick,1,33,0.05,1.65,33,31.35,34.67,8.12,-11.44,-36.49,Card,Completed,1
691,2024-12-29,2024,2024-12,52,160,Customer_0160,Male,33,Nice,Provence-Alpes-Cote d'Azur,Western Europe,France,2023-05-11,1,Product_1,Body,Body Lotion,2,53,0.07,7.42,106,98.58,90.66,10.5,-2.58,-2.62,Cash on Delivery,Completed,4
691,2024-12-29,2024,2024-12,52,160,Customer_0160,Male,33,Nice,Provence-Alpes-Cote d'Azur,Western Europe,France,2023-05-11,13,Product_13,Skin,Sunscreen,3,70,0.1,21.0,210,189.0,137.73,11.75,39.52,20.91,Cash on Delivery,Completed,4
691,2024-12-29,2024,2024-12,52,160,Customer_0160,Male,33,Nice,Provence-Alpes-Cote d'Azur,Western Europe,France,2023-05-11,23,Product_23,Body,Hand Care,4,111,0.13,57.72,444,386.28,169.36,13.0,203.92,52.79,Cash on Delivery,Completed,4
922,2024-12-29,2024,2024-12,52,283,Customer_0283,Male,33,Bergamo,Lombardy,Southern Europe,Italy,2023-01-21,10,Product_10,Hair,Styling,4,81,0.13,42.12,324,0.0,0.0,12.0,0.0,0.0,Digital Wallet,Cancelled,2
227,2024-12-30,2024,2024-12,1,152,Customer_0152,Non-binary,59,Essaouira,Marrakesh-Safi,North Africa,Morocco,2023-09-15,17,Product_17,Hair,Scalp Care,2,89,0.07,12.46,178,165.54,89.1,11.76,64.68,39.07,Cash on Delivery,Completed,6
227,2024-12-30,2024,2024-12,1,152,Customer_0152,Non-binary,59,Essaouira,Marrakesh-Safi,North Africa,Morocco,2023-09-15,21,Product_21,Hair,Hair Oil,5,100,0.13,65.0,500,435.0,242.2,15.96,176.84,40.65,Cash on Delivery,Completed,6
227,2024-12-30,2024,2024-12,1,152,Customer_0152,Non-binary,59,Essaouira,Marrakesh-Safi,North Africa,Morocco,2023-09-15,47,Product_47,Hair,Scalp Care,4,95,0.13,49.4,380,330.6,181.68,14.56,134.36,40.64,Cash on Delivery,Completed,6
459,2024-12-30,2024,2024-12,1,279,Customer_0279,Female,46,Madrid,Madrid,Southern Europe,Spain,2024-01-25,6,Product_6,Body,Body Lotion,3,74,0.1,22.2,222,199.8,135.51,11.75,52.54,26.3,Bank Transfer,Completed,2
459,2024-12-30,2024,2024-12,1,279,Customer_0279,Female,46,Madrid,Madrid,Southern Europe,Spain,2024-01-25,26,Product_26,Makeup,Mascara,4,45,0.13,23.4,180,156.6,175.12,13.0,-31.52,-20.13,Bank Transfer,Completed,2
459,2024-12-30,2024,2024-12,1,279,Customer_0279,Female,46,Madrid,Madrid,Southern Europe,Spain,2024-01-25,33,Product_33,Hair,Hair Oil,1,64,0.05,3.2,64,60.8,42.98,9.25,8.57,14.1,Bank Transfer,Completed,2
